rule,se_p,se_g,rho,verdict,prob
R0_current,0.0,0.05,-0.75,missing,0.999
R0_current,0.0,0.05,-0.75,reversed,0.001
R1_half_bound,0.0,0.05,-0.75,reversed,1.0
R2_reorder,0.0,0.05,-0.75,missing,0.999
R2_reorder,0.0,0.05,-0.75,reversed,0.001
R3_interval,0.0,0.05,-0.75,reversed,1.0
R0_current,0.0,0.05,-0.725,missing,1.0
R1_half_bound,0.0,0.05,-0.725,reversed,1.0
R2_reorder,0.0,0.05,-0.725,missing,1.0
R3_interval,0.0,0.05,-0.725,reversed,1.0
R0_current,0.0,0.05,-0.7,missing,1.0
R1_half_bound,0.0,0.05,-0.7,reversed,1.0
R2_reorder,0.0,0.05,-0.7,missing,1.0
R3_interval,0.0,0.05,-0.7,reversed,1.0
R0_current,0.0,0.05,-0.675,missing,1.0
R1_half_bound,0.0,0.05,-0.675,reversed,1.0
R2_reorder,0.0,0.05,-0.675,missing,1.0
R3_interval,0.0,0.05,-0.675,reversed,1.0
R0_current,0.0,0.05,-0.65,missing,1.0
R1_half_bound,0.0,0.05,-0.65,reversed,1.0
R2_reorder,0.0,0.05,-0.65,missing,1.0
R3_interval,0.0,0.05,-0.65,reversed,1.0
R0_current,0.0,0.05,-0.625,missing,1.0
R1_half_bound,0.0,0.05,-0.625,reversed,1.0
R2_reorder,0.0,0.05,-0.625,missing,1.0
R3_interval,0.0,0.05,-0.625,reversed,1.0
R0_current,0.0,0.05,-0.6,missing,1.0
R1_half_bound,0.0,0.05,-0.6,reversed,1.0
R2_reorder,0.0,0.05,-0.6,missing,1.0
R3_interval,0.0,0.05,-0.6,reversed,1.0
R0_current,0.0,0.05,-0.575,missing,1.0
R1_half_bound,0.0,0.05,-0.575,reversed,0.99975
R1_half_bound,0.0,0.05,-0.575,missing,0.00025
R2_reorder,0.0,0.05,-0.575,missing,1.0
R3_interval,0.0,0.05,-0.575,reversed,1.0
R0_current,0.0,0.05,-0.55,missing,1.0
R1_half_bound,0.0,0.05,-0.55,reversed,0.996
R1_half_bound,0.0,0.05,-0.55,missing,0.004
R2_reorder,0.0,0.05,-0.55,missing,1.0
R3_interval,0.0,0.05,-0.55,reversed,0.99975
R3_interval,0.0,0.05,-0.55,reversed or missing,0.00025
R0_current,0.0,0.05,-0.525,missing,1.0
R1_half_bound,0.0,0.05,-0.525,reversed,0.984
R1_half_bound,0.0,0.05,-0.525,missing,0.016
R2_reorder,0.0,0.05,-0.525,missing,1.0
R3_interval,0.0,0.05,-0.525,reversed,1.0
R0_current,0.0,0.05,-0.5,missing,1.0
R1_half_bound,0.0,0.05,-0.5,reversed,0.95675
R1_half_bound,0.0,0.05,-0.5,missing,0.04325
R2_reorder,0.0,0.05,-0.5,missing,1.0
R3_interval,0.0,0.05,-0.5,reversed,1.0
R0_current,0.0,0.05,-0.475,missing,1.0
R1_half_bound,0.0,0.05,-0.475,reversed,0.88225
R1_half_bound,0.0,0.05,-0.475,missing,0.11775
R2_reorder,0.0,0.05,-0.475,missing,1.0
R3_interval,0.0,0.05,-0.475,reversed,0.9985
R3_interval,0.0,0.05,-0.475,reversed or missing,0.0015
R0_current,0.0,0.05,-0.45,missing,1.0
R1_half_bound,0.0,0.05,-0.45,reversed,0.74825
R1_half_bound,0.0,0.05,-0.45,missing,0.25175
R2_reorder,0.0,0.05,-0.45,missing,1.0
R3_interval,0.0,0.05,-0.45,reversed,0.98925
R3_interval,0.0,0.05,-0.45,reversed or missing,0.01075
R0_current,0.0,0.05,-0.425,missing,1.0
R1_half_bound,0.0,0.05,-0.425,reversed,0.56025
R1_half_bound,0.0,0.05,-0.425,missing,0.43975
R2_reorder,0.0,0.05,-0.425,missing,1.0
R3_interval,0.0,0.05,-0.425,reversed,0.97025
R3_interval,0.0,0.05,-0.425,reversed or missing,0.02975
R0_current,0.0,0.05,-0.4,missing,1.0
R1_half_bound,0.0,0.05,-0.4,missing,0.635
R1_half_bound,0.0,0.05,-0.4,reversed,0.365
R2_reorder,0.0,0.05,-0.4,missing,1.0
R3_interval,0.0,0.05,-0.4,reversed,0.915
R3_interval,0.0,0.05,-0.4,reversed or missing,0.085
R0_current,0.0,0.05,-0.375,missing,1.0
R1_half_bound,0.0,0.05,-0.375,missing,0.79525
R1_half_bound,0.0,0.05,-0.375,reversed,0.20475
R2_reorder,0.0,0.05,-0.375,missing,1.0
R3_interval,0.0,0.05,-0.375,reversed,0.805
R3_interval,0.0,0.05,-0.375,reversed or missing,0.195
R0_current,0.0,0.05,-0.35,missing,1.0
R1_half_bound,0.0,0.05,-0.35,missing,0.90775
R1_half_bound,0.0,0.05,-0.35,reversed,0.09225
R2_reorder,0.0,0.05,-0.35,missing,1.0
R3_interval,0.0,0.05,-0.35,reversed,0.64125
R3_interval,0.0,0.05,-0.35,reversed or missing,0.35875
R0_current,0.0,0.05,-0.325,missing,1.0
R1_half_bound,0.0,0.05,-0.325,missing,0.96875
R1_half_bound,0.0,0.05,-0.325,reversed,0.03125
R2_reorder,0.0,0.05,-0.325,missing,1.0
R3_interval,0.0,0.05,-0.325,reversed or missing,0.57025
R3_interval,0.0,0.05,-0.325,reversed,0.42825
R3_interval,0.0,0.05,-0.325,missing,0.0015
R0_current,0.0,0.05,-0.3,missing,1.0
R1_half_bound,0.0,0.05,-0.3,missing,0.99125
R1_half_bound,0.0,0.05,-0.3,reversed,0.00875
R2_reorder,0.0,0.05,-0.3,missing,1.0
R3_interval,0.0,0.05,-0.3,reversed or missing,0.748
R3_interval,0.0,0.05,-0.3,reversed,0.24725
R3_interval,0.0,0.05,-0.3,missing,0.00475
R0_current,0.0,0.05,-0.275,missing,1.0
R1_half_bound,0.0,0.05,-0.275,missing,0.997
R1_half_bound,0.0,0.05,-0.275,reversed,0.003
R2_reorder,0.0,0.05,-0.275,missing,1.0
R3_interval,0.0,0.05,-0.275,reversed or missing,0.86475
R3_interval,0.0,0.05,-0.275,reversed,0.12125
R3_interval,0.0,0.05,-0.275,missing,0.014
R0_current,0.0,0.05,-0.25,missing,1.0
R1_half_bound,0.0,0.05,-0.25,missing,1.0
R2_reorder,0.0,0.05,-0.25,missing,1.0
R3_interval,0.0,0.05,-0.25,reversed or missing,0.903
R3_interval,0.0,0.05,-0.25,missing,0.0525
R3_interval,0.0,0.05,-0.25,reversed,0.0445
R0_current,0.0,0.05,-0.225,missing,1.0
R1_half_bound,0.0,0.05,-0.225,missing,1.0
R2_reorder,0.0,0.05,-0.225,missing,1.0
R3_interval,0.0,0.05,-0.225,reversed or missing,0.86325
R3_interval,0.0,0.05,-0.225,missing,0.12275
R3_interval,0.0,0.05,-0.225,reversed,0.014
R0_current,0.0,0.05,-0.2,missing,1.0
R1_half_bound,0.0,0.05,-0.2,missing,1.0
R2_reorder,0.0,0.05,-0.2,missing,1.0
R3_interval,0.0,0.05,-0.2,reversed or missing,0.73125
R3_interval,0.0,0.05,-0.2,missing,0.2635
R3_interval,0.0,0.05,-0.2,reversed,0.00525
R0_current,0.0,0.05,-0.175,missing,1.0
R1_half_bound,0.0,0.05,-0.175,missing,1.0
R2_reorder,0.0,0.05,-0.175,missing,0.9995
R2_reorder,0.0,0.05,-0.175,flattened,0.0005
R3_interval,0.0,0.05,-0.175,reversed or missing,0.567
R3_interval,0.0,0.05,-0.175,missing,0.43275
R3_interval,0.0,0.05,-0.175,reversed,0.00025
R0_current,0.0,0.05,-0.15,missing,1.0
R1_half_bound,0.0,0.05,-0.15,missing,1.0
R2_reorder,0.0,0.05,-0.15,missing,0.9985
R2_reorder,0.0,0.05,-0.15,flattened,0.0015
R3_interval,0.0,0.05,-0.15,missing,0.63525
R3_interval,0.0,0.05,-0.15,reversed or missing,0.36475
R0_current,0.0,0.05,-0.125,missing,1.0
R1_half_bound,0.0,0.05,-0.125,missing,1.0
R2_reorder,0.0,0.05,-0.125,missing,0.99225
R2_reorder,0.0,0.05,-0.125,flattened,0.00775
R3_interval,0.0,0.05,-0.125,missing,0.80425
R3_interval,0.0,0.05,-0.125,reversed or missing,0.19575
R0_current,0.0,0.05,-0.1,missing,1.0
R1_half_bound,0.0,0.05,-0.1,missing,1.0
R2_reorder,0.0,0.05,-0.1,missing,0.977
R2_reorder,0.0,0.05,-0.1,flattened,0.023
R3_interval,0.0,0.05,-0.1,missing,0.91325
R3_interval,0.0,0.05,-0.1,reversed or missing,0.08675
R0_current,0.0,0.05,-0.075,missing,1.0
R1_half_bound,0.0,0.05,-0.075,missing,1.0
R2_reorder,0.0,0.05,-0.075,missing,0.9335
R2_reorder,0.0,0.05,-0.075,flattened,0.0665
R3_interval,0.0,0.05,-0.075,missing,0.967
R3_interval,0.0,0.05,-0.075,reversed or missing,0.033
R0_current,0.0,0.05,-0.05,missing,1.0
R1_half_bound,0.0,0.05,-0.05,missing,1.0
R2_reorder,0.0,0.05,-0.05,missing,0.84175
R2_reorder,0.0,0.05,-0.05,flattened,0.15825
R3_interval,0.0,0.05,-0.05,missing,0.991
R3_interval,0.0,0.05,-0.05,reversed or missing,0.009
R0_current,0.0,0.05,-0.025,missing,1.0
R1_half_bound,0.0,0.05,-0.025,missing,1.0
R2_reorder,0.0,0.05,-0.025,missing,0.70275
R2_reorder,0.0,0.05,-0.025,flattened,0.29725
R3_interval,0.0,0.05,-0.025,missing,0.99825
R3_interval,0.0,0.05,-0.025,reversed or missing,0.00175
R0_current,0.0,0.05,0.0,missing,1.0
R1_half_bound,0.0,0.05,0.0,missing,1.0
R2_reorder,0.0,0.05,0.0,flattened,0.50575
R2_reorder,0.0,0.05,0.0,missing,0.49425
R3_interval,0.0,0.05,0.0,missing,0.9995
R3_interval,0.0,0.05,0.0,reversed or missing,0.0005
R0_current,0.0,0.05,0.025,missing,1.0
R1_half_bound,0.0,0.05,0.025,missing,1.0
R2_reorder,0.0,0.05,0.025,flattened,0.687
R2_reorder,0.0,0.05,0.025,missing,0.313
R3_interval,0.0,0.05,0.025,missing,0.99825
R3_interval,0.0,0.05,0.025,missing or flattened,0.00175
R0_current,0.0,0.05,0.05,missing,1.0
R1_half_bound,0.0,0.05,0.05,missing,1.0
R2_reorder,0.0,0.05,0.05,flattened,0.84275
R2_reorder,0.0,0.05,0.05,missing,0.15725
R3_interval,0.0,0.05,0.05,missing,0.98925
R3_interval,0.0,0.05,0.05,missing or flattened,0.01075
R0_current,0.0,0.05,0.075,missing,1.0
R1_half_bound,0.0,0.05,0.075,missing,1.0
R2_reorder,0.0,0.05,0.075,flattened,0.93225
R2_reorder,0.0,0.05,0.075,missing,0.06775
R3_interval,0.0,0.05,0.075,missing,0.9695
R3_interval,0.0,0.05,0.075,missing or flattened,0.0305
R0_current,0.0,0.05,0.1,missing,1.0
R1_half_bound,0.0,0.05,0.1,missing,1.0
R2_reorder,0.0,0.05,0.1,flattened,0.978
R2_reorder,0.0,0.05,0.1,missing,0.022
R3_interval,0.0,0.05,0.1,missing,0.90025
R3_interval,0.0,0.05,0.1,missing or flattened,0.09975
R0_current,0.0,0.05,0.125,missing,1.0
R1_half_bound,0.0,0.05,0.125,missing,1.0
R2_reorder,0.0,0.05,0.125,flattened,0.99575
R2_reorder,0.0,0.05,0.125,missing,0.00425
R3_interval,0.0,0.05,0.125,missing,0.807
R3_interval,0.0,0.05,0.125,missing or flattened,0.19275
R3_interval,0.0,0.05,0.125,flattened,0.00025
R0_current,0.0,0.05,0.15,missing,1.0
R1_half_bound,0.0,0.05,0.15,missing,1.0
R2_reorder,0.0,0.05,0.15,flattened,0.99775
R2_reorder,0.0,0.05,0.15,missing,0.00225
R3_interval,0.0,0.05,0.15,missing,0.638
R3_interval,0.0,0.05,0.15,missing or flattened,0.36175
R3_interval,0.0,0.05,0.15,flattened,0.00025
R0_current,0.0,0.05,0.175,missing,1.0
R1_half_bound,0.0,0.05,0.175,missing,1.0
R2_reorder,0.0,0.05,0.175,flattened,0.99925
R2_reorder,0.0,0.05,0.175,missing,0.00075
R3_interval,0.0,0.05,0.175,missing or flattened,0.55925
R3_interval,0.0,0.05,0.175,missing,0.44
R3_interval,0.0,0.05,0.175,flattened,0.00075
R0_current,0.0,0.05,0.2,missing,1.0
R1_half_bound,0.0,0.05,0.2,missing,1.0
R2_reorder,0.0,0.05,0.2,flattened,0.99975
R2_reorder,0.0,0.05,0.2,missing,0.00025
R3_interval,0.0,0.05,0.2,missing or flattened,0.72775
R3_interval,0.0,0.05,0.2,missing,0.27025
R3_interval,0.0,0.05,0.2,flattened,0.002
R0_current,0.0,0.05,0.225,missing,1.0
R1_half_bound,0.0,0.05,0.225,missing,1.0
R2_reorder,0.0,0.05,0.225,flattened,1.0
R3_interval,0.0,0.05,0.225,missing or flattened,0.85575
R3_interval,0.0,0.05,0.225,missing,0.12375
R3_interval,0.0,0.05,0.225,flattened,0.0205
R0_current,0.0,0.05,0.25,missing,1.0
R1_half_bound,0.0,0.05,0.25,missing,0.999
R1_half_bound,0.0,0.05,0.25,flattened,0.001
R2_reorder,0.0,0.05,0.25,flattened,1.0
R3_interval,0.0,0.05,0.25,missing or flattened,0.8905
R3_interval,0.0,0.05,0.25,flattened,0.05625
R3_interval,0.0,0.05,0.25,missing,0.05325
R0_current,0.0,0.05,0.275,missing,1.0
R1_half_bound,0.0,0.05,0.275,missing,0.997
R1_half_bound,0.0,0.05,0.275,flattened,0.003
R2_reorder,0.0,0.05,0.275,flattened,1.0
R3_interval,0.0,0.05,0.275,missing or flattened,0.86025
R3_interval,0.0,0.05,0.275,flattened,0.12675
R3_interval,0.0,0.05,0.275,missing,0.013
R0_current,0.0,0.05,0.3,missing,1.0
R1_half_bound,0.0,0.05,0.3,missing,0.98875
R1_half_bound,0.0,0.05,0.3,flattened,0.01125
R2_reorder,0.0,0.05,0.3,flattened,1.0
R3_interval,0.0,0.05,0.3,missing or flattened,0.73375
R3_interval,0.0,0.05,0.3,flattened,0.26275
R3_interval,0.0,0.05,0.3,missing,0.0035
R0_current,0.0,0.05,0.325,missing,1.0
R1_half_bound,0.0,0.05,0.325,missing,0.9675
R1_half_bound,0.0,0.05,0.325,flattened,0.0325
R2_reorder,0.0,0.05,0.325,flattened,1.0
R3_interval,0.0,0.05,0.325,missing or flattened,0.5635
R3_interval,0.0,0.05,0.325,flattened,0.436
R3_interval,0.0,0.05,0.325,missing,0.0005
R0_current,0.0,0.05,0.35,missing,1.0
R1_half_bound,0.0,0.05,0.35,missing,0.916
R1_half_bound,0.0,0.05,0.35,flattened,0.084
R2_reorder,0.0,0.05,0.35,flattened,1.0
R3_interval,0.0,0.05,0.35,flattened,0.64575
R3_interval,0.0,0.05,0.35,missing or flattened,0.354
R3_interval,0.0,0.05,0.35,missing,0.00025
R0_current,0.0,0.05,0.375,missing,1.0
R1_half_bound,0.0,0.05,0.375,missing,0.81475
R1_half_bound,0.0,0.05,0.375,flattened,0.18525
R2_reorder,0.0,0.05,0.375,flattened,1.0
R3_interval,0.0,0.05,0.375,flattened,0.79325
R3_interval,0.0,0.05,0.375,missing or flattened,0.20675
R0_current,0.0,0.05,0.4,missing,1.0
R1_half_bound,0.0,0.05,0.4,missing,0.62775
R1_half_bound,0.0,0.05,0.4,flattened,0.37225
R2_reorder,0.0,0.05,0.4,flattened,1.0
R3_interval,0.0,0.05,0.4,flattened,0.9185
R3_interval,0.0,0.05,0.4,missing or flattened,0.0815
R0_current,0.0,0.05,0.425,missing,1.0
R1_half_bound,0.0,0.05,0.425,flattened,0.555
R1_half_bound,0.0,0.05,0.425,missing,0.445
R2_reorder,0.0,0.05,0.425,flattened,1.0
R3_interval,0.0,0.05,0.425,flattened,0.9665
R3_interval,0.0,0.05,0.425,missing or flattened,0.0335
R0_current,0.0,0.05,0.45,missing,1.0
R1_half_bound,0.0,0.05,0.45,flattened,0.73575
R1_half_bound,0.0,0.05,0.45,missing,0.26425
R2_reorder,0.0,0.05,0.45,flattened,1.0
R3_interval,0.0,0.05,0.45,flattened,0.99025
R3_interval,0.0,0.05,0.45,missing or flattened,0.00975
R0_current,0.0,0.05,0.475,missing,1.0
R1_half_bound,0.0,0.05,0.475,flattened,0.874
R1_half_bound,0.0,0.05,0.475,missing,0.126
R2_reorder,0.0,0.05,0.475,flattened,1.0
R3_interval,0.0,0.05,0.475,flattened,0.99725
R3_interval,0.0,0.05,0.475,missing or flattened,0.0025
R3_interval,0.0,0.05,0.475,flattened or kept,0.00025
R0_current,0.0,0.05,0.5,missing,1.0
R1_half_bound,0.0,0.05,0.5,flattened,0.95025
R1_half_bound,0.0,0.05,0.5,missing,0.04975
R2_reorder,0.0,0.05,0.5,flattened,1.0
R3_interval,0.0,0.05,0.5,flattened,0.99925
R3_interval,0.0,0.05,0.5,missing or flattened,0.0005
R3_interval,0.0,0.05,0.5,flattened or kept,0.00025
R0_current,0.0,0.05,0.525,missing,1.0
R1_half_bound,0.0,0.05,0.525,flattened,0.9815
R1_half_bound,0.0,0.05,0.525,missing,0.0185
R2_reorder,0.0,0.05,0.525,flattened,1.0
R3_interval,0.0,0.05,0.525,flattened,0.999
R3_interval,0.0,0.05,0.525,flattened or kept,0.001
R0_current,0.0,0.05,0.55,missing,1.0
R1_half_bound,0.0,0.05,0.55,flattened,0.9935
R1_half_bound,0.0,0.05,0.55,missing,0.0065
R2_reorder,0.0,0.05,0.55,flattened,1.0
R3_interval,0.0,0.05,0.55,flattened,0.99
R3_interval,0.0,0.05,0.55,flattened or kept,0.01
R0_current,0.0,0.05,0.575,missing,1.0
R1_half_bound,0.0,0.05,0.575,flattened,0.99875
R1_half_bound,0.0,0.05,0.575,missing,0.00125
R2_reorder,0.0,0.05,0.575,flattened,1.0
R3_interval,0.0,0.05,0.575,flattened,0.968
R3_interval,0.0,0.05,0.575,flattened or kept,0.032
R0_current,0.0,0.05,0.6,missing,1.0
R1_half_bound,0.0,0.05,0.6,flattened,1.0
R2_reorder,0.0,0.05,0.6,flattened,1.0
R3_interval,0.0,0.05,0.6,flattened,0.9065
R3_interval,0.0,0.05,0.6,flattened or kept,0.0935
R0_current,0.0,0.05,0.625,missing,1.0
R1_half_bound,0.0,0.05,0.625,flattened,1.0
R2_reorder,0.0,0.05,0.625,flattened,1.0
R3_interval,0.0,0.05,0.625,flattened,0.8045
R3_interval,0.0,0.05,0.625,flattened or kept,0.1955
R0_current,0.0,0.05,0.65,missing,1.0
R1_half_bound,0.0,0.05,0.65,flattened,1.0
R2_reorder,0.0,0.05,0.65,flattened,1.0
R3_interval,0.0,0.05,0.65,flattened,0.63225
R3_interval,0.0,0.05,0.65,flattened or kept,0.36775
R0_current,0.0,0.05,0.675,missing,0.99975
R0_current,0.0,0.05,0.675,kept,0.00025
R1_half_bound,0.0,0.05,0.675,flattened,0.99975
R1_half_bound,0.0,0.05,0.675,kept,0.00025
R2_reorder,0.0,0.05,0.675,flattened,0.99975
R2_reorder,0.0,0.05,0.675,kept,0.00025
R3_interval,0.0,0.05,0.675,flattened or kept,0.57175
R3_interval,0.0,0.05,0.675,flattened,0.42675
R3_interval,0.0,0.05,0.675,kept,0.0015
R0_current,0.0,0.05,0.7,missing,1.0
R1_half_bound,0.0,0.05,0.7,flattened,1.0
R2_reorder,0.0,0.05,0.7,flattened,1.0
R3_interval,0.0,0.05,0.7,flattened or kept,0.73475
R3_interval,0.0,0.05,0.7,flattened,0.2615
R3_interval,0.0,0.05,0.7,kept,0.00375
R0_current,0.0,0.05,0.725,missing,1.0
R1_half_bound,0.0,0.05,0.725,flattened,1.0
R2_reorder,0.0,0.05,0.725,flattened,1.0
R3_interval,0.0,0.05,0.725,flattened or kept,0.85475
R3_interval,0.0,0.05,0.725,flattened,0.12625
R3_interval,0.0,0.05,0.725,kept,0.019
R0_current,0.0,0.05,0.75,missing,0.999
R0_current,0.0,0.05,0.75,kept,0.001
R1_half_bound,0.0,0.05,0.75,flattened,0.999
R1_half_bound,0.0,0.05,0.75,kept,0.001
R2_reorder,0.0,0.05,0.75,flattened,0.999
R2_reorder,0.0,0.05,0.75,kept,0.001
R3_interval,0.0,0.05,0.75,flattened or kept,0.90425
R3_interval,0.0,0.05,0.75,kept,0.0495
R3_interval,0.0,0.05,0.75,flattened,0.04625
R0_current,0.0,0.05,0.775,missing,0.99525
R0_current,0.0,0.05,0.775,kept,0.00475
R1_half_bound,0.0,0.05,0.775,flattened,0.99525
R1_half_bound,0.0,0.05,0.775,kept,0.00475
R2_reorder,0.0,0.05,0.775,flattened,0.99525
R2_reorder,0.0,0.05,0.775,kept,0.00475
R3_interval,0.0,0.05,0.775,flattened or kept,0.8615
R3_interval,0.0,0.05,0.775,kept,0.12075
R3_interval,0.0,0.05,0.775,flattened,0.01775
R0_current,0.0,0.05,0.8,missing,0.97775
R0_current,0.0,0.05,0.8,kept,0.02225
R1_half_bound,0.0,0.05,0.8,flattened,0.97775
R1_half_bound,0.0,0.05,0.8,kept,0.02225
R2_reorder,0.0,0.05,0.8,flattened,0.97775
R2_reorder,0.0,0.05,0.8,kept,0.02225
R3_interval,0.0,0.05,0.8,flattened or kept,0.731
R3_interval,0.0,0.05,0.8,kept,0.26675
R3_interval,0.0,0.05,0.8,flattened,0.00225
R0_current,0.0,0.05,0.825,missing,0.9375
R0_current,0.0,0.05,0.825,kept,0.0625
R1_half_bound,0.0,0.05,0.825,flattened,0.9375
R1_half_bound,0.0,0.05,0.825,kept,0.0625
R2_reorder,0.0,0.05,0.825,flattened,0.9375
R2_reorder,0.0,0.05,0.825,kept,0.0625
R3_interval,0.0,0.05,0.825,flattened or kept,0.56075
R3_interval,0.0,0.05,0.825,kept,0.4385
R3_interval,0.0,0.05,0.825,flattened,0.00075
R0_current,0.0,0.05,0.85,missing,0.85225
R0_current,0.0,0.05,0.85,kept,0.14775
R1_half_bound,0.0,0.05,0.85,flattened,0.85225
R1_half_bound,0.0,0.05,0.85,kept,0.14775
R2_reorder,0.0,0.05,0.85,flattened,0.85225
R2_reorder,0.0,0.05,0.85,kept,0.14775
R3_interval,0.0,0.05,0.85,kept,0.6365
R3_interval,0.0,0.05,0.85,flattened or kept,0.363
R3_interval,0.0,0.05,0.85,flattened,0.0005
R0_current,0.0,0.05,0.875,missing,0.70625
R0_current,0.0,0.05,0.875,kept,0.29375
R1_half_bound,0.0,0.05,0.875,flattened,0.70625
R1_half_bound,0.0,0.05,0.875,kept,0.29375
R2_reorder,0.0,0.05,0.875,flattened,0.70625
R2_reorder,0.0,0.05,0.875,kept,0.29375
R3_interval,0.0,0.05,0.875,kept,0.79775
R3_interval,0.0,0.05,0.875,flattened or kept,0.20225
R0_current,0.0,0.05,0.9,missing,0.513
R0_current,0.0,0.05,0.9,kept,0.487
R1_half_bound,0.0,0.05,0.9,flattened,0.513
R1_half_bound,0.0,0.05,0.9,kept,0.487
R2_reorder,0.0,0.05,0.9,flattened,0.513
R2_reorder,0.0,0.05,0.9,kept,0.487
R3_interval,0.0,0.05,0.9,kept,0.9125
R3_interval,0.0,0.05,0.9,flattened or kept,0.0875
R0_current,0.0,0.05,0.925,kept,0.68425
R0_current,0.0,0.05,0.925,missing,0.3155
R0_current,0.0,0.05,0.925,steepened,0.00025
R1_half_bound,0.0,0.05,0.925,kept,0.68425
R1_half_bound,0.0,0.05,0.925,flattened,0.3155
R1_half_bound,0.0,0.05,0.925,steepened,0.00025
R2_reorder,0.0,0.05,0.925,kept,0.68425
R2_reorder,0.0,0.05,0.925,flattened,0.3155
R2_reorder,0.0,0.05,0.925,steepened,0.00025
R3_interval,0.0,0.05,0.925,kept,0.96825
R3_interval,0.0,0.05,0.925,flattened or kept,0.03175
R0_current,0.0,0.05,0.95,kept,0.83825
R0_current,0.0,0.05,0.95,missing,0.161
R0_current,0.0,0.05,0.95,steepened,0.00075
R1_half_bound,0.0,0.05,0.95,kept,0.83825
R1_half_bound,0.0,0.05,0.95,flattened,0.161
R1_half_bound,0.0,0.05,0.95,steepened,0.00075
R2_reorder,0.0,0.05,0.95,kept,0.83825
R2_reorder,0.0,0.05,0.95,flattened,0.161
R2_reorder,0.0,0.05,0.95,steepened,0.00075
R3_interval,0.0,0.05,0.95,kept,0.98925
R3_interval,0.0,0.05,0.95,flattened or kept,0.01075
R0_current,0.0,0.05,0.975,kept,0.9255
R0_current,0.0,0.05,0.975,missing,0.06725
R0_current,0.0,0.05,0.975,steepened,0.00725
R1_half_bound,0.0,0.05,0.975,kept,0.9255
R1_half_bound,0.0,0.05,0.975,flattened,0.06725
R1_half_bound,0.0,0.05,0.975,steepened,0.00725
R2_reorder,0.0,0.05,0.975,kept,0.9255
R2_reorder,0.0,0.05,0.975,flattened,0.06725
R2_reorder,0.0,0.05,0.975,steepened,0.00725
R3_interval,0.0,0.05,0.975,kept,0.99775
R3_interval,0.0,0.05,0.975,flattened or kept,0.00225
R0_current,0.0,0.05,1.0,kept,0.95175
R0_current,0.0,0.05,1.0,missing,0.0245
R0_current,0.0,0.05,1.0,steepened,0.02375
R1_half_bound,0.0,0.05,1.0,kept,0.95175
R1_half_bound,0.0,0.05,1.0,flattened,0.0245
R1_half_bound,0.0,0.05,1.0,steepened,0.02375
R2_reorder,0.0,0.05,1.0,kept,0.95175
R2_reorder,0.0,0.05,1.0,flattened,0.0245
R2_reorder,0.0,0.05,1.0,steepened,0.02375
R3_interval,0.0,0.05,1.0,kept,0.99925
R3_interval,0.0,0.05,1.0,kept or steepened,0.0005
R3_interval,0.0,0.05,1.0,flattened or kept,0.00025
R0_current,0.0,0.05,1.025,kept,0.92375
R0_current,0.0,0.05,1.025,steepened,0.06975
R0_current,0.0,0.05,1.025,missing,0.0065
R1_half_bound,0.0,0.05,1.025,kept,0.92375
R1_half_bound,0.0,0.05,1.025,steepened,0.06975
R1_half_bound,0.0,0.05,1.025,flattened,0.0065
R2_reorder,0.0,0.05,1.025,kept,0.92375
R2_reorder,0.0,0.05,1.025,steepened,0.06975
R2_reorder,0.0,0.05,1.025,flattened,0.0065
R3_interval,0.0,0.05,1.025,kept,0.99825
R3_interval,0.0,0.05,1.025,kept or steepened,0.00175
R0_current,0.0,0.05,1.05,kept,0.8275
R0_current,0.0,0.05,1.05,steepened,0.17125
R0_current,0.0,0.05,1.05,missing,0.00125
R1_half_bound,0.0,0.05,1.05,kept,0.8275
R1_half_bound,0.0,0.05,1.05,steepened,0.17125
R1_half_bound,0.0,0.05,1.05,flattened,0.00125
R2_reorder,0.0,0.05,1.05,kept,0.8275
R2_reorder,0.0,0.05,1.05,steepened,0.17125
R2_reorder,0.0,0.05,1.05,flattened,0.00125
R3_interval,0.0,0.05,1.05,kept,0.98875
R3_interval,0.0,0.05,1.05,kept or steepened,0.01125
R0_current,0.0,0.05,1.075,kept,0.67975
R0_current,0.0,0.05,1.075,steepened,0.32025
R1_half_bound,0.0,0.05,1.075,kept,0.67975
R1_half_bound,0.0,0.05,1.075,steepened,0.32025
R2_reorder,0.0,0.05,1.075,kept,0.67975
R2_reorder,0.0,0.05,1.075,steepened,0.32025
R3_interval,0.0,0.05,1.075,kept,0.9625
R3_interval,0.0,0.05,1.075,kept or steepened,0.0375
R0_current,0.0,0.05,1.1,steepened,0.5225
R0_current,0.0,0.05,1.1,kept,0.4775
R1_half_bound,0.0,0.05,1.1,steepened,0.5225
R1_half_bound,0.0,0.05,1.1,kept,0.4775
R2_reorder,0.0,0.05,1.1,steepened,0.5225
R2_reorder,0.0,0.05,1.1,kept,0.4775
R3_interval,0.0,0.05,1.1,kept,0.91725
R3_interval,0.0,0.05,1.1,kept or steepened,0.08275
R0_current,0.0,0.05,1.125,steepened,0.69175
R0_current,0.0,0.05,1.125,kept,0.30825
R1_half_bound,0.0,0.05,1.125,steepened,0.69175
R1_half_bound,0.0,0.05,1.125,kept,0.30825
R2_reorder,0.0,0.05,1.125,steepened,0.69175
R2_reorder,0.0,0.05,1.125,kept,0.30825
R3_interval,0.0,0.05,1.125,kept,0.79975
R3_interval,0.0,0.05,1.125,kept or steepened,0.2
R3_interval,0.0,0.05,1.125,steepened,0.00025
R0_current,0.0,0.05,1.15,steepened,0.8475
R0_current,0.0,0.05,1.15,kept,0.1525
R1_half_bound,0.0,0.05,1.15,steepened,0.8475
R1_half_bound,0.0,0.05,1.15,kept,0.1525
R2_reorder,0.0,0.05,1.15,steepened,0.8475
R2_reorder,0.0,0.05,1.15,kept,0.1525
R3_interval,0.0,0.05,1.15,kept,0.64075
R3_interval,0.0,0.05,1.15,kept or steepened,0.35875
R3_interval,0.0,0.05,1.15,steepened,0.0005
R0_current,0.0,0.05,1.175,steepened,0.939
R0_current,0.0,0.05,1.175,kept,0.061
R1_half_bound,0.0,0.05,1.175,steepened,0.939
R1_half_bound,0.0,0.05,1.175,kept,0.061
R2_reorder,0.0,0.05,1.175,steepened,0.939
R2_reorder,0.0,0.05,1.175,kept,0.061
R3_interval,0.0,0.05,1.175,kept or steepened,0.57525
R3_interval,0.0,0.05,1.175,kept,0.42325
R3_interval,0.0,0.05,1.175,steepened,0.0015
R0_current,0.0,0.05,1.2,steepened,0.977
R0_current,0.0,0.05,1.2,kept,0.023
R1_half_bound,0.0,0.05,1.2,steepened,0.977
R1_half_bound,0.0,0.05,1.2,kept,0.023
R2_reorder,0.0,0.05,1.2,steepened,0.977
R2_reorder,0.0,0.05,1.2,kept,0.023
R3_interval,0.0,0.05,1.2,kept or steepened,0.73675
R3_interval,0.0,0.05,1.2,kept,0.2585
R3_interval,0.0,0.05,1.2,steepened,0.00475
R0_current,0.0,0.05,1.225,steepened,0.99275
R0_current,0.0,0.05,1.225,kept,0.00725
R1_half_bound,0.0,0.05,1.225,steepened,0.99275
R1_half_bound,0.0,0.05,1.225,kept,0.00725
R2_reorder,0.0,0.05,1.225,steepened,0.99275
R2_reorder,0.0,0.05,1.225,kept,0.00725
R3_interval,0.0,0.05,1.225,kept or steepened,0.85275
R3_interval,0.0,0.05,1.225,kept,0.13425
R3_interval,0.0,0.05,1.225,steepened,0.013
R0_current,0.0,0.05,1.25,steepened,0.99825
R0_current,0.0,0.05,1.25,kept,0.00175
R1_half_bound,0.0,0.05,1.25,steepened,0.99825
R1_half_bound,0.0,0.05,1.25,kept,0.00175
R2_reorder,0.0,0.05,1.25,steepened,0.99825
R2_reorder,0.0,0.05,1.25,kept,0.00175
R3_interval,0.0,0.05,1.25,kept or steepened,0.89825
R3_interval,0.0,0.05,1.25,steepened,0.05375
R3_interval,0.0,0.05,1.25,kept,0.048
R0_current,0.0,0.05,1.275,steepened,0.99975
R0_current,0.0,0.05,1.275,kept,0.00025
R1_half_bound,0.0,0.05,1.275,steepened,0.99975
R1_half_bound,0.0,0.05,1.275,kept,0.00025
R2_reorder,0.0,0.05,1.275,steepened,0.99975
R2_reorder,0.0,0.05,1.275,kept,0.00025
R3_interval,0.0,0.05,1.275,kept or steepened,0.859
R3_interval,0.0,0.05,1.275,steepened,0.12475
R3_interval,0.0,0.05,1.275,kept,0.01625
R0_current,0.0,0.05,1.3,steepened,1.0
R1_half_bound,0.0,0.05,1.3,steepened,1.0
R2_reorder,0.0,0.05,1.3,steepened,1.0
R3_interval,0.0,0.05,1.3,kept or steepened,0.73
R3_interval,0.0,0.05,1.3,steepened,0.26575
R3_interval,0.0,0.05,1.3,kept,0.00425
R0_current,0.0,0.05,1.325,steepened,1.0
R1_half_bound,0.0,0.05,1.325,steepened,1.0
R2_reorder,0.0,0.05,1.325,steepened,1.0
R3_interval,0.0,0.05,1.325,kept or steepened,0.5575
R3_interval,0.0,0.05,1.325,steepened,0.4415
R3_interval,0.0,0.05,1.325,kept,0.001
R0_current,0.0,0.05,1.35,steepened,1.0
R1_half_bound,0.0,0.05,1.35,steepened,1.0
R2_reorder,0.0,0.05,1.35,steepened,1.0
R3_interval,0.0,0.05,1.35,steepened,0.646
R3_interval,0.0,0.05,1.35,kept or steepened,0.35325
R3_interval,0.0,0.05,1.35,kept,0.00075
R0_current,0.0,0.05,1.375,steepened,1.0
R1_half_bound,0.0,0.05,1.375,steepened,1.0
R2_reorder,0.0,0.05,1.375,steepened,1.0
R3_interval,0.0,0.05,1.375,steepened,0.79125
R3_interval,0.0,0.05,1.375,kept or steepened,0.20875
R0_current,0.0,0.05,1.4,steepened,1.0
R1_half_bound,0.0,0.05,1.4,steepened,1.0
R2_reorder,0.0,0.05,1.4,steepened,1.0
R3_interval,0.0,0.05,1.4,steepened,0.9215
R3_interval,0.0,0.05,1.4,kept or steepened,0.0785
R0_current,0.0,0.05,1.425,steepened,1.0
R1_half_bound,0.0,0.05,1.425,steepened,1.0
R2_reorder,0.0,0.05,1.425,steepened,1.0
R3_interval,0.0,0.05,1.425,steepened,0.969
R3_interval,0.0,0.05,1.425,kept or steepened,0.031
R0_current,0.0,0.05,1.45,steepened,1.0
R1_half_bound,0.0,0.05,1.45,steepened,1.0
R2_reorder,0.0,0.05,1.45,steepened,1.0
R3_interval,0.0,0.05,1.45,steepened,0.99125
R3_interval,0.0,0.05,1.45,kept or steepened,0.00875
R0_current,0.0,0.05,1.475,steepened,1.0
R1_half_bound,0.0,0.05,1.475,steepened,1.0
R2_reorder,0.0,0.05,1.475,steepened,1.0
R3_interval,0.0,0.05,1.475,steepened,0.9975
R3_interval,0.0,0.05,1.475,kept or steepened,0.0025
R0_current,0.0,0.05,1.5,steepened,1.0
R1_half_bound,0.0,0.05,1.5,steepened,1.0
R2_reorder,0.0,0.05,1.5,steepened,1.0
R3_interval,0.0,0.05,1.5,steepened,0.999
R3_interval,0.0,0.05,1.5,kept or steepened,0.001
R0_current,0.0,0.05,1.525,steepened,1.0
R1_half_bound,0.0,0.05,1.525,steepened,1.0
R2_reorder,0.0,0.05,1.525,steepened,1.0
R3_interval,0.0,0.05,1.525,steepened,1.0
R0_current,0.0,0.05,1.55,steepened,1.0
R1_half_bound,0.0,0.05,1.55,steepened,1.0
R2_reorder,0.0,0.05,1.55,steepened,1.0
R3_interval,0.0,0.05,1.55,steepened,1.0
R0_current,0.0,0.05,1.575,steepened,1.0
R1_half_bound,0.0,0.05,1.575,steepened,1.0
R2_reorder,0.0,0.05,1.575,steepened,1.0
R3_interval,0.0,0.05,1.575,steepened,1.0
R0_current,0.0,0.05,1.6,steepened,1.0
R1_half_bound,0.0,0.05,1.6,steepened,1.0
R2_reorder,0.0,0.05,1.6,steepened,1.0
R3_interval,0.0,0.05,1.6,steepened,1.0
R0_current,0.0,0.05,1.625,steepened,1.0
R1_half_bound,0.0,0.05,1.625,steepened,1.0
R2_reorder,0.0,0.05,1.625,steepened,1.0
R3_interval,0.0,0.05,1.625,steepened,1.0
R0_current,0.0,0.05,1.65,steepened,1.0
R1_half_bound,0.0,0.05,1.65,steepened,1.0
R2_reorder,0.0,0.05,1.65,steepened,1.0
R3_interval,0.0,0.05,1.65,steepened,1.0
R0_current,0.0,0.05,1.675,steepened,1.0
R1_half_bound,0.0,0.05,1.675,steepened,1.0
R2_reorder,0.0,0.05,1.675,steepened,1.0
R3_interval,0.0,0.05,1.675,steepened,1.0
R0_current,0.0,0.05,1.7,steepened,1.0
R1_half_bound,0.0,0.05,1.7,steepened,1.0
R2_reorder,0.0,0.05,1.7,steepened,1.0
R3_interval,0.0,0.05,1.7,steepened,1.0
R0_current,0.0,0.05,1.725,steepened,1.0
R1_half_bound,0.0,0.05,1.725,steepened,1.0
R2_reorder,0.0,0.05,1.725,steepened,1.0
R3_interval,0.0,0.05,1.725,steepened,1.0
R0_current,0.0,0.05,1.75,steepened,1.0
R1_half_bound,0.0,0.05,1.75,steepened,1.0
R2_reorder,0.0,0.05,1.75,steepened,1.0
R3_interval,0.0,0.05,1.75,steepened,1.0
R0_current,0.0,0.05,1.775,steepened,1.0
R1_half_bound,0.0,0.05,1.775,steepened,1.0
R2_reorder,0.0,0.05,1.775,steepened,1.0
R3_interval,0.0,0.05,1.775,steepened,1.0
R0_current,0.0,0.05,1.8,steepened,1.0
R1_half_bound,0.0,0.05,1.8,steepened,1.0
R2_reorder,0.0,0.05,1.8,steepened,1.0
R3_interval,0.0,0.05,1.8,steepened,1.0
R0_current,0.0,0.05,1.825,steepened,1.0
R1_half_bound,0.0,0.05,1.825,steepened,1.0
R2_reorder,0.0,0.05,1.825,steepened,1.0
R3_interval,0.0,0.05,1.825,steepened,1.0
R0_current,0.0,0.05,1.85,steepened,1.0
R1_half_bound,0.0,0.05,1.85,steepened,1.0
R2_reorder,0.0,0.05,1.85,steepened,1.0
R3_interval,0.0,0.05,1.85,steepened,1.0
R0_current,0.0,0.05,1.875,steepened,1.0
R1_half_bound,0.0,0.05,1.875,steepened,1.0
R2_reorder,0.0,0.05,1.875,steepened,1.0
R3_interval,0.0,0.05,1.875,steepened,1.0
R0_current,0.0,0.05,1.9,steepened,1.0
R1_half_bound,0.0,0.05,1.9,steepened,1.0
R2_reorder,0.0,0.05,1.9,steepened,1.0
R3_interval,0.0,0.05,1.9,steepened,1.0
R0_current,0.0,0.05,1.925,steepened,1.0
R1_half_bound,0.0,0.05,1.925,steepened,1.0
R2_reorder,0.0,0.05,1.925,steepened,1.0
R3_interval,0.0,0.05,1.925,steepened,1.0
R0_current,0.0,0.05,1.95,steepened,1.0
R1_half_bound,0.0,0.05,1.95,steepened,1.0
R2_reorder,0.0,0.05,1.95,steepened,1.0
R3_interval,0.0,0.05,1.95,steepened,1.0
R0_current,0.0,0.05,1.975,steepened,1.0
R1_half_bound,0.0,0.05,1.975,steepened,1.0
R2_reorder,0.0,0.05,1.975,steepened,1.0
R3_interval,0.0,0.05,1.975,steepened,1.0
R0_current,0.0,0.05,2.0,steepened,1.0
R1_half_bound,0.0,0.05,2.0,steepened,1.0
R2_reorder,0.0,0.05,2.0,steepened,1.0
R3_interval,0.0,0.05,2.0,steepened,1.0
R0_current,0.0,0.1,-0.75,missing,0.79775
R0_current,0.0,0.1,-0.75,reversed,0.20225
R1_half_bound,0.0,0.1,-0.75,reversed,0.99975
R1_half_bound,0.0,0.1,-0.75,missing,0.00025
R2_reorder,0.0,0.1,-0.75,missing,0.79775
R2_reorder,0.0,0.1,-0.75,reversed,0.20225
R3_interval,0.0,0.1,-0.75,reversed,0.9995
R3_interval,0.0,0.1,-0.75,reversed or missing,0.0005
R0_current,0.0,0.1,-0.725,missing,0.87525
R0_current,0.0,0.1,-0.725,reversed,0.12475
R1_half_bound,0.0,0.1,-0.725,reversed,1.0
R2_reorder,0.0,0.1,-0.725,missing,0.87525
R2_reorder,0.0,0.1,-0.725,reversed,0.12475
R3_interval,0.0,0.1,-0.725,reversed,0.9995
R3_interval,0.0,0.1,-0.725,reversed or missing,0.0005
R0_current,0.0,0.1,-0.7,missing,0.91025
R0_current,0.0,0.1,-0.7,reversed,0.08975
R1_half_bound,0.0,0.1,-0.7,reversed,0.99975
R1_half_bound,0.0,0.1,-0.7,missing,0.00025
R2_reorder,0.0,0.1,-0.7,missing,0.91025
R2_reorder,0.0,0.1,-0.7,reversed,0.08975
R3_interval,0.0,0.1,-0.7,reversed,0.99725
R3_interval,0.0,0.1,-0.7,reversed or missing,0.00275
R0_current,0.0,0.1,-0.675,missing,0.942
R0_current,0.0,0.1,-0.675,reversed,0.058
R1_half_bound,0.0,0.1,-0.675,reversed,0.99925
R1_half_bound,0.0,0.1,-0.675,missing,0.00075
R2_reorder,0.0,0.1,-0.675,missing,0.942
R2_reorder,0.0,0.1,-0.675,reversed,0.058
R3_interval,0.0,0.1,-0.675,reversed,0.99325
R3_interval,0.0,0.1,-0.675,reversed or missing,0.00675
R0_current,0.0,0.1,-0.65,missing,0.97125
R0_current,0.0,0.1,-0.65,reversed,0.02875
R1_half_bound,0.0,0.1,-0.65,reversed,0.99925
R1_half_bound,0.0,0.1,-0.65,missing,0.00075
R2_reorder,0.0,0.1,-0.65,missing,0.97125
R2_reorder,0.0,0.1,-0.65,reversed,0.02875
R3_interval,0.0,0.1,-0.65,reversed,0.9895
R3_interval,0.0,0.1,-0.65,reversed or missing,0.0105
R0_current,0.0,0.1,-0.625,missing,0.98775
R0_current,0.0,0.1,-0.625,reversed,0.01225
R1_half_bound,0.0,0.1,-0.625,reversed,0.99875
R1_half_bound,0.0,0.1,-0.625,missing,0.00125
R2_reorder,0.0,0.1,-0.625,missing,0.98775
R2_reorder,0.0,0.1,-0.625,reversed,0.01225
R3_interval,0.0,0.1,-0.625,reversed,0.981
R3_interval,0.0,0.1,-0.625,reversed or missing,0.019
R0_current,0.0,0.1,-0.6,missing,0.991
R0_current,0.0,0.1,-0.6,reversed,0.009
R1_half_bound,0.0,0.1,-0.6,reversed,0.995
R1_half_bound,0.0,0.1,-0.6,missing,0.005
R2_reorder,0.0,0.1,-0.6,missing,0.991
R2_reorder,0.0,0.1,-0.6,reversed,0.009
R3_interval,0.0,0.1,-0.6,reversed,0.967
R3_interval,0.0,0.1,-0.6,reversed or missing,0.033
R0_current,0.0,0.1,-0.575,missing,0.99675
R0_current,0.0,0.1,-0.575,reversed,0.00325
R1_half_bound,0.0,0.1,-0.575,reversed,0.9935
R1_half_bound,0.0,0.1,-0.575,missing,0.0065
R2_reorder,0.0,0.1,-0.575,missing,0.99675
R2_reorder,0.0,0.1,-0.575,reversed,0.00325
R3_interval,0.0,0.1,-0.575,reversed,0.9455
R3_interval,0.0,0.1,-0.575,reversed or missing,0.0545
R0_current,0.0,0.1,-0.55,missing,0.998
R0_current,0.0,0.1,-0.55,reversed,0.002
R1_half_bound,0.0,0.1,-0.55,reversed,0.98525
R1_half_bound,0.0,0.1,-0.55,missing,0.01475
R2_reorder,0.0,0.1,-0.55,missing,0.998
R2_reorder,0.0,0.1,-0.55,reversed,0.002
R3_interval,0.0,0.1,-0.55,reversed,0.90475
R3_interval,0.0,0.1,-0.55,reversed or missing,0.09525
R0_current,0.0,0.1,-0.525,missing,0.99925
R0_current,0.0,0.1,-0.525,reversed,0.00075
R1_half_bound,0.0,0.1,-0.525,reversed,0.97225
R1_half_bound,0.0,0.1,-0.525,missing,0.02775
R2_reorder,0.0,0.1,-0.525,missing,0.99925
R2_reorder,0.0,0.1,-0.525,reversed,0.00075
R3_interval,0.0,0.1,-0.525,reversed,0.8605
R3_interval,0.0,0.1,-0.525,reversed or missing,0.1395
R0_current,0.0,0.1,-0.5,missing,0.9995
R0_current,0.0,0.1,-0.5,reversed,0.0005
R1_half_bound,0.0,0.1,-0.5,reversed,0.95475
R1_half_bound,0.0,0.1,-0.5,missing,0.04525
R2_reorder,0.0,0.1,-0.5,missing,0.9995
R2_reorder,0.0,0.1,-0.5,reversed,0.0005
R3_interval,0.0,0.1,-0.5,reversed,0.802
R3_interval,0.0,0.1,-0.5,reversed or missing,0.198
R0_current,0.0,0.1,-0.475,missing,1.0
R1_half_bound,0.0,0.1,-0.475,reversed,0.92125
R1_half_bound,0.0,0.1,-0.475,missing,0.07875
R2_reorder,0.0,0.1,-0.475,missing,1.0
R3_interval,0.0,0.1,-0.475,reversed,0.72025
R3_interval,0.0,0.1,-0.475,reversed or missing,0.2795
R3_interval,0.0,0.1,-0.475,missing,0.00025
R0_current,0.0,0.1,-0.45,missing,0.99975
R0_current,0.0,0.1,-0.45,reversed,0.00025
R1_half_bound,0.0,0.1,-0.45,reversed,0.87575
R1_half_bound,0.0,0.1,-0.45,missing,0.12425
R2_reorder,0.0,0.1,-0.45,missing,0.99975
R2_reorder,0.0,0.1,-0.45,reversed,0.00025
R3_interval,0.0,0.1,-0.45,reversed,0.63725
R3_interval,0.0,0.1,-0.45,reversed or missing,0.36225
R3_interval,0.0,0.1,-0.45,missing,0.0005
R0_current,0.0,0.1,-0.425,missing,1.0
R1_half_bound,0.0,0.1,-0.425,reversed,0.80975
R1_half_bound,0.0,0.1,-0.425,missing,0.19025
R2_reorder,0.0,0.1,-0.425,missing,1.0
R3_interval,0.0,0.1,-0.425,reversed,0.5255
R3_interval,0.0,0.1,-0.425,reversed or missing,0.47425
R3_interval,0.0,0.1,-0.425,missing,0.00025
R0_current,0.0,0.1,-0.4,missing,1.0
R1_half_bound,0.0,0.1,-0.4,reversed,0.7485
R1_half_bound,0.0,0.1,-0.4,missing,0.2515
R2_reorder,0.0,0.1,-0.4,missing,1.0
R3_interval,0.0,0.1,-0.4,reversed or missing,0.555
R3_interval,0.0,0.1,-0.4,reversed,0.44425
R3_interval,0.0,0.1,-0.4,missing,0.00075
R0_current,0.0,0.1,-0.375,missing,1.0
R1_half_bound,0.0,0.1,-0.375,reversed,0.66125
R1_half_bound,0.0,0.1,-0.375,missing,0.33875
R2_reorder,0.0,0.1,-0.375,missing,1.0
R3_interval,0.0,0.1,-0.375,reversed or missing,0.652
R3_interval,0.0,0.1,-0.375,reversed,0.34575
R3_interval,0.0,0.1,-0.375,missing,0.00225
R0_current,0.0,0.1,-0.35,missing,1.0
R1_half_bound,0.0,0.1,-0.35,reversed,0.545
R1_half_bound,0.0,0.1,-0.35,missing,0.455
R2_reorder,0.0,0.1,-0.35,missing,0.999
R2_reorder,0.0,0.1,-0.35,flattened,0.001
R3_interval,0.0,0.1,-0.35,reversed or missing,0.74825
R3_interval,0.0,0.1,-0.35,reversed,0.247
R3_interval,0.0,0.1,-0.35,missing,0.00475
R0_current,0.0,0.1,-0.325,missing,1.0
R1_half_bound,0.0,0.1,-0.325,missing,0.54775
R1_half_bound,0.0,0.1,-0.325,reversed,0.45225
R2_reorder,0.0,0.1,-0.325,missing,0.999
R2_reorder,0.0,0.1,-0.325,flattened,0.001
R3_interval,0.0,0.1,-0.325,reversed or missing,0.81475
R3_interval,0.0,0.1,-0.325,reversed,0.17925
R3_interval,0.0,0.1,-0.325,missing,0.006
R0_current,0.0,0.1,-0.3,missing,1.0
R1_half_bound,0.0,0.1,-0.3,missing,0.6425
R1_half_bound,0.0,0.1,-0.3,reversed,0.3575
R2_reorder,0.0,0.1,-0.3,missing,0.99875
R2_reorder,0.0,0.1,-0.3,flattened,0.00125
R3_interval,0.0,0.1,-0.3,reversed or missing,0.8625
R3_interval,0.0,0.1,-0.3,reversed,0.12075
R3_interval,0.0,0.1,-0.3,missing,0.01675
R0_current,0.0,0.1,-0.275,missing,1.0
R1_half_bound,0.0,0.1,-0.275,missing,0.72325
R1_half_bound,0.0,0.1,-0.275,reversed,0.27675
R2_reorder,0.0,0.1,-0.275,missing,0.9975
R2_reorder,0.0,0.1,-0.275,flattened,0.0025
R3_interval,0.0,0.1,-0.275,reversed or missing,0.89475
R3_interval,0.0,0.1,-0.275,reversed,0.077
R3_interval,0.0,0.1,-0.275,missing,0.02825
R0_current,0.0,0.1,-0.25,missing,1.0
R1_half_bound,0.0,0.1,-0.25,missing,0.8115
R1_half_bound,0.0,0.1,-0.25,reversed,0.1885
R2_reorder,0.0,0.1,-0.25,missing,0.9935
R2_reorder,0.0,0.1,-0.25,flattened,0.0065
R3_interval,0.0,0.1,-0.25,reversed or missing,0.91175
R3_interval,0.0,0.1,-0.25,missing,0.04375
R3_interval,0.0,0.1,-0.25,reversed,0.04375
R3_interval,0.0,0.1,-0.25,missing or flattened,0.00075
R0_current,0.0,0.1,-0.225,missing,1.0
R1_half_bound,0.0,0.1,-0.225,missing,0.8585
R1_half_bound,0.0,0.1,-0.225,reversed,0.1415
R2_reorder,0.0,0.1,-0.225,missing,0.986
R2_reorder,0.0,0.1,-0.225,flattened,0.014
R3_interval,0.0,0.1,-0.225,reversed or missing,0.88675
R3_interval,0.0,0.1,-0.225,missing,0.08475
R3_interval,0.0,0.1,-0.225,reversed,0.0285
R0_current,0.0,0.1,-0.2,missing,1.0
R1_half_bound,0.0,0.1,-0.2,missing,0.9165
R1_half_bound,0.0,0.1,-0.2,reversed,0.0835
R2_reorder,0.0,0.1,-0.2,missing,0.9785
R2_reorder,0.0,0.1,-0.2,flattened,0.0215
R3_interval,0.0,0.1,-0.2,reversed or missing,0.87475
R3_interval,0.0,0.1,-0.2,missing,0.111
R3_interval,0.0,0.1,-0.2,reversed,0.012
R3_interval,0.0,0.1,-0.2,missing or flattened,0.00225
R0_current,0.0,0.1,-0.175,missing,1.0
R1_half_bound,0.0,0.1,-0.175,missing,0.952
R1_half_bound,0.0,0.1,-0.175,reversed,0.048
R2_reorder,0.0,0.1,-0.175,missing,0.95825
R2_reorder,0.0,0.1,-0.175,flattened,0.04175
R3_interval,0.0,0.1,-0.175,reversed or missing,0.804
R3_interval,0.0,0.1,-0.175,missing,0.183
R3_interval,0.0,0.1,-0.175,reversed,0.008
R3_interval,0.0,0.1,-0.175,missing or flattened,0.005
R0_current,0.0,0.1,-0.15,missing,1.0
R1_half_bound,0.0,0.1,-0.15,missing,0.9715
R1_half_bound,0.0,0.1,-0.15,reversed,0.0285
R2_reorder,0.0,0.1,-0.15,missing,0.93475
R2_reorder,0.0,0.1,-0.15,flattened,0.06525
R3_interval,0.0,0.1,-0.15,reversed or missing,0.73925
R3_interval,0.0,0.1,-0.15,missing,0.24675
R3_interval,0.0,0.1,-0.15,missing or flattened,0.0095
R3_interval,0.0,0.1,-0.15,reversed,0.0045
R0_current,0.0,0.1,-0.125,missing,1.0
R1_half_bound,0.0,0.1,-0.125,missing,0.9795
R1_half_bound,0.0,0.1,-0.125,reversed,0.0205
R2_reorder,0.0,0.1,-0.125,missing,0.89075
R2_reorder,0.0,0.1,-0.125,flattened,0.10925
R3_interval,0.0,0.1,-0.125,reversed or missing,0.6555
R3_interval,0.0,0.1,-0.125,missing,0.3235
R3_interval,0.0,0.1,-0.125,missing or flattened,0.019
R3_interval,0.0,0.1,-0.125,reversed,0.002
R0_current,0.0,0.1,-0.1,missing,1.0
R1_half_bound,0.0,0.1,-0.1,missing,0.99125
R1_half_bound,0.0,0.1,-0.1,reversed,0.00875
R2_reorder,0.0,0.1,-0.1,missing,0.836
R2_reorder,0.0,0.1,-0.1,flattened,0.164
R3_interval,0.0,0.1,-0.1,reversed or missing,0.55775
R3_interval,0.0,0.1,-0.1,missing,0.41225
R3_interval,0.0,0.1,-0.1,missing or flattened,0.02925
R3_interval,0.0,0.1,-0.1,reversed,0.00075
R0_current,0.0,0.1,-0.075,missing,1.0
R1_half_bound,0.0,0.1,-0.075,missing,0.9965
R1_half_bound,0.0,0.1,-0.075,reversed,0.0035
R2_reorder,0.0,0.1,-0.075,missing,0.76825
R2_reorder,0.0,0.1,-0.075,flattened,0.23175
R3_interval,0.0,0.1,-0.075,missing,0.48475
R3_interval,0.0,0.1,-0.075,reversed or missing,0.45625
R3_interval,0.0,0.1,-0.075,missing or flattened,0.059
R0_current,0.0,0.1,-0.05,missing,1.0
R1_half_bound,0.0,0.1,-0.05,missing,0.9975
R1_half_bound,0.0,0.1,-0.05,reversed,0.0025
R2_reorder,0.0,0.1,-0.05,missing,0.696
R2_reorder,0.0,0.1,-0.05,flattened,0.304
R3_interval,0.0,0.1,-0.05,missing,0.5455
R3_interval,0.0,0.1,-0.05,reversed or missing,0.37
R3_interval,0.0,0.1,-0.05,missing or flattened,0.084
R3_interval,0.0,0.1,-0.05,reversed,0.0005
R0_current,0.0,0.1,-0.025,missing,1.0
R1_half_bound,0.0,0.1,-0.025,missing,0.99875
R1_half_bound,0.0,0.1,-0.025,reversed,0.001
R1_half_bound,0.0,0.1,-0.025,flattened,0.00025
R2_reorder,0.0,0.1,-0.025,missing,0.5865
R2_reorder,0.0,0.1,-0.025,flattened,0.4135
R3_interval,0.0,0.1,-0.025,missing,0.60175
R3_interval,0.0,0.1,-0.025,reversed or missing,0.26025
R3_interval,0.0,0.1,-0.025,missing or flattened,0.138
R0_current,0.0,0.1,0.0,missing,1.0
R1_half_bound,0.0,0.1,0.0,missing,0.9995
R1_half_bound,0.0,0.1,0.0,flattened,0.0005
R2_reorder,0.0,0.1,0.0,flattened,0.50425
R2_reorder,0.0,0.1,0.0,missing,0.49575
R3_interval,0.0,0.1,0.0,missing,0.61075
R3_interval,0.0,0.1,0.0,reversed or missing,0.195
R3_interval,0.0,0.1,0.0,missing or flattened,0.194
R3_interval,0.0,0.1,0.0,flattened,0.00025
R0_current,0.0,0.1,0.025,missing,1.0
R1_half_bound,0.0,0.1,0.025,missing,1.0
R2_reorder,0.0,0.1,0.025,flattened,0.604
R2_reorder,0.0,0.1,0.025,missing,0.396
R3_interval,0.0,0.1,0.025,missing,0.5935
R3_interval,0.0,0.1,0.025,missing or flattened,0.27425
R3_interval,0.0,0.1,0.025,reversed or missing,0.13225
R0_current,0.0,0.1,0.05,missing,1.0
R1_half_bound,0.0,0.1,0.05,missing,0.997
R1_half_bound,0.0,0.1,0.05,flattened,0.003
R2_reorder,0.0,0.1,0.05,flattened,0.6815
R2_reorder,0.0,0.1,0.05,missing,0.3185
R3_interval,0.0,0.1,0.05,missing,0.553
R3_interval,0.0,0.1,0.05,missing or flattened,0.35675
R3_interval,0.0,0.1,0.05,reversed or missing,0.09
R3_interval,0.0,0.1,0.05,flattened,0.00025
R0_current,0.0,0.1,0.075,missing,1.0
R1_half_bound,0.0,0.1,0.075,missing,0.99625
R1_half_bound,0.0,0.1,0.075,flattened,0.00375
R2_reorder,0.0,0.1,0.075,flattened,0.77925
R2_reorder,0.0,0.1,0.075,missing,0.22075
R3_interval,0.0,0.1,0.075,missing,0.4735
R3_interval,0.0,0.1,0.075,missing or flattened,0.46975
R3_interval,0.0,0.1,0.075,reversed or missing,0.05625
R3_interval,0.0,0.1,0.075,flattened,0.0005
R0_current,0.0,0.1,0.1,missing,1.0
R1_half_bound,0.0,0.1,0.1,missing,0.991
R1_half_bound,0.0,0.1,0.1,flattened,0.009
R2_reorder,0.0,0.1,0.1,flattened,0.85125
R2_reorder,0.0,0.1,0.1,missing,0.14875
R3_interval,0.0,0.1,0.1,missing or flattened,0.55975
R3_interval,0.0,0.1,0.1,missing,0.408
R3_interval,0.0,0.1,0.1,reversed or missing,0.0315
R3_interval,0.0,0.1,0.1,flattened,0.00075
R0_current,0.0,0.1,0.125,missing,1.0
R1_half_bound,0.0,0.1,0.125,missing,0.98375
R1_half_bound,0.0,0.1,0.125,flattened,0.01625
R2_reorder,0.0,0.1,0.125,flattened,0.89825
R2_reorder,0.0,0.1,0.125,missing,0.10175
R3_interval,0.0,0.1,0.125,missing or flattened,0.6595
R3_interval,0.0,0.1,0.125,missing,0.32275
R3_interval,0.0,0.1,0.125,reversed or missing,0.01625
R3_interval,0.0,0.1,0.125,flattened,0.0015
R0_current,0.0,0.1,0.15,missing,1.0
R1_half_bound,0.0,0.1,0.15,missing,0.973
R1_half_bound,0.0,0.1,0.15,flattened,0.027
R2_reorder,0.0,0.1,0.15,flattened,0.93375
R2_reorder,0.0,0.1,0.15,missing,0.06625
R3_interval,0.0,0.1,0.15,missing or flattened,0.74325
R3_interval,0.0,0.1,0.15,missing,0.246
R3_interval,0.0,0.1,0.15,reversed or missing,0.00775
R3_interval,0.0,0.1,0.15,flattened,0.003
R0_current,0.0,0.1,0.175,missing,1.0
R1_half_bound,0.0,0.1,0.175,missing,0.9495
R1_half_bound,0.0,0.1,0.175,flattened,0.0505
R2_reorder,0.0,0.1,0.175,flattened,0.95775
R2_reorder,0.0,0.1,0.175,missing,0.04225
R3_interval,0.0,0.1,0.175,missing or flattened,0.80275
R3_interval,0.0,0.1,0.175,missing,0.18275
R3_interval,0.0,0.1,0.175,flattened,0.00975
R3_interval,0.0,0.1,0.175,reversed or missing,0.00475
R0_current,0.0,0.1,0.2,missing,1.0
R1_half_bound,0.0,0.1,0.2,missing,0.9125
R1_half_bound,0.0,0.1,0.2,flattened,0.0875
R2_reorder,0.0,0.1,0.2,flattened,0.98
R2_reorder,0.0,0.1,0.2,missing,0.02
R3_interval,0.0,0.1,0.2,missing or flattened,0.8715
R3_interval,0.0,0.1,0.2,missing,0.11375
R3_interval,0.0,0.1,0.2,flattened,0.01275
R3_interval,0.0,0.1,0.2,reversed or missing,0.002
R0_current,0.0,0.1,0.225,missing,1.0
R1_half_bound,0.0,0.1,0.225,missing,0.86625
R1_half_bound,0.0,0.1,0.225,flattened,0.13375
R2_reorder,0.0,0.1,0.225,flattened,0.98975
R2_reorder,0.0,0.1,0.225,missing,0.01025
R3_interval,0.0,0.1,0.225,missing or flattened,0.89325
R3_interval,0.0,0.1,0.225,missing,0.0785
R3_interval,0.0,0.1,0.225,flattened,0.0275
R3_interval,0.0,0.1,0.225,reversed or missing,0.0005
R3_interval,0.0,0.1,0.225,flattened or kept,0.00025
R0_current,0.0,0.1,0.25,missing,1.0
R1_half_bound,0.0,0.1,0.25,missing,0.80525
R1_half_bound,0.0,0.1,0.25,flattened,0.19475
R2_reorder,0.0,0.1,0.25,flattened,0.99375
R2_reorder,0.0,0.1,0.25,missing,0.00625
R3_interval,0.0,0.1,0.25,missing or flattened,0.908
R3_interval,0.0,0.1,0.25,missing,0.04725
R3_interval,0.0,0.1,0.25,flattened,0.044
R3_interval,0.0,0.1,0.25,reversed or missing,0.0005
R3_interval,0.0,0.1,0.25,flattened or kept,0.00025
R0_current,0.0,0.1,0.275,missing,1.0
R1_half_bound,0.0,0.1,0.275,missing,0.7255
R1_half_bound,0.0,0.1,0.275,flattened,0.2745
R2_reorder,0.0,0.1,0.275,flattened,0.99575
R2_reorder,0.0,0.1,0.275,missing,0.00425
R3_interval,0.0,0.1,0.275,missing or flattened,0.8875
R3_interval,0.0,0.1,0.275,flattened,0.07875
R3_interval,0.0,0.1,0.275,missing,0.033
R3_interval,0.0,0.1,0.275,flattened or kept,0.00075
R0_current,0.0,0.1,0.3,missing,1.0
R1_half_bound,0.0,0.1,0.3,missing,0.642
R1_half_bound,0.0,0.1,0.3,flattened,0.358
R2_reorder,0.0,0.1,0.3,flattened,0.99775
R2_reorder,0.0,0.1,0.3,missing,0.00225
R3_interval,0.0,0.1,0.3,missing or flattened,0.86375
R3_interval,0.0,0.1,0.3,flattened,0.116
R3_interval,0.0,0.1,0.3,missing,0.0185
R3_interval,0.0,0.1,0.3,flattened or kept,0.0015
R3_interval,0.0,0.1,0.3,reversed or missing,0.00025
R0_current,0.0,0.1,0.325,missing,1.0
R1_half_bound,0.0,0.1,0.325,missing,0.54925
R1_half_bound,0.0,0.1,0.325,flattened,0.45075
R2_reorder,0.0,0.1,0.325,flattened,0.99975
R2_reorder,0.0,0.1,0.325,missing,0.00025
R3_interval,0.0,0.1,0.325,missing or flattened,0.809
R3_interval,0.0,0.1,0.325,flattened,0.17725
R3_interval,0.0,0.1,0.325,missing,0.00925
R3_interval,0.0,0.1,0.325,flattened or kept,0.0045
R0_current,0.0,0.1,0.35,missing,1.0
R1_half_bound,0.0,0.1,0.35,flattened,0.551
R1_half_bound,0.0,0.1,0.35,missing,0.449
R2_reorder,0.0,0.1,0.35,flattened,0.99975
R2_reorder,0.0,0.1,0.35,missing,0.00025
R3_interval,0.0,0.1,0.35,missing or flattened,0.73
R3_interval,0.0,0.1,0.35,flattened,0.25525
R3_interval,0.0,0.1,0.35,flattened or kept,0.009
R3_interval,0.0,0.1,0.35,missing,0.00575
R0_current,0.0,0.1,0.375,missing,1.0
R1_half_bound,0.0,0.1,0.375,flattened,0.66225
R1_half_bound,0.0,0.1,0.375,missing,0.33775
R2_reorder,0.0,0.1,0.375,flattened,1.0
R3_interval,0.0,0.1,0.375,missing or flattened,0.646
R3_interval,0.0,0.1,0.375,flattened,0.33675
R3_interval,0.0,0.1,0.375,flattened or kept,0.0155
R3_interval,0.0,0.1,0.375,missing,0.00175
R0_current,0.0,0.1,0.4,missing,1.0
R1_half_bound,0.0,0.1,0.4,flattened,0.74675
R1_half_bound,0.0,0.1,0.4,missing,0.25325
R2_reorder,0.0,0.1,0.4,flattened,1.0
R3_interval,0.0,0.1,0.4,missing or flattened,0.5445
R3_interval,0.0,0.1,0.4,flattened,0.42025
R3_interval,0.0,0.1,0.4,flattened or kept,0.0335
R3_interval,0.0,0.1,0.4,missing,0.00175
R0_current,0.0,0.1,0.425,missing,1.0
R1_half_bound,0.0,0.1,0.425,flattened,0.8195
R1_half_bound,0.0,0.1,0.425,missing,0.1805
R2_reorder,0.0,0.1,0.425,flattened,1.0
R3_interval,0.0,0.1,0.425,flattened,0.48075
R3_interval,0.0,0.1,0.425,missing or flattened,0.46275
R3_interval,0.0,0.1,0.425,flattened or kept,0.05625
R3_interval,0.0,0.1,0.425,missing,0.00025
R0_current,0.0,0.1,0.45,missing,0.9995
R0_current,0.0,0.1,0.45,kept,0.0005
R1_half_bound,0.0,0.1,0.45,flattened,0.874
R1_half_bound,0.0,0.1,0.45,missing,0.1255
R1_half_bound,0.0,0.1,0.45,kept,0.0005
R2_reorder,0.0,0.1,0.45,flattened,0.9995
R2_reorder,0.0,0.1,0.45,kept,0.0005
R3_interval,0.0,0.1,0.45,flattened,0.54925
R3_interval,0.0,0.1,0.45,missing or flattened,0.35875
R3_interval,0.0,0.1,0.45,flattened or kept,0.092
R0_current,0.0,0.1,0.475,missing,0.9995
R0_current,0.0,0.1,0.475,kept,0.0005
R1_half_bound,0.0,0.1,0.475,flattened,0.91575
R1_half_bound,0.0,0.1,0.475,missing,0.08375
R1_half_bound,0.0,0.1,0.475,kept,0.0005
R2_reorder,0.0,0.1,0.475,flattened,0.9995
R2_reorder,0.0,0.1,0.475,kept,0.0005
R3_interval,0.0,0.1,0.475,flattened,0.58025
R3_interval,0.0,0.1,0.475,missing or flattened,0.27625
R3_interval,0.0,0.1,0.475,flattened or kept,0.1435
R0_current,0.0,0.1,0.5,missing,0.999
R0_current,0.0,0.1,0.5,kept,0.001
R1_half_bound,0.0,0.1,0.5,flattened,0.94575
R1_half_bound,0.0,0.1,0.5,missing,0.05325
R1_half_bound,0.0,0.1,0.5,kept,0.001
R2_reorder,0.0,0.1,0.5,flattened,0.999
R2_reorder,0.0,0.1,0.5,kept,0.001
R3_interval,0.0,0.1,0.5,flattened,0.608
R3_interval,0.0,0.1,0.5,missing or flattened,0.20275
R3_interval,0.0,0.1,0.5,flattened or kept,0.18925
R0_current,0.0,0.1,0.525,missing,0.997
R0_current,0.0,0.1,0.525,kept,0.003
R1_half_bound,0.0,0.1,0.525,flattened,0.97175
R1_half_bound,0.0,0.1,0.525,missing,0.02525
R1_half_bound,0.0,0.1,0.525,kept,0.003
R2_reorder,0.0,0.1,0.525,flattened,0.997
R2_reorder,0.0,0.1,0.525,kept,0.003
R3_interval,0.0,0.1,0.525,flattened,0.5915
R3_interval,0.0,0.1,0.525,flattened or kept,0.27475
R3_interval,0.0,0.1,0.525,missing or flattened,0.13375
R0_current,0.0,0.1,0.55,missing,0.993
R0_current,0.0,0.1,0.55,kept,0.007
R1_half_bound,0.0,0.1,0.55,flattened,0.976
R1_half_bound,0.0,0.1,0.55,missing,0.017
R1_half_bound,0.0,0.1,0.55,kept,0.007
R2_reorder,0.0,0.1,0.55,flattened,0.993
R2_reorder,0.0,0.1,0.55,kept,0.007
R3_interval,0.0,0.1,0.55,flattened,0.5445
R3_interval,0.0,0.1,0.55,flattened or kept,0.36175
R3_interval,0.0,0.1,0.55,missing or flattened,0.0935
R3_interval,0.0,0.1,0.55,kept,0.00025
R0_current,0.0,0.1,0.575,missing,0.98575
R0_current,0.0,0.1,0.575,kept,0.01425
R1_half_bound,0.0,0.1,0.575,flattened,0.97775
R1_half_bound,0.0,0.1,0.575,kept,0.01425
R1_half_bound,0.0,0.1,0.575,missing,0.008
R2_reorder,0.0,0.1,0.575,flattened,0.98575
R2_reorder,0.0,0.1,0.575,kept,0.01425
R3_interval,0.0,0.1,0.575,flattened,0.4855
R3_interval,0.0,0.1,0.575,flattened or kept,0.46075
R3_interval,0.0,0.1,0.575,missing or flattened,0.0535
R3_interval,0.0,0.1,0.575,kept,0.00025
R0_current,0.0,0.1,0.6,missing,0.97875
R0_current,0.0,0.1,0.6,kept,0.02125
R1_half_bound,0.0,0.1,0.6,flattened,0.97425
R1_half_bound,0.0,0.1,0.6,kept,0.02125
R1_half_bound,0.0,0.1,0.6,missing,0.0045
R2_reorder,0.0,0.1,0.6,flattened,0.97875
R2_reorder,0.0,0.1,0.6,kept,0.02125
R3_interval,0.0,0.1,0.6,flattened or kept,0.56075
R3_interval,0.0,0.1,0.6,flattened,0.4075
R3_interval,0.0,0.1,0.6,missing or flattened,0.03125
R3_interval,0.0,0.1,0.6,kept,0.0005
R0_current,0.0,0.1,0.625,missing,0.95775
R0_current,0.0,0.1,0.625,kept,0.04225
R1_half_bound,0.0,0.1,0.625,flattened,0.95625
R1_half_bound,0.0,0.1,0.625,kept,0.04225
R1_half_bound,0.0,0.1,0.625,missing,0.0015
R2_reorder,0.0,0.1,0.625,flattened,0.95775
R2_reorder,0.0,0.1,0.625,kept,0.04225
R3_interval,0.0,0.1,0.625,flattened or kept,0.6485
R3_interval,0.0,0.1,0.625,flattened,0.33325
R3_interval,0.0,0.1,0.625,missing or flattened,0.01625
R3_interval,0.0,0.1,0.625,kept,0.002
R0_current,0.0,0.1,0.65,missing,0.93775
R0_current,0.0,0.1,0.65,kept,0.06225
R1_half_bound,0.0,0.1,0.65,flattened,0.93775
R1_half_bound,0.0,0.1,0.65,kept,0.06225
R2_reorder,0.0,0.1,0.65,flattened,0.93775
R2_reorder,0.0,0.1,0.65,kept,0.06225
R3_interval,0.0,0.1,0.65,flattened or kept,0.733
R3_interval,0.0,0.1,0.65,flattened,0.25275
R3_interval,0.0,0.1,0.65,missing or flattened,0.01
R3_interval,0.0,0.1,0.65,kept,0.00425
R0_current,0.0,0.1,0.675,missing,0.895
R0_current,0.0,0.1,0.675,kept,0.105
R1_half_bound,0.0,0.1,0.675,flattened,0.89425
R1_half_bound,0.0,0.1,0.675,kept,0.105
R1_half_bound,0.0,0.1,0.675,missing,0.00075
R2_reorder,0.0,0.1,0.675,flattened,0.895
R2_reorder,0.0,0.1,0.675,kept,0.105
R3_interval,0.0,0.1,0.675,flattened or kept,0.807
R3_interval,0.0,0.1,0.675,flattened,0.182
R3_interval,0.0,0.1,0.675,kept,0.00725
R3_interval,0.0,0.1,0.675,missing or flattened,0.00375
R0_current,0.0,0.1,0.7,missing,0.849
R0_current,0.0,0.1,0.7,kept,0.151
R1_half_bound,0.0,0.1,0.7,flattened,0.849
R1_half_bound,0.0,0.1,0.7,kept,0.151
R2_reorder,0.0,0.1,0.7,flattened,0.849
R2_reorder,0.0,0.1,0.7,kept,0.151
R3_interval,0.0,0.1,0.7,flattened or kept,0.85925
R3_interval,0.0,0.1,0.7,flattened,0.12525
R3_interval,0.0,0.1,0.7,kept,0.01325
R3_interval,0.0,0.1,0.7,missing or flattened,0.00225
R0_current,0.0,0.1,0.725,missing,0.78675
R0_current,0.0,0.1,0.725,kept,0.21325
R1_half_bound,0.0,0.1,0.725,flattened,0.78675
R1_half_bound,0.0,0.1,0.725,kept,0.21325
R2_reorder,0.0,0.1,0.725,flattened,0.78675
R2_reorder,0.0,0.1,0.725,kept,0.21325
R3_interval,0.0,0.1,0.725,flattened or kept,0.8925
R3_interval,0.0,0.1,0.725,flattened,0.08475
R3_interval,0.0,0.1,0.725,kept,0.0215
R3_interval,0.0,0.1,0.725,missing or flattened,0.00125
R0_current,0.0,0.1,0.75,missing,0.70625
R0_current,0.0,0.1,0.75,kept,0.29375
R1_half_bound,0.0,0.1,0.75,flattened,0.70625
R1_half_bound,0.0,0.1,0.75,kept,0.29375
R2_reorder,0.0,0.1,0.75,flattened,0.70625
R2_reorder,0.0,0.1,0.75,kept,0.29375
R3_interval,0.0,0.1,0.75,flattened or kept,0.906
R3_interval,0.0,0.1,0.75,kept,0.0485
R3_interval,0.0,0.1,0.75,flattened,0.045
R3_interval,0.0,0.1,0.75,missing or flattened,0.00025
R3_interval,0.0,0.1,0.75,kept or steepened,0.00025
R0_current,0.0,0.1,0.775,missing,0.6175
R0_current,0.0,0.1,0.775,kept,0.3825
R1_half_bound,0.0,0.1,0.775,flattened,0.6175
R1_half_bound,0.0,0.1,0.775,kept,0.3825
R2_reorder,0.0,0.1,0.775,flattened,0.6175
R2_reorder,0.0,0.1,0.775,kept,0.3825
R3_interval,0.0,0.1,0.775,flattened or kept,0.89325
R3_interval,0.0,0.1,0.775,kept,0.07975
R3_interval,0.0,0.1,0.775,flattened,0.026
R3_interval,0.0,0.1,0.775,missing or flattened,0.0005
R3_interval,0.0,0.1,0.775,kept or steepened,0.0005
R0_current,0.0,0.1,0.8,missing,0.5165
R0_current,0.0,0.1,0.8,kept,0.48325
R0_current,0.0,0.1,0.8,steepened,0.00025
R1_half_bound,0.0,0.1,0.8,flattened,0.5165
R1_half_bound,0.0,0.1,0.8,kept,0.48325
R1_half_bound,0.0,0.1,0.8,steepened,0.00025
R2_reorder,0.0,0.1,0.8,flattened,0.5165
R2_reorder,0.0,0.1,0.8,kept,0.48325
R2_reorder,0.0,0.1,0.8,steepened,0.00025
R3_interval,0.0,0.1,0.8,flattened or kept,0.8655
R3_interval,0.0,0.1,0.8,kept,0.11575
R3_interval,0.0,0.1,0.8,flattened,0.0165
R3_interval,0.0,0.1,0.8,kept or steepened,0.00225
R0_current,0.0,0.1,0.825,kept,0.59875
R0_current,0.0,0.1,0.825,missing,0.40125
R1_half_bound,0.0,0.1,0.825,kept,0.59875
R1_half_bound,0.0,0.1,0.825,flattened,0.40125
R2_reorder,0.0,0.1,0.825,kept,0.59875
R2_reorder,0.0,0.1,0.825,flattened,0.40125
R3_interval,0.0,0.1,0.825,flattened or kept,0.80975
R3_interval,0.0,0.1,0.825,kept,0.1805
R3_interval,0.0,0.1,0.825,flattened,0.00525
R3_interval,0.0,0.1,0.825,kept or steepened,0.0045
R0_current,0.0,0.1,0.85,kept,0.683
R0_current,0.0,0.1,0.85,missing,0.317
R1_half_bound,0.0,0.1,0.85,kept,0.683
R1_half_bound,0.0,0.1,0.85,flattened,0.317
R2_reorder,0.0,0.1,0.85,kept,0.683
R2_reorder,0.0,0.1,0.85,flattened,0.317
R3_interval,0.0,0.1,0.85,flattened or kept,0.7455
R3_interval,0.0,0.1,0.85,kept,0.24125
R3_interval,0.0,0.1,0.85,kept or steepened,0.009
R3_interval,0.0,0.1,0.85,flattened,0.00425
R0_current,0.0,0.1,0.875,kept,0.77125
R0_current,0.0,0.1,0.875,missing,0.22825
R0_current,0.0,0.1,0.875,steepened,0.0005
R1_half_bound,0.0,0.1,0.875,kept,0.77125
R1_half_bound,0.0,0.1,0.875,flattened,0.22825
R1_half_bound,0.0,0.1,0.875,steepened,0.0005
R2_reorder,0.0,0.1,0.875,kept,0.77125
R2_reorder,0.0,0.1,0.875,flattened,0.22825
R2_reorder,0.0,0.1,0.875,steepened,0.0005
R3_interval,0.0,0.1,0.875,flattened or kept,0.652
R3_interval,0.0,0.1,0.875,kept,0.33
R3_interval,0.0,0.1,0.875,kept or steepened,0.01625
R3_interval,0.0,0.1,0.875,flattened,0.00175
R0_current,0.0,0.1,0.9,kept,0.84025
R0_current,0.0,0.1,0.9,missing,0.1585
R0_current,0.0,0.1,0.9,steepened,0.00125
R1_half_bound,0.0,0.1,0.9,kept,0.84025
R1_half_bound,0.0,0.1,0.9,flattened,0.1585
R1_half_bound,0.0,0.1,0.9,steepened,0.00125
R2_reorder,0.0,0.1,0.9,kept,0.84025
R2_reorder,0.0,0.1,0.9,flattened,0.1585
R2_reorder,0.0,0.1,0.9,steepened,0.00125
R3_interval,0.0,0.1,0.9,flattened or kept,0.5495
R3_interval,0.0,0.1,0.9,kept,0.418
R3_interval,0.0,0.1,0.9,kept or steepened,0.0315
R3_interval,0.0,0.1,0.9,flattened,0.001
R0_current,0.0,0.1,0.925,kept,0.88225
R0_current,0.0,0.1,0.925,missing,0.114
R0_current,0.0,0.1,0.925,steepened,0.00375
R1_half_bound,0.0,0.1,0.925,kept,0.88225
R1_half_bound,0.0,0.1,0.925,flattened,0.114
R1_half_bound,0.0,0.1,0.925,steepened,0.00375
R2_reorder,0.0,0.1,0.925,kept,0.88225
R2_reorder,0.0,0.1,0.925,flattened,0.114
R2_reorder,0.0,0.1,0.925,steepened,0.00375
R3_interval,0.0,0.1,0.925,kept,0.4765
R3_interval,0.0,0.1,0.925,flattened or kept,0.46375
R3_interval,0.0,0.1,0.925,kept or steepened,0.05975
R0_current,0.0,0.1,0.95,kept,0.926
R0_current,0.0,0.1,0.95,missing,0.06825
R0_current,0.0,0.1,0.95,steepened,0.00575
R1_half_bound,0.0,0.1,0.95,kept,0.926
R1_half_bound,0.0,0.1,0.95,flattened,0.06825
R1_half_bound,0.0,0.1,0.95,steepened,0.00575
R2_reorder,0.0,0.1,0.95,kept,0.926
R2_reorder,0.0,0.1,0.95,flattened,0.06825
R2_reorder,0.0,0.1,0.95,steepened,0.00575
R3_interval,0.0,0.1,0.95,kept,0.54575
R3_interval,0.0,0.1,0.95,flattened or kept,0.37175
R3_interval,0.0,0.1,0.95,kept or steepened,0.08225
R3_interval,0.0,0.1,0.95,flattened,0.00025
R0_current,0.0,0.1,0.975,kept,0.94125
R0_current,0.0,0.1,0.975,missing,0.04475
R0_current,0.0,0.1,0.975,steepened,0.014
R1_half_bound,0.0,0.1,0.975,kept,0.94125
R1_half_bound,0.0,0.1,0.975,flattened,0.04475
R1_half_bound,0.0,0.1,0.975,steepened,0.014
R2_reorder,0.0,0.1,0.975,kept,0.94125
R2_reorder,0.0,0.1,0.975,flattened,0.04475
R2_reorder,0.0,0.1,0.975,steepened,0.014
R3_interval,0.0,0.1,0.975,kept,0.59875
R3_interval,0.0,0.1,0.975,flattened or kept,0.27
R3_interval,0.0,0.1,0.975,kept or steepened,0.13125
R0_current,0.0,0.1,1.0,kept,0.95425
R0_current,0.0,0.1,1.0,missing,0.02375
R0_current,0.0,0.1,1.0,steepened,0.022
R1_half_bound,0.0,0.1,1.0,kept,0.95425
R1_half_bound,0.0,0.1,1.0,flattened,0.02375
R1_half_bound,0.0,0.1,1.0,steepened,0.022
R2_reorder,0.0,0.1,1.0,kept,0.95425
R2_reorder,0.0,0.1,1.0,flattened,0.02375
R2_reorder,0.0,0.1,1.0,steepened,0.022
R3_interval,0.0,0.1,1.0,kept,0.61875
R3_interval,0.0,0.1,1.0,kept or steepened,0.1945
R3_interval,0.0,0.1,1.0,flattened or kept,0.18675
R0_current,0.0,0.1,1.025,kept,0.94475
R0_current,0.0,0.1,1.025,steepened,0.04475
R0_current,0.0,0.1,1.025,missing,0.0105
R1_half_bound,0.0,0.1,1.025,kept,0.94475
R1_half_bound,0.0,0.1,1.025,steepened,0.04475
R1_half_bound,0.0,0.1,1.025,flattened,0.0105
R2_reorder,0.0,0.1,1.025,kept,0.94475
R2_reorder,0.0,0.1,1.025,steepened,0.04475
R2_reorder,0.0,0.1,1.025,flattened,0.0105
R3_interval,0.0,0.1,1.025,kept,0.59725
R3_interval,0.0,0.1,1.025,kept or steepened,0.272
R3_interval,0.0,0.1,1.025,flattened or kept,0.13075
R0_current,0.0,0.1,1.05,kept,0.9225
R0_current,0.0,0.1,1.05,steepened,0.0725
R0_current,0.0,0.1,1.05,missing,0.005
R1_half_bound,0.0,0.1,1.05,kept,0.9225
R1_half_bound,0.0,0.1,1.05,steepened,0.0725
R1_half_bound,0.0,0.1,1.05,flattened,0.005
R2_reorder,0.0,0.1,1.05,kept,0.9225
R2_reorder,0.0,0.1,1.05,steepened,0.0725
R2_reorder,0.0,0.1,1.05,flattened,0.005
R3_interval,0.0,0.1,1.05,kept,0.563
R3_interval,0.0,0.1,1.05,kept or steepened,0.35725
R3_interval,0.0,0.1,1.05,flattened or kept,0.07975
R0_current,0.0,0.1,1.075,kept,0.881
R0_current,0.0,0.1,1.075,steepened,0.11425
R0_current,0.0,0.1,1.075,missing,0.00475
R1_half_bound,0.0,0.1,1.075,kept,0.881
R1_half_bound,0.0,0.1,1.075,steepened,0.11425
R1_half_bound,0.0,0.1,1.075,flattened,0.00475
R2_reorder,0.0,0.1,1.075,kept,0.881
R2_reorder,0.0,0.1,1.075,steepened,0.11425
R2_reorder,0.0,0.1,1.075,flattened,0.00475
R3_interval,0.0,0.1,1.075,kept,0.48225
R3_interval,0.0,0.1,1.075,kept or steepened,0.46875
R3_interval,0.0,0.1,1.075,flattened or kept,0.04875
R3_interval,0.0,0.1,1.075,steepened,0.00025
R0_current,0.0,0.1,1.1,kept,0.83625
R0_current,0.0,0.1,1.1,steepened,0.1625
R0_current,0.0,0.1,1.1,missing,0.00125
R1_half_bound,0.0,0.1,1.1,kept,0.83625
R1_half_bound,0.0,0.1,1.1,steepened,0.1625
R1_half_bound,0.0,0.1,1.1,flattened,0.00125
R2_reorder,0.0,0.1,1.1,kept,0.83625
R2_reorder,0.0,0.1,1.1,steepened,0.1625
R2_reorder,0.0,0.1,1.1,flattened,0.00125
R3_interval,0.0,0.1,1.1,kept or steepened,0.561
R3_interval,0.0,0.1,1.1,kept,0.40425
R3_interval,0.0,0.1,1.1,flattened or kept,0.03375
R3_interval,0.0,0.1,1.1,steepened,0.001
R0_current,0.0,0.1,1.125,kept,0.77125
R0_current,0.0,0.1,1.125,steepened,0.22875
R1_half_bound,0.0,0.1,1.125,kept,0.77125
R1_half_bound,0.0,0.1,1.125,steepened,0.22875
R2_reorder,0.0,0.1,1.125,kept,0.77125
R2_reorder,0.0,0.1,1.125,steepened,0.22875
R3_interval,0.0,0.1,1.125,kept or steepened,0.663
R3_interval,0.0,0.1,1.125,kept,0.32025
R3_interval,0.0,0.1,1.125,flattened or kept,0.0165
R3_interval,0.0,0.1,1.125,steepened,0.00025
R0_current,0.0,0.1,1.15,kept,0.68225
R0_current,0.0,0.1,1.15,steepened,0.31725
R0_current,0.0,0.1,1.15,missing,0.0005
R1_half_bound,0.0,0.1,1.15,kept,0.68225
R1_half_bound,0.0,0.1,1.15,steepened,0.31725
R1_half_bound,0.0,0.1,1.15,flattened,0.0005
R2_reorder,0.0,0.1,1.15,kept,0.68225
R2_reorder,0.0,0.1,1.15,steepened,0.31725
R2_reorder,0.0,0.1,1.15,flattened,0.0005
R3_interval,0.0,0.1,1.15,kept or steepened,0.7455
R3_interval,0.0,0.1,1.15,kept,0.2415
R3_interval,0.0,0.1,1.15,flattened or kept,0.01
R3_interval,0.0,0.1,1.15,steepened,0.003
R0_current,0.0,0.1,1.175,kept,0.58925
R0_current,0.0,0.1,1.175,steepened,0.41075
R1_half_bound,0.0,0.1,1.175,kept,0.58925
R1_half_bound,0.0,0.1,1.175,steepened,0.41075
R2_reorder,0.0,0.1,1.175,kept,0.58925
R2_reorder,0.0,0.1,1.175,steepened,0.41075
R3_interval,0.0,0.1,1.175,kept or steepened,0.81575
R3_interval,0.0,0.1,1.175,kept,0.172
R3_interval,0.0,0.1,1.175,steepened,0.00825
R3_interval,0.0,0.1,1.175,flattened or kept,0.004
R0_current,0.0,0.1,1.2,steepened,0.5165
R0_current,0.0,0.1,1.2,kept,0.48325
R0_current,0.0,0.1,1.2,missing,0.00025
R1_half_bound,0.0,0.1,1.2,steepened,0.5165
R1_half_bound,0.0,0.1,1.2,kept,0.48325
R1_half_bound,0.0,0.1,1.2,flattened,0.00025
R2_reorder,0.0,0.1,1.2,steepened,0.5165
R2_reorder,0.0,0.1,1.2,kept,0.48325
R2_reorder,0.0,0.1,1.2,flattened,0.00025
R3_interval,0.0,0.1,1.2,kept or steepened,0.8575
R3_interval,0.0,0.1,1.2,kept,0.1265
R3_interval,0.0,0.1,1.2,steepened,0.01425
R3_interval,0.0,0.1,1.2,flattened or kept,0.00175
R0_current,0.0,0.1,1.225,steepened,0.623
R0_current,0.0,0.1,1.225,kept,0.377
R1_half_bound,0.0,0.1,1.225,steepened,0.623
R1_half_bound,0.0,0.1,1.225,kept,0.377
R2_reorder,0.0,0.1,1.225,steepened,0.623
R2_reorder,0.0,0.1,1.225,kept,0.377
R3_interval,0.0,0.1,1.225,kept or steepened,0.8855
R3_interval,0.0,0.1,1.225,kept,0.08075
R3_interval,0.0,0.1,1.225,steepened,0.033
R3_interval,0.0,0.1,1.225,flattened or kept,0.00075
R0_current,0.0,0.1,1.25,steepened,0.6965
R0_current,0.0,0.1,1.25,kept,0.3035
R1_half_bound,0.0,0.1,1.25,steepened,0.6965
R1_half_bound,0.0,0.1,1.25,kept,0.3035
R2_reorder,0.0,0.1,1.25,steepened,0.6965
R2_reorder,0.0,0.1,1.25,kept,0.3035
R3_interval,0.0,0.1,1.25,kept or steepened,0.88925
R3_interval,0.0,0.1,1.25,kept,0.0595
R3_interval,0.0,0.1,1.25,steepened,0.051
R3_interval,0.0,0.1,1.25,flattened or kept,0.00025
R0_current,0.0,0.1,1.275,steepened,0.7895
R0_current,0.0,0.1,1.275,kept,0.2105
R1_half_bound,0.0,0.1,1.275,steepened,0.7895
R1_half_bound,0.0,0.1,1.275,kept,0.2105
R2_reorder,0.0,0.1,1.275,steepened,0.7895
R2_reorder,0.0,0.1,1.275,kept,0.2105
R3_interval,0.0,0.1,1.275,kept or steepened,0.89
R3_interval,0.0,0.1,1.275,steepened,0.07975
R3_interval,0.0,0.1,1.275,kept,0.03025
R0_current,0.0,0.1,1.3,steepened,0.84075
R0_current,0.0,0.1,1.3,kept,0.15925
R1_half_bound,0.0,0.1,1.3,steepened,0.84075
R1_half_bound,0.0,0.1,1.3,kept,0.15925
R2_reorder,0.0,0.1,1.3,steepened,0.84075
R2_reorder,0.0,0.1,1.3,kept,0.15925
R3_interval,0.0,0.1,1.3,kept or steepened,0.8665
R3_interval,0.0,0.1,1.3,steepened,0.1175
R3_interval,0.0,0.1,1.3,kept,0.016
R0_current,0.0,0.1,1.325,steepened,0.90075
R0_current,0.0,0.1,1.325,kept,0.09925
R1_half_bound,0.0,0.1,1.325,steepened,0.90075
R1_half_bound,0.0,0.1,1.325,kept,0.09925
R2_reorder,0.0,0.1,1.325,steepened,0.90075
R2_reorder,0.0,0.1,1.325,kept,0.09925
R3_interval,0.0,0.1,1.325,kept or steepened,0.81475
R3_interval,0.0,0.1,1.325,steepened,0.1785
R3_interval,0.0,0.1,1.325,kept,0.00675
R0_current,0.0,0.1,1.35,steepened,0.9375
R0_current,0.0,0.1,1.35,kept,0.0625
R1_half_bound,0.0,0.1,1.35,steepened,0.9375
R1_half_bound,0.0,0.1,1.35,kept,0.0625
R2_reorder,0.0,0.1,1.35,steepened,0.9375
R2_reorder,0.0,0.1,1.35,kept,0.0625
R3_interval,0.0,0.1,1.35,kept or steepened,0.73275
R3_interval,0.0,0.1,1.35,steepened,0.263
R3_interval,0.0,0.1,1.35,kept,0.00425
R0_current,0.0,0.1,1.375,steepened,0.96
R0_current,0.0,0.1,1.375,kept,0.04
R1_half_bound,0.0,0.1,1.375,steepened,0.96
R1_half_bound,0.0,0.1,1.375,kept,0.04
R2_reorder,0.0,0.1,1.375,steepened,0.96
R2_reorder,0.0,0.1,1.375,kept,0.04
R3_interval,0.0,0.1,1.375,kept or steepened,0.663
R3_interval,0.0,0.1,1.375,steepened,0.3355
R3_interval,0.0,0.1,1.375,kept,0.0015
R0_current,0.0,0.1,1.4,steepened,0.979
R0_current,0.0,0.1,1.4,kept,0.021
R1_half_bound,0.0,0.1,1.4,steepened,0.979
R1_half_bound,0.0,0.1,1.4,kept,0.021
R2_reorder,0.0,0.1,1.4,steepened,0.979
R2_reorder,0.0,0.1,1.4,kept,0.021
R3_interval,0.0,0.1,1.4,kept or steepened,0.5635
R3_interval,0.0,0.1,1.4,steepened,0.43625
R3_interval,0.0,0.1,1.4,kept,0.00025
R0_current,0.0,0.1,1.425,steepened,0.988
R0_current,0.0,0.1,1.425,kept,0.012
R1_half_bound,0.0,0.1,1.425,steepened,0.988
R1_half_bound,0.0,0.1,1.425,kept,0.012
R2_reorder,0.0,0.1,1.425,steepened,0.988
R2_reorder,0.0,0.1,1.425,kept,0.012
R3_interval,0.0,0.1,1.425,steepened,0.53825
R3_interval,0.0,0.1,1.425,kept or steepened,0.46175
R0_current,0.0,0.1,1.45,steepened,0.993
R0_current,0.0,0.1,1.45,kept,0.007
R1_half_bound,0.0,0.1,1.45,steepened,0.993
R1_half_bound,0.0,0.1,1.45,kept,0.007
R2_reorder,0.0,0.1,1.45,steepened,0.993
R2_reorder,0.0,0.1,1.45,kept,0.007
R3_interval,0.0,0.1,1.45,steepened,0.6315
R3_interval,0.0,0.1,1.45,kept or steepened,0.368
R3_interval,0.0,0.1,1.45,kept,0.0005
R0_current,0.0,0.1,1.475,steepened,0.9985
R0_current,0.0,0.1,1.475,kept,0.0015
R1_half_bound,0.0,0.1,1.475,steepened,0.9985
R1_half_bound,0.0,0.1,1.475,kept,0.0015
R2_reorder,0.0,0.1,1.475,steepened,0.9985
R2_reorder,0.0,0.1,1.475,kept,0.0015
R3_interval,0.0,0.1,1.475,steepened,0.7335
R3_interval,0.0,0.1,1.475,kept or steepened,0.2665
R0_current,0.0,0.1,1.5,steepened,0.99875
R0_current,0.0,0.1,1.5,kept,0.00125
R1_half_bound,0.0,0.1,1.5,steepened,0.99875
R1_half_bound,0.0,0.1,1.5,kept,0.00125
R2_reorder,0.0,0.1,1.5,steepened,0.99875
R2_reorder,0.0,0.1,1.5,kept,0.00125
R3_interval,0.0,0.1,1.5,steepened,0.79025
R3_interval,0.0,0.1,1.5,kept or steepened,0.20975
R0_current,0.0,0.1,1.525,steepened,0.99975
R0_current,0.0,0.1,1.525,kept,0.00025
R1_half_bound,0.0,0.1,1.525,steepened,0.99975
R1_half_bound,0.0,0.1,1.525,kept,0.00025
R2_reorder,0.0,0.1,1.525,steepened,0.99975
R2_reorder,0.0,0.1,1.525,kept,0.00025
R3_interval,0.0,0.1,1.525,steepened,0.85725
R3_interval,0.0,0.1,1.525,kept or steepened,0.14275
R0_current,0.0,0.1,1.55,steepened,0.9995
R0_current,0.0,0.1,1.55,kept,0.0005
R1_half_bound,0.0,0.1,1.55,steepened,0.9995
R1_half_bound,0.0,0.1,1.55,kept,0.0005
R2_reorder,0.0,0.1,1.55,steepened,0.9995
R2_reorder,0.0,0.1,1.55,kept,0.0005
R3_interval,0.0,0.1,1.55,steepened,0.9225
R3_interval,0.0,0.1,1.55,kept or steepened,0.0775
R0_current,0.0,0.1,1.575,steepened,1.0
R1_half_bound,0.0,0.1,1.575,steepened,1.0
R2_reorder,0.0,0.1,1.575,steepened,1.0
R3_interval,0.0,0.1,1.575,steepened,0.94275
R3_interval,0.0,0.1,1.575,kept or steepened,0.05725
R0_current,0.0,0.1,1.6,steepened,1.0
R1_half_bound,0.0,0.1,1.6,steepened,1.0
R2_reorder,0.0,0.1,1.6,steepened,1.0
R3_interval,0.0,0.1,1.6,steepened,0.9675
R3_interval,0.0,0.1,1.6,kept or steepened,0.0325
R0_current,0.0,0.1,1.625,steepened,1.0
R1_half_bound,0.0,0.1,1.625,steepened,1.0
R2_reorder,0.0,0.1,1.625,steepened,1.0
R3_interval,0.0,0.1,1.625,steepened,0.98
R3_interval,0.0,0.1,1.625,kept or steepened,0.02
R0_current,0.0,0.1,1.65,steepened,1.0
R1_half_bound,0.0,0.1,1.65,steepened,1.0
R2_reorder,0.0,0.1,1.65,steepened,1.0
R3_interval,0.0,0.1,1.65,steepened,0.98775
R3_interval,0.0,0.1,1.65,kept or steepened,0.01225
R0_current,0.0,0.1,1.675,steepened,1.0
R1_half_bound,0.0,0.1,1.675,steepened,1.0
R2_reorder,0.0,0.1,1.675,steepened,1.0
R3_interval,0.0,0.1,1.675,steepened,0.996
R3_interval,0.0,0.1,1.675,kept or steepened,0.004
R0_current,0.0,0.1,1.7,steepened,1.0
R1_half_bound,0.0,0.1,1.7,steepened,1.0
R2_reorder,0.0,0.1,1.7,steepened,1.0
R3_interval,0.0,0.1,1.7,steepened,0.998
R3_interval,0.0,0.1,1.7,kept or steepened,0.002
R0_current,0.0,0.1,1.725,steepened,1.0
R1_half_bound,0.0,0.1,1.725,steepened,1.0
R2_reorder,0.0,0.1,1.725,steepened,1.0
R3_interval,0.0,0.1,1.725,steepened,0.99925
R3_interval,0.0,0.1,1.725,kept or steepened,0.00075
R0_current,0.0,0.1,1.75,steepened,1.0
R1_half_bound,0.0,0.1,1.75,steepened,1.0
R2_reorder,0.0,0.1,1.75,steepened,1.0
R3_interval,0.0,0.1,1.75,steepened,0.99975
R3_interval,0.0,0.1,1.75,kept or steepened,0.00025
R0_current,0.0,0.1,1.775,steepened,1.0
R1_half_bound,0.0,0.1,1.775,steepened,1.0
R2_reorder,0.0,0.1,1.775,steepened,1.0
R3_interval,0.0,0.1,1.775,steepened,1.0
R0_current,0.0,0.1,1.8,steepened,1.0
R1_half_bound,0.0,0.1,1.8,steepened,1.0
R2_reorder,0.0,0.1,1.8,steepened,1.0
R3_interval,0.0,0.1,1.8,steepened,1.0
R0_current,0.0,0.1,1.825,steepened,1.0
R1_half_bound,0.0,0.1,1.825,steepened,1.0
R2_reorder,0.0,0.1,1.825,steepened,1.0
R3_interval,0.0,0.1,1.825,steepened,1.0
R0_current,0.0,0.1,1.85,steepened,1.0
R1_half_bound,0.0,0.1,1.85,steepened,1.0
R2_reorder,0.0,0.1,1.85,steepened,1.0
R3_interval,0.0,0.1,1.85,steepened,1.0
R0_current,0.0,0.1,1.875,steepened,1.0
R1_half_bound,0.0,0.1,1.875,steepened,1.0
R2_reorder,0.0,0.1,1.875,steepened,1.0
R3_interval,0.0,0.1,1.875,steepened,1.0
R0_current,0.0,0.1,1.9,steepened,1.0
R1_half_bound,0.0,0.1,1.9,steepened,1.0
R2_reorder,0.0,0.1,1.9,steepened,1.0
R3_interval,0.0,0.1,1.9,steepened,1.0
R0_current,0.0,0.1,1.925,steepened,1.0
R1_half_bound,0.0,0.1,1.925,steepened,1.0
R2_reorder,0.0,0.1,1.925,steepened,1.0
R3_interval,0.0,0.1,1.925,steepened,1.0
R0_current,0.0,0.1,1.95,steepened,1.0
R1_half_bound,0.0,0.1,1.95,steepened,1.0
R2_reorder,0.0,0.1,1.95,steepened,1.0
R3_interval,0.0,0.1,1.95,steepened,1.0
R0_current,0.0,0.1,1.975,steepened,1.0
R1_half_bound,0.0,0.1,1.975,steepened,1.0
R2_reorder,0.0,0.1,1.975,steepened,1.0
R3_interval,0.0,0.1,1.975,steepened,1.0
R0_current,0.0,0.1,2.0,steepened,1.0
R1_half_bound,0.0,0.1,2.0,steepened,1.0
R2_reorder,0.0,0.1,2.0,steepened,1.0
R3_interval,0.0,0.1,2.0,steepened,1.0
R0_current,0.0,0.2,-0.75,reversed,0.65275
R0_current,0.0,0.2,-0.75,missing,0.34725
R1_half_bound,0.0,0.2,-0.75,reversed,0.999
R1_half_bound,0.0,0.2,-0.75,missing,0.001
R2_reorder,0.0,0.2,-0.75,reversed,0.65275
R2_reorder,0.0,0.2,-0.75,missing,0.34725
R3_interval,0.0,0.2,-0.75,reversed,0.79075
R3_interval,0.0,0.2,-0.75,reversed or missing,0.20925
R0_current,0.0,0.2,-0.725,reversed,0.59975
R0_current,0.0,0.2,-0.725,missing,0.40025
R1_half_bound,0.0,0.2,-0.725,reversed,0.99775
R1_half_bound,0.0,0.2,-0.725,missing,0.00225
R2_reorder,0.0,0.2,-0.725,reversed,0.59975
R2_reorder,0.0,0.2,-0.725,missing,0.40025
R3_interval,0.0,0.2,-0.725,reversed,0.757
R3_interval,0.0,0.2,-0.725,reversed or missing,0.2425
R3_interval,0.0,0.2,-0.725,undetermined,0.0005
R0_current,0.0,0.2,-0.7,reversed,0.55425
R0_current,0.0,0.2,-0.7,missing,0.44575
R1_half_bound,0.0,0.2,-0.7,reversed,0.9955
R1_half_bound,0.0,0.2,-0.7,missing,0.0045
R2_reorder,0.0,0.2,-0.7,reversed,0.55425
R2_reorder,0.0,0.2,-0.7,missing,0.44525
R2_reorder,0.0,0.2,-0.7,flattened,0.0005
R3_interval,0.0,0.2,-0.7,reversed,0.7235
R3_interval,0.0,0.2,-0.7,reversed or missing,0.27525
R3_interval,0.0,0.2,-0.7,undetermined,0.00125
R0_current,0.0,0.2,-0.675,reversed,0.51675
R0_current,0.0,0.2,-0.675,missing,0.48325
R1_half_bound,0.0,0.2,-0.675,reversed,0.9955
R1_half_bound,0.0,0.2,-0.675,missing,0.00425
R1_half_bound,0.0,0.2,-0.675,flattened,0.00025
R2_reorder,0.0,0.2,-0.675,reversed,0.51675
R2_reorder,0.0,0.2,-0.675,missing,0.483
R2_reorder,0.0,0.2,-0.675,flattened,0.00025
R3_interval,0.0,0.2,-0.675,reversed,0.68175
R3_interval,0.0,0.2,-0.675,reversed or missing,0.31675
R3_interval,0.0,0.2,-0.675,undetermined,0.00125
R3_interval,0.0,0.2,-0.675,missing or flattened,0.00025
R0_current,0.0,0.2,-0.65,missing,0.539
R0_current,0.0,0.2,-0.65,reversed,0.461
R1_half_bound,0.0,0.2,-0.65,reversed,0.99075
R1_half_bound,0.0,0.2,-0.65,missing,0.00925
R2_reorder,0.0,0.2,-0.65,missing,0.53875
R2_reorder,0.0,0.2,-0.65,reversed,0.461
R2_reorder,0.0,0.2,-0.65,flattened,0.00025
R3_interval,0.0,0.2,-0.65,reversed,0.62475
R3_interval,0.0,0.2,-0.65,reversed or missing,0.373
R3_interval,0.0,0.2,-0.65,undetermined,0.00225
R0_current,0.0,0.2,-0.625,missing,0.6005
R0_current,0.0,0.2,-0.625,reversed,0.3995
R1_half_bound,0.0,0.2,-0.625,reversed,0.99025
R1_half_bound,0.0,0.2,-0.625,missing,0.0095
R1_half_bound,0.0,0.2,-0.625,flattened,0.00025
R2_reorder,0.0,0.2,-0.625,missing,0.599
R2_reorder,0.0,0.2,-0.625,reversed,0.3995
R2_reorder,0.0,0.2,-0.625,flattened,0.0015
R3_interval,0.0,0.2,-0.625,reversed,0.58225
R3_interval,0.0,0.2,-0.625,reversed or missing,0.41475
R3_interval,0.0,0.2,-0.625,undetermined,0.0025
R3_interval,0.0,0.2,-0.625,missing or flattened,0.0005
R0_current,0.0,0.2,-0.6,missing,0.6505
R0_current,0.0,0.2,-0.6,reversed,0.3495
R1_half_bound,0.0,0.2,-0.6,reversed,0.97975
R1_half_bound,0.0,0.2,-0.6,missing,0.02025
R2_reorder,0.0,0.2,-0.6,missing,0.64825
R2_reorder,0.0,0.2,-0.6,reversed,0.3495
R2_reorder,0.0,0.2,-0.6,flattened,0.00225
R3_interval,0.0,0.2,-0.6,reversed,0.52275
R3_interval,0.0,0.2,-0.6,reversed or missing,0.472
R3_interval,0.0,0.2,-0.6,undetermined,0.00475
R3_interval,0.0,0.2,-0.6,missing or flattened,0.0005
R0_current,0.0,0.2,-0.575,missing,0.68975
R0_current,0.0,0.2,-0.575,reversed,0.31025
R1_half_bound,0.0,0.2,-0.575,reversed,0.977
R1_half_bound,0.0,0.2,-0.575,missing,0.023
R2_reorder,0.0,0.2,-0.575,missing,0.68825
R2_reorder,0.0,0.2,-0.575,reversed,0.31025
R2_reorder,0.0,0.2,-0.575,flattened,0.0015
R3_interval,0.0,0.2,-0.575,reversed or missing,0.50775
R3_interval,0.0,0.2,-0.575,reversed,0.48525
R3_interval,0.0,0.2,-0.575,undetermined,0.0065
R3_interval,0.0,0.2,-0.575,missing or flattened,0.0005
R0_current,0.0,0.2,-0.55,missing,0.7295
R0_current,0.0,0.2,-0.55,reversed,0.2705
R1_half_bound,0.0,0.2,-0.55,reversed,0.97125
R1_half_bound,0.0,0.2,-0.55,missing,0.02875
R2_reorder,0.0,0.2,-0.55,missing,0.7265
R2_reorder,0.0,0.2,-0.55,reversed,0.2705
R2_reorder,0.0,0.2,-0.55,flattened,0.003
R3_interval,0.0,0.2,-0.55,reversed or missing,0.563
R3_interval,0.0,0.2,-0.55,reversed,0.42775
R3_interval,0.0,0.2,-0.55,undetermined,0.00875
R3_interval,0.0,0.2,-0.55,missing or flattened,0.0005
R0_current,0.0,0.2,-0.525,missing,0.7485
R0_current,0.0,0.2,-0.525,reversed,0.2515
R1_half_bound,0.0,0.2,-0.525,reversed,0.96425
R1_half_bound,0.0,0.2,-0.525,missing,0.0355
R1_half_bound,0.0,0.2,-0.525,flattened,0.00025
R2_reorder,0.0,0.2,-0.525,missing,0.74475
R2_reorder,0.0,0.2,-0.525,reversed,0.2515
R2_reorder,0.0,0.2,-0.525,flattened,0.00375
R3_interval,0.0,0.2,-0.525,reversed or missing,0.59375
R3_interval,0.0,0.2,-0.525,reversed,0.393
R3_interval,0.0,0.2,-0.525,undetermined,0.0125
R3_interval,0.0,0.2,-0.525,missing or flattened,0.00075
R0_current,0.0,0.2,-0.5,missing,0.80175
R0_current,0.0,0.2,-0.5,reversed,0.19825
R1_half_bound,0.0,0.2,-0.5,reversed,0.95325
R1_half_bound,0.0,0.2,-0.5,missing,0.0465
R1_half_bound,0.0,0.2,-0.5,flattened,0.00025
R2_reorder,0.0,0.2,-0.5,missing,0.79675
R2_reorder,0.0,0.2,-0.5,reversed,0.19825
R2_reorder,0.0,0.2,-0.5,flattened,0.005
R3_interval,0.0,0.2,-0.5,reversed or missing,0.63925
R3_interval,0.0,0.2,-0.5,reversed,0.342
R3_interval,0.0,0.2,-0.5,undetermined,0.017
R3_interval,0.0,0.2,-0.5,missing or flattened,0.00175
R0_current,0.0,0.2,-0.475,missing,0.83425
R0_current,0.0,0.2,-0.475,reversed,0.16575
R1_half_bound,0.0,0.2,-0.475,reversed,0.93525
R1_half_bound,0.0,0.2,-0.475,missing,0.06375
R1_half_bound,0.0,0.2,-0.475,flattened,0.001
R2_reorder,0.0,0.2,-0.475,missing,0.82525
R2_reorder,0.0,0.2,-0.475,reversed,0.16575
R2_reorder,0.0,0.2,-0.475,flattened,0.009
R3_interval,0.0,0.2,-0.475,reversed or missing,0.67575
R3_interval,0.0,0.2,-0.475,reversed,0.299
R3_interval,0.0,0.2,-0.475,undetermined,0.02325
R3_interval,0.0,0.2,-0.475,missing or flattened,0.002
R0_current,0.0,0.2,-0.45,missing,0.86075
R0_current,0.0,0.2,-0.45,reversed,0.13925
R1_half_bound,0.0,0.2,-0.45,reversed,0.9225
R1_half_bound,0.0,0.2,-0.45,missing,0.07625
R1_half_bound,0.0,0.2,-0.45,flattened,0.00125
R2_reorder,0.0,0.2,-0.45,missing,0.84975
R2_reorder,0.0,0.2,-0.45,reversed,0.13925
R2_reorder,0.0,0.2,-0.45,flattened,0.011
R3_interval,0.0,0.2,-0.45,reversed or missing,0.701
R3_interval,0.0,0.2,-0.45,reversed,0.268
R3_interval,0.0,0.2,-0.45,undetermined,0.0275
R3_interval,0.0,0.2,-0.45,missing or flattened,0.0035
R0_current,0.0,0.2,-0.425,missing,0.89125
R0_current,0.0,0.2,-0.425,reversed,0.10875
R1_half_bound,0.0,0.2,-0.425,reversed,0.90475
R1_half_bound,0.0,0.2,-0.425,missing,0.09325
R1_half_bound,0.0,0.2,-0.425,flattened,0.002
R2_reorder,0.0,0.2,-0.425,missing,0.8755
R2_reorder,0.0,0.2,-0.425,reversed,0.10875
R2_reorder,0.0,0.2,-0.425,flattened,0.01575
R3_interval,0.0,0.2,-0.425,reversed or missing,0.7465
R3_interval,0.0,0.2,-0.425,reversed,0.214
R3_interval,0.0,0.2,-0.425,undetermined,0.034
R3_interval,0.0,0.2,-0.425,missing or flattened,0.0055
R0_current,0.0,0.2,-0.4,missing,0.90675
R0_current,0.0,0.2,-0.4,reversed,0.09325
R1_half_bound,0.0,0.2,-0.4,reversed,0.87125
R1_half_bound,0.0,0.2,-0.4,missing,0.127
R1_half_bound,0.0,0.2,-0.4,flattened,0.00175
R2_reorder,0.0,0.2,-0.4,missing,0.8845
R2_reorder,0.0,0.2,-0.4,reversed,0.09325
R2_reorder,0.0,0.2,-0.4,flattened,0.02225
R3_interval,0.0,0.2,-0.4,reversed or missing,0.7665
R3_interval,0.0,0.2,-0.4,reversed,0.18275
R3_interval,0.0,0.2,-0.4,undetermined,0.04325
R3_interval,0.0,0.2,-0.4,missing or flattened,0.0075
R0_current,0.0,0.2,-0.375,missing,0.92975
R0_current,0.0,0.2,-0.375,reversed,0.07025
R1_half_bound,0.0,0.2,-0.375,reversed,0.843
R1_half_bound,0.0,0.2,-0.375,missing,0.15375
R1_half_bound,0.0,0.2,-0.375,flattened,0.00325
R2_reorder,0.0,0.2,-0.375,missing,0.902
R2_reorder,0.0,0.2,-0.375,reversed,0.07025
R2_reorder,0.0,0.2,-0.375,flattened,0.02775
R3_interval,0.0,0.2,-0.375,reversed or missing,0.77825
R3_interval,0.0,0.2,-0.375,reversed,0.1505
R3_interval,0.0,0.2,-0.375,undetermined,0.0595
R3_interval,0.0,0.2,-0.375,missing or flattened,0.01175
R0_current,0.0,0.2,-0.35,missing,0.9465
R0_current,0.0,0.2,-0.35,reversed,0.0535
R1_half_bound,0.0,0.2,-0.35,reversed,0.82025
R1_half_bound,0.0,0.2,-0.35,missing,0.17325
R1_half_bound,0.0,0.2,-0.35,flattened,0.0065
R2_reorder,0.0,0.2,-0.35,missing,0.9065
R2_reorder,0.0,0.2,-0.35,reversed,0.0535
R2_reorder,0.0,0.2,-0.35,flattened,0.04
R3_interval,0.0,0.2,-0.35,reversed or missing,0.78725
R3_interval,0.0,0.2,-0.35,reversed,0.12475
R3_interval,0.0,0.2,-0.35,undetermined,0.06975
R3_interval,0.0,0.2,-0.35,missing or flattened,0.01825
R0_current,0.0,0.2,-0.325,missing,0.95975
R0_current,0.0,0.2,-0.325,reversed,0.04025
R1_half_bound,0.0,0.2,-0.325,reversed,0.77975
R1_half_bound,0.0,0.2,-0.325,missing,0.213
R1_half_bound,0.0,0.2,-0.325,flattened,0.00725
R2_reorder,0.0,0.2,-0.325,missing,0.906
R2_reorder,0.0,0.2,-0.325,flattened,0.05375
R2_reorder,0.0,0.2,-0.325,reversed,0.04025
R3_interval,0.0,0.2,-0.325,reversed or missing,0.791
R3_interval,0.0,0.2,-0.325,reversed,0.097
R3_interval,0.0,0.2,-0.325,undetermined,0.089
R3_interval,0.0,0.2,-0.325,missing or flattened,0.023
R0_current,0.0,0.2,-0.3,missing,0.96225
R0_current,0.0,0.2,-0.3,reversed,0.03775
R1_half_bound,0.0,0.2,-0.3,reversed,0.756
R1_half_bound,0.0,0.2,-0.3,missing,0.233
R1_half_bound,0.0,0.2,-0.3,flattened,0.011
R2_reorder,0.0,0.2,-0.3,missing,0.9
R2_reorder,0.0,0.2,-0.3,flattened,0.06225
R2_reorder,0.0,0.2,-0.3,reversed,0.03775
R3_interval,0.0,0.2,-0.3,reversed or missing,0.7785
R3_interval,0.0,0.2,-0.3,undetermined,0.10225
R3_interval,0.0,0.2,-0.3,reversed,0.093
R3_interval,0.0,0.2,-0.3,missing or flattened,0.02625
R0_current,0.0,0.2,-0.275,missing,0.97425
R0_current,0.0,0.2,-0.275,reversed,0.02575
R1_half_bound,0.0,0.2,-0.275,reversed,0.70425
R1_half_bound,0.0,0.2,-0.275,missing,0.28475
R1_half_bound,0.0,0.2,-0.275,flattened,0.011
R2_reorder,0.0,0.2,-0.275,missing,0.887
R2_reorder,0.0,0.2,-0.275,flattened,0.08725
R2_reorder,0.0,0.2,-0.275,reversed,0.02575
R3_interval,0.0,0.2,-0.275,reversed or missing,0.767
R3_interval,0.0,0.2,-0.275,undetermined,0.12675
R3_interval,0.0,0.2,-0.275,reversed,0.067
R3_interval,0.0,0.2,-0.275,missing or flattened,0.03925
R0_current,0.0,0.2,-0.25,missing,0.98225
R0_current,0.0,0.2,-0.25,reversed,0.01775
R1_half_bound,0.0,0.2,-0.25,reversed,0.6505
R1_half_bound,0.0,0.2,-0.25,missing,0.33375
R1_half_bound,0.0,0.2,-0.25,flattened,0.01575
R2_reorder,0.0,0.2,-0.25,missing,0.871
R2_reorder,0.0,0.2,-0.25,flattened,0.11125
R2_reorder,0.0,0.2,-0.25,reversed,0.01775
R3_interval,0.0,0.2,-0.25,reversed or missing,0.7495
R3_interval,0.0,0.2,-0.25,undetermined,0.15525
R3_interval,0.0,0.2,-0.25,missing or flattened,0.0485
R3_interval,0.0,0.2,-0.25,reversed,0.04675
R0_current,0.0,0.2,-0.225,missing,0.9875
R0_current,0.0,0.2,-0.225,reversed,0.0125
R1_half_bound,0.0,0.2,-0.225,reversed,0.5955
R1_half_bound,0.0,0.2,-0.225,missing,0.37875
R1_half_bound,0.0,0.2,-0.225,flattened,0.02575
R2_reorder,0.0,0.2,-0.225,missing,0.85325
R2_reorder,0.0,0.2,-0.225,flattened,0.13425
R2_reorder,0.0,0.2,-0.225,reversed,0.0125
R3_interval,0.0,0.2,-0.225,reversed or missing,0.721
R3_interval,0.0,0.2,-0.225,undetermined,0.17275
R3_interval,0.0,0.2,-0.225,missing or flattened,0.071
R3_interval,0.0,0.2,-0.225,reversed,0.03525
R0_current,0.0,0.2,-0.2,missing,0.99025
R0_current,0.0,0.2,-0.2,reversed,0.00975
R1_half_bound,0.0,0.2,-0.2,reversed,0.561
R1_half_bound,0.0,0.2,-0.2,missing,0.40725
R1_half_bound,0.0,0.2,-0.2,flattened,0.03175
R2_reorder,0.0,0.2,-0.2,missing,0.82725
R2_reorder,0.0,0.2,-0.2,flattened,0.163
R2_reorder,0.0,0.2,-0.2,reversed,0.00975
R3_interval,0.0,0.2,-0.2,reversed or missing,0.689
R3_interval,0.0,0.2,-0.2,undetermined,0.2
R3_interval,0.0,0.2,-0.2,missing or flattened,0.08175
R3_interval,0.0,0.2,-0.2,reversed,0.02925
R0_current,0.0,0.2,-0.175,missing,0.99375
R0_current,0.0,0.2,-0.175,reversed,0.00625
R1_half_bound,0.0,0.2,-0.175,reversed,0.498
R1_half_bound,0.0,0.2,-0.175,missing,0.4575
R1_half_bound,0.0,0.2,-0.175,flattened,0.0445
R2_reorder,0.0,0.2,-0.175,missing,0.796
R2_reorder,0.0,0.2,-0.175,flattened,0.19775
R2_reorder,0.0,0.2,-0.175,reversed,0.00625
R3_interval,0.0,0.2,-0.175,reversed or missing,0.64875
R3_interval,0.0,0.2,-0.175,undetermined,0.22825
R3_interval,0.0,0.2,-0.175,missing or flattened,0.10425
R3_interval,0.0,0.2,-0.175,reversed,0.01875
R0_current,0.0,0.2,-0.15,missing,0.994
R0_current,0.0,0.2,-0.15,reversed,0.006
R1_half_bound,0.0,0.2,-0.15,missing,0.49325
R1_half_bound,0.0,0.2,-0.15,reversed,0.45075
R1_half_bound,0.0,0.2,-0.15,flattened,0.056
R2_reorder,0.0,0.2,-0.15,missing,0.76375
R2_reorder,0.0,0.2,-0.15,flattened,0.23025
R2_reorder,0.0,0.2,-0.15,reversed,0.006
R3_interval,0.0,0.2,-0.15,reversed or missing,0.604
R3_interval,0.0,0.2,-0.15,undetermined,0.25275
R3_interval,0.0,0.2,-0.15,missing or flattened,0.1225
R3_interval,0.0,0.2,-0.15,reversed,0.02075
R0_current,0.0,0.2,-0.125,missing,0.99625
R0_current,0.0,0.2,-0.125,reversed,0.00375
R1_half_bound,0.0,0.2,-0.125,missing,0.50725
R1_half_bound,0.0,0.2,-0.125,reversed,0.4195
R1_half_bound,0.0,0.2,-0.125,flattened,0.07325
R2_reorder,0.0,0.2,-0.125,missing,0.737
R2_reorder,0.0,0.2,-0.125,flattened,0.25925
R2_reorder,0.0,0.2,-0.125,reversed,0.00375
R3_interval,0.0,0.2,-0.125,reversed or missing,0.57575
R3_interval,0.0,0.2,-0.125,undetermined,0.253
R3_interval,0.0,0.2,-0.125,missing or flattened,0.1565
R3_interval,0.0,0.2,-0.125,reversed,0.01475
R0_current,0.0,0.2,-0.1,missing,0.9985
R0_current,0.0,0.2,-0.1,reversed,0.0015
R1_half_bound,0.0,0.2,-0.1,missing,0.5445
R1_half_bound,0.0,0.2,-0.1,reversed,0.36275
R1_half_bound,0.0,0.2,-0.1,flattened,0.09275
R2_reorder,0.0,0.2,-0.1,missing,0.68225
R2_reorder,0.0,0.2,-0.1,flattened,0.31625
R2_reorder,0.0,0.2,-0.1,reversed,0.0015
R3_interval,0.0,0.2,-0.1,reversed or missing,0.5245
R3_interval,0.0,0.2,-0.1,undetermined,0.28125
R3_interval,0.0,0.2,-0.1,missing or flattened,0.1845
R3_interval,0.0,0.2,-0.1,reversed,0.00975
R0_current,0.0,0.2,-0.075,missing,0.9975
R0_current,0.0,0.2,-0.075,reversed,0.00175
R0_current,0.0,0.2,-0.075,kept,0.00075
R1_half_bound,0.0,0.2,-0.075,missing,0.5775
R1_half_bound,0.0,0.2,-0.075,reversed,0.317
R1_half_bound,0.0,0.2,-0.075,flattened,0.10475
R1_half_bound,0.0,0.2,-0.075,undetermined,0.00075
R2_reorder,0.0,0.2,-0.075,missing,0.656
R2_reorder,0.0,0.2,-0.075,flattened,0.3415
R2_reorder,0.0,0.2,-0.075,reversed,0.00175
R2_reorder,0.0,0.2,-0.075,kept,0.00075
R3_interval,0.0,0.2,-0.075,reversed or missing,0.4835
R3_interval,0.0,0.2,-0.075,undetermined,0.31425
R3_interval,0.0,0.2,-0.075,missing or flattened,0.196
R3_interval,0.0,0.2,-0.075,reversed,0.0055
R3_interval,0.0,0.2,-0.075,flattened or kept,0.00075
R0_current,0.0,0.2,-0.05,missing,0.998
R0_current,0.0,0.2,-0.05,kept,0.001
R0_current,0.0,0.2,-0.05,reversed,0.001
R1_half_bound,0.0,0.2,-0.05,missing,0.583
R1_half_bound,0.0,0.2,-0.05,reversed,0.27475
R1_half_bound,0.0,0.2,-0.05,flattened,0.14125
R1_half_bound,0.0,0.2,-0.05,undetermined,0.001
R2_reorder,0.0,0.2,-0.05,missing,0.60025
R2_reorder,0.0,0.2,-0.05,flattened,0.39775
R2_reorder,0.0,0.2,-0.05,kept,0.001
R2_reorder,0.0,0.2,-0.05,reversed,0.001
R3_interval,0.0,0.2,-0.05,reversed or missing,0.43775
R3_interval,0.0,0.2,-0.05,undetermined,0.302
R3_interval,0.0,0.2,-0.05,missing or flattened,0.255
R3_interval,0.0,0.2,-0.05,reversed,0.004
R3_interval,0.0,0.2,-0.05,flattened or kept,0.00125
R0_current,0.0,0.2,-0.025,missing,0.99775
R0_current,0.0,0.2,-0.025,kept,0.00125
R0_current,0.0,0.2,-0.025,reversed,0.001
R1_half_bound,0.0,0.2,-0.025,missing,0.59375
R1_half_bound,0.0,0.2,-0.025,reversed,0.23825
R1_half_bound,0.0,0.2,-0.025,flattened,0.16675
R1_half_bound,0.0,0.2,-0.025,undetermined,0.00125
R2_reorder,0.0,0.2,-0.025,missing,0.55
R2_reorder,0.0,0.2,-0.025,flattened,0.44775
R2_reorder,0.0,0.2,-0.025,kept,0.00125
R2_reorder,0.0,0.2,-0.025,reversed,0.001
R3_interval,0.0,0.2,-0.025,reversed or missing,0.3875
R3_interval,0.0,0.2,-0.025,undetermined,0.31425
R3_interval,0.0,0.2,-0.025,missing or flattened,0.292
R3_interval,0.0,0.2,-0.025,reversed,0.00425
R3_interval,0.0,0.2,-0.025,flattened or kept,0.002
R0_current,0.0,0.2,0.0,missing,0.99825
R0_current,0.0,0.2,0.0,kept,0.0015
R0_current,0.0,0.2,0.0,reversed,0.00025
R1_half_bound,0.0,0.2,0.0,missing,0.5985
R1_half_bound,0.0,0.2,0.0,reversed,0.20875
R1_half_bound,0.0,0.2,0.0,flattened,0.19125
R1_half_bound,0.0,0.2,0.0,undetermined,0.0015
R2_reorder,0.0,0.2,0.0,missing,0.506
R2_reorder,0.0,0.2,0.0,flattened,0.49225
R2_reorder,0.0,0.2,0.0,kept,0.0015
R2_reorder,0.0,0.2,0.0,reversed,0.00025
R3_interval,0.0,0.2,0.0,reversed or missing,0.3465
R3_interval,0.0,0.2,0.0,undetermined,0.331
R3_interval,0.0,0.2,0.0,missing or flattened,0.3185
R3_interval,0.0,0.2,0.0,reversed,0.00225
R3_interval,0.0,0.2,0.0,flattened or kept,0.00175
R0_current,0.0,0.2,0.025,missing,0.9975
R0_current,0.0,0.2,0.025,kept,0.0025
R1_half_bound,0.0,0.2,0.025,missing,0.60575
R1_half_bound,0.0,0.2,0.025,flattened,0.2335
R1_half_bound,0.0,0.2,0.025,reversed,0.15825
R1_half_bound,0.0,0.2,0.025,undetermined,0.0025
R2_reorder,0.0,0.2,0.025,flattened,0.55675
R2_reorder,0.0,0.2,0.025,missing,0.44075
R2_reorder,0.0,0.2,0.025,kept,0.0025
R3_interval,0.0,0.2,0.025,missing or flattened,0.37375
R3_interval,0.0,0.2,0.025,undetermined,0.3265
R3_interval,0.0,0.2,0.025,reversed or missing,0.295
R3_interval,0.0,0.2,0.025,flattened or kept,0.003
R3_interval,0.0,0.2,0.025,reversed,0.00175
R0_current,0.0,0.2,0.05,missing,0.99525
R0_current,0.0,0.2,0.05,kept,0.00475
R1_half_bound,0.0,0.2,0.05,missing,0.5905
R1_half_bound,0.0,0.2,0.05,flattened,0.26425
R1_half_bound,0.0,0.2,0.05,reversed,0.1405
R1_half_bound,0.0,0.2,0.05,undetermined,0.00475
R2_reorder,0.0,0.2,0.05,flattened,0.579
R2_reorder,0.0,0.2,0.05,missing,0.41625
R2_reorder,0.0,0.2,0.05,kept,0.00475
R3_interval,0.0,0.2,0.05,missing or flattened,0.39775
R3_interval,0.0,0.2,0.05,undetermined,0.33775
R3_interval,0.0,0.2,0.05,reversed or missing,0.25775
R3_interval,0.0,0.2,0.05,flattened or kept,0.006
R3_interval,0.0,0.2,0.05,reversed,0.00075
R0_current,0.0,0.2,0.075,missing,0.99525
R0_current,0.0,0.2,0.075,kept,0.00475
R1_half_bound,0.0,0.2,0.075,missing,0.57725
R1_half_bound,0.0,0.2,0.075,flattened,0.3095
R1_half_bound,0.0,0.2,0.075,reversed,0.1085
R1_half_bound,0.0,0.2,0.075,undetermined,0.0045
R1_half_bound,0.0,0.2,0.075,kept,0.00025
R2_reorder,0.0,0.2,0.075,flattened,0.63275
R2_reorder,0.0,0.2,0.075,missing,0.3625
R2_reorder,0.0,0.2,0.075,kept,0.00475
R3_interval,0.0,0.2,0.075,missing or flattened,0.43175
R3_interval,0.0,0.2,0.075,undetermined,0.34475
R3_interval,0.0,0.2,0.075,reversed or missing,0.2165
R3_interval,0.0,0.2,0.075,flattened or kept,0.0065
R3_interval,0.0,0.2,0.075,reversed,0.0005
R0_current,0.0,0.2,0.1,missing,0.9935
R0_current,0.0,0.2,0.1,kept,0.0065
R1_half_bound,0.0,0.2,0.1,missing,0.5525
R1_half_bound,0.0,0.2,0.1,flattened,0.35275
R1_half_bound,0.0,0.2,0.1,reversed,0.08825
R1_half_bound,0.0,0.2,0.1,undetermined,0.006
R1_half_bound,0.0,0.2,0.1,kept,0.0005
R2_reorder,0.0,0.2,0.1,flattened,0.68825
R2_reorder,0.0,0.2,0.1,missing,0.30525
R2_reorder,0.0,0.2,0.1,kept,0.0065
R3_interval,0.0,0.2,0.1,missing or flattened,0.49275
R3_interval,0.0,0.2,0.1,undetermined,0.31475
R3_interval,0.0,0.2,0.1,reversed or missing,0.1825
R3_interval,0.0,0.2,0.1,flattened or kept,0.00975
R3_interval,0.0,0.2,0.1,reversed,0.00025
R0_current,0.0,0.2,0.125,missing,0.99325
R0_current,0.0,0.2,0.125,kept,0.00675
R1_half_bound,0.0,0.2,0.125,missing,0.5205
R1_half_bound,0.0,0.2,0.125,flattened,0.4045
R1_half_bound,0.0,0.2,0.125,reversed,0.06825
R1_half_bound,0.0,0.2,0.125,undetermined,0.00625
R1_half_bound,0.0,0.2,0.125,kept,0.0005
R2_reorder,0.0,0.2,0.125,flattened,0.7375
R2_reorder,0.0,0.2,0.125,missing,0.25575
R2_reorder,0.0,0.2,0.125,kept,0.00675
R3_interval,0.0,0.2,0.125,missing or flattened,0.528
R3_interval,0.0,0.2,0.125,undetermined,0.317
R3_interval,0.0,0.2,0.125,reversed or missing,0.144
R3_interval,0.0,0.2,0.125,flattened or kept,0.011
R0_current,0.0,0.2,0.15,missing,0.987
R0_current,0.0,0.2,0.15,kept,0.013
R1_half_bound,0.0,0.2,0.15,missing,0.482
R1_half_bound,0.0,0.2,0.15,flattened,0.44475
R1_half_bound,0.0,0.2,0.15,reversed,0.06025
R1_half_bound,0.0,0.2,0.15,undetermined,0.01175
R1_half_bound,0.0,0.2,0.15,kept,0.00125
R2_reorder,0.0,0.2,0.15,flattened,0.759
R2_reorder,0.0,0.2,0.15,missing,0.228
R2_reorder,0.0,0.2,0.15,kept,0.013
R3_interval,0.0,0.2,0.15,missing or flattened,0.54975
R3_interval,0.0,0.2,0.15,undetermined,0.30575
R3_interval,0.0,0.2,0.15,reversed or missing,0.12625
R3_interval,0.0,0.2,0.15,flattened or kept,0.0175
R3_interval,0.0,0.2,0.15,reversed,0.00075
R0_current,0.0,0.2,0.175,missing,0.98325
R0_current,0.0,0.2,0.175,kept,0.01675
R1_half_bound,0.0,0.2,0.175,flattened,0.50325
R1_half_bound,0.0,0.2,0.175,missing,0.44325
R1_half_bound,0.0,0.2,0.175,reversed,0.03675
R1_half_bound,0.0,0.2,0.175,undetermined,0.016
R1_half_bound,0.0,0.2,0.175,kept,0.00075
R2_reorder,0.0,0.2,0.175,flattened,0.8035
R2_reorder,0.0,0.2,0.175,missing,0.17975
R2_reorder,0.0,0.2,0.175,kept,0.01675
R3_interval,0.0,0.2,0.175,missing or flattened,0.57725
R3_interval,0.0,0.2,0.175,undetermined,0.30725
R3_interval,0.0,0.2,0.175,reversed or missing,0.09375
R3_interval,0.0,0.2,0.175,flattened or kept,0.02175
R0_current,0.0,0.2,0.2,missing,0.98075
R0_current,0.0,0.2,0.2,kept,0.01925
R1_half_bound,0.0,0.2,0.2,flattened,0.53925
R1_half_bound,0.0,0.2,0.2,missing,0.41125
R1_half_bound,0.0,0.2,0.2,reversed,0.03025
R1_half_bound,0.0,0.2,0.2,undetermined,0.0185
R1_half_bound,0.0,0.2,0.2,kept,0.00075
R2_reorder,0.0,0.2,0.2,flattened,0.82125
R2_reorder,0.0,0.2,0.2,missing,0.1595
R2_reorder,0.0,0.2,0.2,kept,0.01925
R3_interval,0.0,0.2,0.2,missing or flattened,0.584
R3_interval,0.0,0.2,0.2,undetermined,0.31275
R3_interval,0.0,0.2,0.2,reversed or missing,0.077
R3_interval,0.0,0.2,0.2,flattened or kept,0.02625
R0_current,0.0,0.2,0.225,missing,0.9725
R0_current,0.0,0.2,0.225,kept,0.0275
R1_half_bound,0.0,0.2,0.225,flattened,0.577
R1_half_bound,0.0,0.2,0.225,missing,0.372
R1_half_bound,0.0,0.2,0.225,undetermined,0.02675
R1_half_bound,0.0,0.2,0.225,reversed,0.0235
R1_half_bound,0.0,0.2,0.225,kept,0.00075
R2_reorder,0.0,0.2,0.225,flattened,0.84375
R2_reorder,0.0,0.2,0.225,missing,0.12875
R2_reorder,0.0,0.2,0.225,kept,0.0275
R3_interval,0.0,0.2,0.225,missing or flattened,0.596
R3_interval,0.0,0.2,0.225,undetermined,0.3075
R3_interval,0.0,0.2,0.225,reversed or missing,0.05875
R3_interval,0.0,0.2,0.225,flattened or kept,0.03775
R0_current,0.0,0.2,0.25,missing,0.9595
R0_current,0.0,0.2,0.25,kept,0.0405
R1_half_bound,0.0,0.2,0.25,flattened,0.612
R1_half_bound,0.0,0.2,0.25,missing,0.33125
R1_half_bound,0.0,0.2,0.25,undetermined,0.03875
R1_half_bound,0.0,0.2,0.25,reversed,0.01625
R1_half_bound,0.0,0.2,0.25,kept,0.00175
R2_reorder,0.0,0.2,0.25,flattened,0.8505
R2_reorder,0.0,0.2,0.25,missing,0.109
R2_reorder,0.0,0.2,0.25,kept,0.0405
R3_interval,0.0,0.2,0.25,missing or flattened,0.605
R3_interval,0.0,0.2,0.25,undetermined,0.2935
R3_interval,0.0,0.2,0.25,flattened or kept,0.0515
R3_interval,0.0,0.2,0.25,reversed or missing,0.04975
R3_interval,0.0,0.2,0.25,kept or steepened,0.00025
R0_current,0.0,0.2,0.275,missing,0.95175
R0_current,0.0,0.2,0.275,kept,0.04825
R1_half_bound,0.0,0.2,0.275,flattened,0.64625
R1_half_bound,0.0,0.2,0.275,missing,0.2945
R1_half_bound,0.0,0.2,0.275,undetermined,0.04475
R1_half_bound,0.0,0.2,0.275,reversed,0.011
R1_half_bound,0.0,0.2,0.275,kept,0.0035
R2_reorder,0.0,0.2,0.275,flattened,0.86125
R2_reorder,0.0,0.2,0.275,missing,0.0905
R2_reorder,0.0,0.2,0.275,kept,0.04825
R3_interval,0.0,0.2,0.275,missing or flattened,0.601
R3_interval,0.0,0.2,0.275,undetermined,0.29425
R3_interval,0.0,0.2,0.275,flattened or kept,0.06225
R3_interval,0.0,0.2,0.275,reversed or missing,0.0425
R0_current,0.0,0.2,0.3,missing,0.936
R0_current,0.0,0.2,0.3,kept,0.064
R1_half_bound,0.0,0.2,0.3,flattened,0.66525
R1_half_bound,0.0,0.2,0.3,missing,0.26175
R1_half_bound,0.0,0.2,0.3,undetermined,0.0605
R1_half_bound,0.0,0.2,0.3,reversed,0.009
R1_half_bound,0.0,0.2,0.3,kept,0.0035
R2_reorder,0.0,0.2,0.3,flattened,0.863
R2_reorder,0.0,0.2,0.3,missing,0.073
R2_reorder,0.0,0.2,0.3,kept,0.064
R3_interval,0.0,0.2,0.3,missing or flattened,0.57775
R3_interval,0.0,0.2,0.3,undetermined,0.31275
R3_interval,0.0,0.2,0.3,flattened or kept,0.07925
R3_interval,0.0,0.2,0.3,reversed or missing,0.03025
R0_current,0.0,0.2,0.325,missing,0.923
R0_current,0.0,0.2,0.325,kept,0.077
R1_half_bound,0.0,0.2,0.325,flattened,0.7015
R1_half_bound,0.0,0.2,0.325,missing,0.21475
R1_half_bound,0.0,0.2,0.325,undetermined,0.07
R1_half_bound,0.0,0.2,0.325,kept,0.007
R1_half_bound,0.0,0.2,0.325,reversed,0.00675
R2_reorder,0.0,0.2,0.325,flattened,0.869
R2_reorder,0.0,0.2,0.325,kept,0.077
R2_reorder,0.0,0.2,0.325,missing,0.054
R3_interval,0.0,0.2,0.325,missing or flattened,0.58125
R3_interval,0.0,0.2,0.325,undetermined,0.30325
R3_interval,0.0,0.2,0.325,flattened or kept,0.095
R3_interval,0.0,0.2,0.325,reversed or missing,0.02
R3_interval,0.0,0.2,0.325,kept or steepened,0.0005
R0_current,0.0,0.2,0.35,missing,0.8975
R0_current,0.0,0.2,0.35,kept,0.1025
R1_half_bound,0.0,0.2,0.35,flattened,0.7135
R1_half_bound,0.0,0.2,0.35,missing,0.18
R1_half_bound,0.0,0.2,0.35,undetermined,0.09275
R1_half_bound,0.0,0.2,0.35,kept,0.00975
R1_half_bound,0.0,0.2,0.35,reversed,0.004
R2_reorder,0.0,0.2,0.35,flattened,0.8615
R2_reorder,0.0,0.2,0.35,kept,0.1025
R2_reorder,0.0,0.2,0.35,missing,0.036
R3_interval,0.0,0.2,0.35,missing or flattened,0.555
R3_interval,0.0,0.2,0.35,undetermined,0.3015
R3_interval,0.0,0.2,0.35,flattened or kept,0.12825
R3_interval,0.0,0.2,0.35,reversed or missing,0.015
R3_interval,0.0,0.2,0.35,kept or steepened,0.00025
R0_current,0.0,0.2,0.375,missing,0.8825
R0_current,0.0,0.2,0.375,kept,0.1175
R1_half_bound,0.0,0.2,0.375,flattened,0.7295
R1_half_bound,0.0,0.2,0.375,missing,0.14925
R1_half_bound,0.0,0.2,0.375,undetermined,0.10775
R1_half_bound,0.0,0.2,0.375,kept,0.00975
R1_half_bound,0.0,0.2,0.375,reversed,0.00375
R2_reorder,0.0,0.2,0.375,flattened,0.85
R2_reorder,0.0,0.2,0.375,kept,0.1175
R2_reorder,0.0,0.2,0.375,missing,0.0325
R3_interval,0.0,0.2,0.375,missing or flattened,0.50975
R3_interval,0.0,0.2,0.375,undetermined,0.33275
R3_interval,0.0,0.2,0.375,flattened or kept,0.1435
R3_interval,0.0,0.2,0.375,reversed or missing,0.014
R0_current,0.0,0.2,0.4,missing,0.855
R0_current,0.0,0.2,0.4,kept,0.145
R1_half_bound,0.0,0.2,0.4,flattened,0.72375
R1_half_bound,0.0,0.2,0.4,undetermined,0.129
R1_half_bound,0.0,0.2,0.4,missing,0.1285
R1_half_bound,0.0,0.2,0.4,kept,0.016
R1_half_bound,0.0,0.2,0.4,reversed,0.00275
R2_reorder,0.0,0.2,0.4,flattened,0.8335
R2_reorder,0.0,0.2,0.4,kept,0.145
R2_reorder,0.0,0.2,0.4,missing,0.0215
R3_interval,0.0,0.2,0.4,missing or flattened,0.50025
R3_interval,0.0,0.2,0.4,undetermined,0.32425
R3_interval,0.0,0.2,0.4,flattened or kept,0.16775
R3_interval,0.0,0.2,0.4,reversed or missing,0.00775
R0_current,0.0,0.2,0.425,missing,0.81375
R0_current,0.0,0.2,0.425,kept,0.18625
R1_half_bound,0.0,0.2,0.425,flattened,0.7165
R1_half_bound,0.0,0.2,0.425,undetermined,0.16325
R1_half_bound,0.0,0.2,0.425,missing,0.0965
R1_half_bound,0.0,0.2,0.425,kept,0.023
R1_half_bound,0.0,0.2,0.425,reversed,0.00075
R2_reorder,0.0,0.2,0.425,flattened,0.7975
R2_reorder,0.0,0.2,0.425,kept,0.18625
R2_reorder,0.0,0.2,0.425,missing,0.01625
R3_interval,0.0,0.2,0.425,missing or flattened,0.441
R3_interval,0.0,0.2,0.425,undetermined,0.34175
R3_interval,0.0,0.2,0.425,flattened or kept,0.2125
R3_interval,0.0,0.2,0.425,reversed or missing,0.0045
R3_interval,0.0,0.2,0.425,kept or steepened,0.00025
R0_current,0.0,0.2,0.45,missing,0.7765
R0_current,0.0,0.2,0.45,kept,0.2235
R1_half_bound,0.0,0.2,0.45,flattened,0.69625
R1_half_bound,0.0,0.2,0.45,undetermined,0.19675
R1_half_bound,0.0,0.2,0.45,missing,0.07925
R1_half_bound,0.0,0.2,0.45,kept,0.02675
R1_half_bound,0.0,0.2,0.45,reversed,0.001
R2_reorder,0.0,0.2,0.45,flattened,0.76525
R2_reorder,0.0,0.2,0.45,kept,0.2235
R2_reorder,0.0,0.2,0.45,missing,0.01125
R3_interval,0.0,0.2,0.45,missing or flattened,0.394
R3_interval,0.0,0.2,0.45,undetermined,0.3435
R3_interval,0.0,0.2,0.45,flattened or kept,0.2575
R3_interval,0.0,0.2,0.45,reversed or missing,0.00375
R3_interval,0.0,0.2,0.45,kept or steepened,0.00125
R0_current,0.0,0.2,0.475,missing,0.756
R0_current,0.0,0.2,0.475,kept,0.244
R1_half_bound,0.0,0.2,0.475,flattened,0.6975
R1_half_bound,0.0,0.2,0.475,undetermined,0.209
R1_half_bound,0.0,0.2,0.475,missing,0.0585
R1_half_bound,0.0,0.2,0.475,kept,0.035
R2_reorder,0.0,0.2,0.475,flattened,0.7475
R2_reorder,0.0,0.2,0.475,kept,0.244
R2_reorder,0.0,0.2,0.475,missing,0.0085
R3_interval,0.0,0.2,0.475,missing or flattened,0.36775
R3_interval,0.0,0.2,0.475,undetermined,0.35075
R3_interval,0.0,0.2,0.475,flattened or kept,0.278
R3_interval,0.0,0.2,0.475,reversed or missing,0.003
R3_interval,0.0,0.2,0.475,kept or steepened,0.0005
R0_current,0.0,0.2,0.5,missing,0.696
R0_current,0.0,0.2,0.5,kept,0.304
R1_half_bound,0.0,0.2,0.5,flattened,0.651
R1_half_bound,0.0,0.2,0.5,undetermined,0.2565
R1_half_bound,0.0,0.2,0.5,kept,0.0475
R1_half_bound,0.0,0.2,0.5,missing,0.045
R2_reorder,0.0,0.2,0.5,flattened,0.6895
R2_reorder,0.0,0.2,0.5,kept,0.304
R2_reorder,0.0,0.2,0.5,missing,0.0065
R3_interval,0.0,0.2,0.5,flattened or kept,0.337
R3_interval,0.0,0.2,0.5,missing or flattened,0.331
R3_interval,0.0,0.2,0.5,undetermined,0.32925
R3_interval,0.0,0.2,0.5,kept or steepened,0.0015
R3_interval,0.0,0.2,0.5,reversed or missing,0.00125
R0_current,0.0,0.2,0.525,missing,0.65075
R0_current,0.0,0.2,0.525,kept,0.34925
R1_half_bound,0.0,0.2,0.525,flattened,0.617
R1_half_bound,0.0,0.2,0.525,undetermined,0.28275
R1_half_bound,0.0,0.2,0.525,kept,0.0665
R1_half_bound,0.0,0.2,0.525,missing,0.0335
R1_half_bound,0.0,0.2,0.525,reversed,0.00025
R2_reorder,0.0,0.2,0.525,flattened,0.64775
R2_reorder,0.0,0.2,0.525,kept,0.34925
R2_reorder,0.0,0.2,0.525,missing,0.003
R3_interval,0.0,0.2,0.525,flattened or kept,0.37225
R3_interval,0.0,0.2,0.525,undetermined,0.34075
R3_interval,0.0,0.2,0.525,missing or flattened,0.284
R3_interval,0.0,0.2,0.525,kept or steepened,0.0025
R3_interval,0.0,0.2,0.525,reversed or missing,0.0005
R0_current,0.0,0.2,0.55,missing,0.60575
R0_current,0.0,0.2,0.55,kept,0.394
R0_current,0.0,0.2,0.55,steepened,0.00025
R1_half_bound,0.0,0.2,0.55,flattened,0.57875
R1_half_bound,0.0,0.2,0.55,undetermined,0.3115
R1_half_bound,0.0,0.2,0.55,kept,0.0825
R1_half_bound,0.0,0.2,0.55,missing,0.02675
R1_half_bound,0.0,0.2,0.55,reversed,0.00025
R1_half_bound,0.0,0.2,0.55,steepened,0.00025
R2_reorder,0.0,0.2,0.55,flattened,0.6015
R2_reorder,0.0,0.2,0.55,kept,0.394
R2_reorder,0.0,0.2,0.55,missing,0.00425
R2_reorder,0.0,0.2,0.55,steepened,0.00025
R3_interval,0.0,0.2,0.55,flattened or kept,0.4065
R3_interval,0.0,0.2,0.55,undetermined,0.33975
R3_interval,0.0,0.2,0.55,missing or flattened,0.2495
R3_interval,0.0,0.2,0.55,kept or steepened,0.0035
R3_interval,0.0,0.2,0.55,reversed or missing,0.00075
R0_current,0.0,0.2,0.575,missing,0.55725
R0_current,0.0,0.2,0.575,kept,0.44275
R1_half_bound,0.0,0.2,0.575,flattened,0.53475
R1_half_bound,0.0,0.2,0.575,undetermined,0.34325
R1_half_bound,0.0,0.2,0.575,kept,0.0995
R1_half_bound,0.0,0.2,0.575,missing,0.02225
R1_half_bound,0.0,0.2,0.575,reversed,0.00025
R2_reorder,0.0,0.2,0.575,flattened,0.55425
R2_reorder,0.0,0.2,0.575,kept,0.44275
R2_reorder,0.0,0.2,0.575,missing,0.003
R3_interval,0.0,0.2,0.575,flattened or kept,0.45075
R3_interval,0.0,0.2,0.575,undetermined,0.33975
R3_interval,0.0,0.2,0.575,missing or flattened,0.20375
R3_interval,0.0,0.2,0.575,kept or steepened,0.005
R3_interval,0.0,0.2,0.575,reversed or missing,0.00075
R0_current,0.0,0.2,0.6,missing,0.5075
R0_current,0.0,0.2,0.6,kept,0.4925
R1_half_bound,0.0,0.2,0.6,flattened,0.4925
R1_half_bound,0.0,0.2,0.6,undetermined,0.36825
R1_half_bound,0.0,0.2,0.6,kept,0.12425
R1_half_bound,0.0,0.2,0.6,missing,0.015
R2_reorder,0.0,0.2,0.6,flattened,0.506
R2_reorder,0.0,0.2,0.6,kept,0.4925
R2_reorder,0.0,0.2,0.6,missing,0.0015
R3_interval,0.0,0.2,0.6,flattened or kept,0.49025
R3_interval,0.0,0.2,0.6,undetermined,0.3285
R3_interval,0.0,0.2,0.6,missing or flattened,0.17375
R3_interval,0.0,0.2,0.6,kept or steepened,0.00725
R3_interval,0.0,0.2,0.6,reversed or missing,0.00025
R0_current,0.0,0.2,0.625,kept,0.5375
R0_current,0.0,0.2,0.625,missing,0.4625
R1_half_bound,0.0,0.2,0.625,flattened,0.45025
R1_half_bound,0.0,0.2,0.625,undetermined,0.39225
R1_half_bound,0.0,0.2,0.625,kept,0.14525
R1_half_bound,0.0,0.2,0.625,missing,0.01225
R2_reorder,0.0,0.2,0.625,kept,0.5375
R2_reorder,0.0,0.2,0.625,flattened,0.46125
R2_reorder,0.0,0.2,0.625,missing,0.00125
R3_interval,0.0,0.2,0.625,flattened or kept,0.52
R3_interval,0.0,0.2,0.625,undetermined,0.321
R3_interval,0.0,0.2,0.625,missing or flattened,0.148
R3_interval,0.0,0.2,0.625,kept or steepened,0.01075
R3_interval,0.0,0.2,0.625,reversed or missing,0.00025
R0_current,0.0,0.2,0.65,kept,0.585
R0_current,0.0,0.2,0.65,missing,0.415
R1_half_bound,0.0,0.2,0.65,flattened,0.41075
R1_half_bound,0.0,0.2,0.65,undetermined,0.3985
R1_half_bound,0.0,0.2,0.65,kept,0.1865
R1_half_bound,0.0,0.2,0.65,missing,0.00425
R2_reorder,0.0,0.2,0.65,kept,0.585
R2_reorder,0.0,0.2,0.65,flattened,0.41475
R2_reorder,0.0,0.2,0.65,missing,0.00025
R3_interval,0.0,0.2,0.65,flattened or kept,0.53925
R3_interval,0.0,0.2,0.65,undetermined,0.3205
R3_interval,0.0,0.2,0.65,missing or flattened,0.12575
R3_interval,0.0,0.2,0.65,kept or steepened,0.0145
R0_current,0.0,0.2,0.675,kept,0.624
R0_current,0.0,0.2,0.675,missing,0.376
R1_half_bound,0.0,0.2,0.675,undetermined,0.42175
R1_half_bound,0.0,0.2,0.675,flattened,0.371
R1_half_bound,0.0,0.2,0.675,kept,0.20225
R1_half_bound,0.0,0.2,0.675,missing,0.005
R2_reorder,0.0,0.2,0.675,kept,0.624
R2_reorder,0.0,0.2,0.675,flattened,0.37575
R2_reorder,0.0,0.2,0.675,missing,0.00025
R3_interval,0.0,0.2,0.675,flattened or kept,0.5675
R3_interval,0.0,0.2,0.675,undetermined,0.30575
R3_interval,0.0,0.2,0.675,missing or flattened,0.10225
R3_interval,0.0,0.2,0.675,kept or steepened,0.0245
R0_current,0.0,0.2,0.7,kept,0.6845
R0_current,0.0,0.2,0.7,missing,0.31475
R0_current,0.0,0.2,0.7,steepened,0.00075
R1_half_bound,0.0,0.2,0.7,undetermined,0.4425
R1_half_bound,0.0,0.2,0.7,flattened,0.31225
R1_half_bound,0.0,0.2,0.7,kept,0.242
R1_half_bound,0.0,0.2,0.7,missing,0.0025
R1_half_bound,0.0,0.2,0.7,steepened,0.00075
R2_reorder,0.0,0.2,0.7,kept,0.6845
R2_reorder,0.0,0.2,0.7,flattened,0.31475
R2_reorder,0.0,0.2,0.7,steepened,0.00075
R3_interval,0.0,0.2,0.7,flattened or kept,0.60125
R3_interval,0.0,0.2,0.7,undetermined,0.29025
R3_interval,0.0,0.2,0.7,missing or flattened,0.07875
R3_interval,0.0,0.2,0.7,kept or steepened,0.02975
R0_current,0.0,0.2,0.725,kept,0.71725
R0_current,0.0,0.2,0.725,missing,0.28275
R1_half_bound,0.0,0.2,0.725,undetermined,0.445
R1_half_bound,0.0,0.2,0.725,flattened,0.2795
R1_half_bound,0.0,0.2,0.725,kept,0.27225
R1_half_bound,0.0,0.2,0.725,missing,0.00325
R2_reorder,0.0,0.2,0.725,kept,0.71725
R2_reorder,0.0,0.2,0.725,flattened,0.28275
R3_interval,0.0,0.2,0.725,flattened or kept,0.6015
R3_interval,0.0,0.2,0.725,undetermined,0.298
R3_interval,0.0,0.2,0.725,missing or flattened,0.06875
R3_interval,0.0,0.2,0.725,kept or steepened,0.03175
R0_current,0.0,0.2,0.75,kept,0.7545
R0_current,0.0,0.2,0.75,missing,0.24475
R0_current,0.0,0.2,0.75,steepened,0.00075
R1_half_bound,0.0,0.2,0.75,undetermined,0.4275
R1_half_bound,0.0,0.2,0.75,kept,0.327
R1_half_bound,0.0,0.2,0.75,flattened,0.2425
R1_half_bound,0.0,0.2,0.75,missing,0.00225
R1_half_bound,0.0,0.2,0.75,steepened,0.00075
R2_reorder,0.0,0.2,0.75,kept,0.7545
R2_reorder,0.0,0.2,0.75,flattened,0.2445
R2_reorder,0.0,0.2,0.75,steepened,0.00075
R2_reorder,0.0,0.2,0.75,missing,0.00025
R3_interval,0.0,0.2,0.75,flattened or kept,0.59875
R3_interval,0.0,0.2,0.75,undetermined,0.30475
R3_interval,0.0,0.2,0.75,missing or flattened,0.0575
R3_interval,0.0,0.2,0.75,kept or steepened,0.039
R0_current,0.0,0.2,0.775,kept,0.81525
R0_current,0.0,0.2,0.775,missing,0.184
R0_current,0.0,0.2,0.775,steepened,0.00075
R1_half_bound,0.0,0.2,0.775,undetermined,0.443
R1_half_bound,0.0,0.2,0.775,kept,0.37225
R1_half_bound,0.0,0.2,0.775,flattened,0.183
R1_half_bound,0.0,0.2,0.775,missing,0.001
R1_half_bound,0.0,0.2,0.775,steepened,0.00075
R2_reorder,0.0,0.2,0.775,kept,0.81525
R2_reorder,0.0,0.2,0.775,flattened,0.184
R2_reorder,0.0,0.2,0.775,steepened,0.00075
R3_interval,0.0,0.2,0.775,flattened or kept,0.6075
R3_interval,0.0,0.2,0.775,undetermined,0.29925
R3_interval,0.0,0.2,0.775,kept or steepened,0.0625
R3_interval,0.0,0.2,0.775,missing or flattened,0.03075
R0_current,0.0,0.2,0.8,kept,0.836
R0_current,0.0,0.2,0.8,missing,0.16275
R0_current,0.0,0.2,0.8,steepened,0.00125
R1_half_bound,0.0,0.2,0.8,undetermined,0.4255
R1_half_bound,0.0,0.2,0.8,kept,0.4105
R1_half_bound,0.0,0.2,0.8,flattened,0.16225
R1_half_bound,0.0,0.2,0.8,steepened,0.00125
R1_half_bound,0.0,0.2,0.8,missing,0.0005
R2_reorder,0.0,0.2,0.8,kept,0.836
R2_reorder,0.0,0.2,0.8,flattened,0.16275
R2_reorder,0.0,0.2,0.8,steepened,0.00125
R3_interval,0.0,0.2,0.8,flattened or kept,0.592
R3_interval,0.0,0.2,0.8,undetermined,0.29775
R3_interval,0.0,0.2,0.8,kept or steepened,0.08325
R3_interval,0.0,0.2,0.8,missing or flattened,0.027
R0_current,0.0,0.2,0.825,kept,0.8655
R0_current,0.0,0.2,0.825,missing,0.1325
R0_current,0.0,0.2,0.825,steepened,0.002
R1_half_bound,0.0,0.2,0.825,kept,0.46575
R1_half_bound,0.0,0.2,0.825,undetermined,0.39975
R1_half_bound,0.0,0.2,0.825,flattened,0.13175
R1_half_bound,0.0,0.2,0.825,steepened,0.002
R1_half_bound,0.0,0.2,0.825,missing,0.00075
R2_reorder,0.0,0.2,0.825,kept,0.8655
R2_reorder,0.0,0.2,0.825,flattened,0.1325
R2_reorder,0.0,0.2,0.825,steepened,0.002
R3_interval,0.0,0.2,0.825,flattened or kept,0.5645
R3_interval,0.0,0.2,0.825,undetermined,0.311
R3_interval,0.0,0.2,0.825,kept or steepened,0.10125
R3_interval,0.0,0.2,0.825,missing or flattened,0.02325
R0_current,0.0,0.2,0.85,kept,0.88425
R0_current,0.0,0.2,0.85,missing,0.11275
R0_current,0.0,0.2,0.85,steepened,0.003
R1_half_bound,0.0,0.2,0.85,kept,0.5
R1_half_bound,0.0,0.2,0.85,undetermined,0.38425
R1_half_bound,0.0,0.2,0.85,flattened,0.1125
R1_half_bound,0.0,0.2,0.85,steepened,0.003
R1_half_bound,0.0,0.2,0.85,missing,0.00025
R2_reorder,0.0,0.2,0.85,kept,0.88425
R2_reorder,0.0,0.2,0.85,flattened,0.11275
R2_reorder,0.0,0.2,0.85,steepened,0.003
R3_interval,0.0,0.2,0.85,flattened or kept,0.52625
R3_interval,0.0,0.2,0.85,undetermined,0.32475
R3_interval,0.0,0.2,0.85,kept or steepened,0.136
R3_interval,0.0,0.2,0.85,missing or flattened,0.013
R0_current,0.0,0.2,0.875,kept,0.90825
R0_current,0.0,0.2,0.875,missing,0.088
R0_current,0.0,0.2,0.875,steepened,0.00375
R1_half_bound,0.0,0.2,0.875,kept,0.51025
R1_half_bound,0.0,0.2,0.875,undetermined,0.398
R1_half_bound,0.0,0.2,0.875,flattened,0.0875
R1_half_bound,0.0,0.2,0.875,steepened,0.00375
R1_half_bound,0.0,0.2,0.875,missing,0.0005
R2_reorder,0.0,0.2,0.875,kept,0.90825
R2_reorder,0.0,0.2,0.875,flattened,0.088
R2_reorder,0.0,0.2,0.875,steepened,0.00375
R3_interval,0.0,0.2,0.875,flattened or kept,0.51975
R3_interval,0.0,0.2,0.875,undetermined,0.31425
R3_interval,0.0,0.2,0.875,kept or steepened,0.15525
R3_interval,0.0,0.2,0.875,missing or flattened,0.01025
R3_interval,0.0,0.2,0.875,steepened,0.0005
R0_current,0.0,0.2,0.9,kept,0.92225
R0_current,0.0,0.2,0.9,missing,0.07
R0_current,0.0,0.2,0.9,steepened,0.00775
R1_half_bound,0.0,0.2,0.9,kept,0.5505
R1_half_bound,0.0,0.2,0.9,undetermined,0.37175
R1_half_bound,0.0,0.2,0.9,flattened,0.07
R1_half_bound,0.0,0.2,0.9,steepened,0.00775
R2_reorder,0.0,0.2,0.9,kept,0.92225
R2_reorder,0.0,0.2,0.9,flattened,0.07
R2_reorder,0.0,0.2,0.9,steepened,0.00775
R3_interval,0.0,0.2,0.9,flattened or kept,0.47025
R3_interval,0.0,0.2,0.9,undetermined,0.331
R3_interval,0.0,0.2,0.9,kept or steepened,0.191
R3_interval,0.0,0.2,0.9,missing or flattened,0.0075
R3_interval,0.0,0.2,0.9,steepened,0.00025
R0_current,0.0,0.2,0.925,kept,0.93275
R0_current,0.0,0.2,0.925,missing,0.05625
R0_current,0.0,0.2,0.925,steepened,0.011
R1_half_bound,0.0,0.2,0.925,kept,0.57
R1_half_bound,0.0,0.2,0.925,undetermined,0.36275
R1_half_bound,0.0,0.2,0.925,flattened,0.05625
R1_half_bound,0.0,0.2,0.925,steepened,0.011
R2_reorder,0.0,0.2,0.925,kept,0.93275
R2_reorder,0.0,0.2,0.925,flattened,0.05625
R2_reorder,0.0,0.2,0.925,steepened,0.011
R3_interval,0.0,0.2,0.925,flattened or kept,0.45125
R3_interval,0.0,0.2,0.925,undetermined,0.3275
R3_interval,0.0,0.2,0.925,kept or steepened,0.216
R3_interval,0.0,0.2,0.925,missing or flattened,0.00475
R3_interval,0.0,0.2,0.925,steepened,0.0005
R0_current,0.0,0.2,0.95,kept,0.9455
R0_current,0.0,0.2,0.95,missing,0.04375
R0_current,0.0,0.2,0.95,steepened,0.01075
R1_half_bound,0.0,0.2,0.95,kept,0.5815
R1_half_bound,0.0,0.2,0.95,undetermined,0.364
R1_half_bound,0.0,0.2,0.95,flattened,0.04375
R1_half_bound,0.0,0.2,0.95,steepened,0.01075
R2_reorder,0.0,0.2,0.95,kept,0.9455
R2_reorder,0.0,0.2,0.95,flattened,0.04375
R2_reorder,0.0,0.2,0.95,steepened,0.01075
R3_interval,0.0,0.2,0.95,flattened or kept,0.41875
R3_interval,0.0,0.2,0.95,undetermined,0.31375
R3_interval,0.0,0.2,0.95,kept or steepened,0.26175
R3_interval,0.0,0.2,0.95,missing or flattened,0.0045
R3_interval,0.0,0.2,0.95,steepened,0.00125
R0_current,0.0,0.2,0.975,kept,0.94725
R0_current,0.0,0.2,0.975,missing,0.0335
R0_current,0.0,0.2,0.975,steepened,0.01925
R1_half_bound,0.0,0.2,0.975,kept,0.60975
R1_half_bound,0.0,0.2,0.975,undetermined,0.3375
R1_half_bound,0.0,0.2,0.975,flattened,0.03325
R1_half_bound,0.0,0.2,0.975,steepened,0.01925
R1_half_bound,0.0,0.2,0.975,missing,0.00025
R2_reorder,0.0,0.2,0.975,kept,0.94725
R2_reorder,0.0,0.2,0.975,flattened,0.0335
R2_reorder,0.0,0.2,0.975,steepened,0.01925
R3_interval,0.0,0.2,0.975,flattened or kept,0.37275
R3_interval,0.0,0.2,0.975,undetermined,0.33625
R3_interval,0.0,0.2,0.975,kept or steepened,0.28725
R3_interval,0.0,0.2,0.975,missing or flattened,0.00275
R3_interval,0.0,0.2,0.975,steepened,0.001
R0_current,0.0,0.2,1.0,kept,0.95125
R0_current,0.0,0.2,1.0,steepened,0.0245
R0_current,0.0,0.2,1.0,missing,0.02425
R1_half_bound,0.0,0.2,1.0,kept,0.60125
R1_half_bound,0.0,0.2,1.0,undetermined,0.35
R1_half_bound,0.0,0.2,1.0,steepened,0.0245
R1_half_bound,0.0,0.2,1.0,flattened,0.02425
R2_reorder,0.0,0.2,1.0,kept,0.95125
R2_reorder,0.0,0.2,1.0,steepened,0.0245
R2_reorder,0.0,0.2,1.0,flattened,0.02425
R3_interval,0.0,0.2,1.0,kept or steepened,0.3415
R3_interval,0.0,0.2,1.0,flattened or kept,0.334
R3_interval,0.0,0.2,1.0,undetermined,0.3195
R3_interval,0.0,0.2,1.0,missing or flattened,0.0025
R3_interval,0.0,0.2,1.0,steepened,0.0025
R0_current,0.0,0.2,1.025,kept,0.9485
R0_current,0.0,0.2,1.025,steepened,0.02975
R0_current,0.0,0.2,1.025,missing,0.02175
R1_half_bound,0.0,0.2,1.025,kept,0.60425
R1_half_bound,0.0,0.2,1.025,undetermined,0.34425
R1_half_bound,0.0,0.2,1.025,steepened,0.02975
R1_half_bound,0.0,0.2,1.025,flattened,0.02175
R2_reorder,0.0,0.2,1.025,kept,0.9485
R2_reorder,0.0,0.2,1.025,steepened,0.02975
R2_reorder,0.0,0.2,1.025,flattened,0.02175
R3_interval,0.0,0.2,1.025,kept or steepened,0.38525
R3_interval,0.0,0.2,1.025,undetermined,0.32975
R3_interval,0.0,0.2,1.025,flattened or kept,0.281
R3_interval,0.0,0.2,1.025,missing or flattened,0.00275
R3_interval,0.0,0.2,1.025,steepened,0.00125
R0_current,0.0,0.2,1.05,kept,0.9435
R0_current,0.0,0.2,1.05,steepened,0.04575
R0_current,0.0,0.2,1.05,missing,0.01075
R1_half_bound,0.0,0.2,1.05,kept,0.58925
R1_half_bound,0.0,0.2,1.05,undetermined,0.35425
R1_half_bound,0.0,0.2,1.05,steepened,0.04575
R1_half_bound,0.0,0.2,1.05,flattened,0.01075
R2_reorder,0.0,0.2,1.05,kept,0.9435
R2_reorder,0.0,0.2,1.05,steepened,0.04575
R2_reorder,0.0,0.2,1.05,flattened,0.01075
R3_interval,0.0,0.2,1.05,kept or steepened,0.44075
R3_interval,0.0,0.2,1.05,undetermined,0.315
R3_interval,0.0,0.2,1.05,flattened or kept,0.24075
R3_interval,0.0,0.2,1.05,steepened,0.00325
R3_interval,0.0,0.2,1.05,missing or flattened,0.00025
R0_current,0.0,0.2,1.075,kept,0.93675
R0_current,0.0,0.2,1.075,steepened,0.05325
R0_current,0.0,0.2,1.075,missing,0.01
R1_half_bound,0.0,0.2,1.075,kept,0.57125
R1_half_bound,0.0,0.2,1.075,undetermined,0.3655
R1_half_bound,0.0,0.2,1.075,steepened,0.05325
R1_half_bound,0.0,0.2,1.075,flattened,0.01
R2_reorder,0.0,0.2,1.075,kept,0.93675
R2_reorder,0.0,0.2,1.075,steepened,0.05325
R2_reorder,0.0,0.2,1.075,flattened,0.01
R3_interval,0.0,0.2,1.075,kept or steepened,0.47375
R3_interval,0.0,0.2,1.075,undetermined,0.2975
R3_interval,0.0,0.2,1.075,flattened or kept,0.2235
R3_interval,0.0,0.2,1.075,steepened,0.00475
R3_interval,0.0,0.2,1.075,missing or flattened,0.0005
R0_current,0.0,0.2,1.1,kept,0.9195
R0_current,0.0,0.2,1.1,steepened,0.074
R0_current,0.0,0.2,1.1,missing,0.0065
R1_half_bound,0.0,0.2,1.1,kept,0.54375
R1_half_bound,0.0,0.2,1.1,undetermined,0.37575
R1_half_bound,0.0,0.2,1.1,steepened,0.074
R1_half_bound,0.0,0.2,1.1,flattened,0.0065
R2_reorder,0.0,0.2,1.1,kept,0.9195
R2_reorder,0.0,0.2,1.1,steepened,0.074
R2_reorder,0.0,0.2,1.1,flattened,0.0065
R3_interval,0.0,0.2,1.1,kept or steepened,0.53775
R3_interval,0.0,0.2,1.1,undetermined,0.285
R3_interval,0.0,0.2,1.1,flattened or kept,0.169
R3_interval,0.0,0.2,1.1,steepened,0.00825
R0_current,0.0,0.2,1.125,kept,0.90975
R0_current,0.0,0.2,1.125,steepened,0.08425
R0_current,0.0,0.2,1.125,missing,0.006
R1_half_bound,0.0,0.2,1.125,kept,0.5095
R1_half_bound,0.0,0.2,1.125,undetermined,0.40025
R1_half_bound,0.0,0.2,1.125,steepened,0.08425
R1_half_bound,0.0,0.2,1.125,flattened,0.006
R2_reorder,0.0,0.2,1.125,kept,0.90975
R2_reorder,0.0,0.2,1.125,steepened,0.08425
R2_reorder,0.0,0.2,1.125,flattened,0.006
R3_interval,0.0,0.2,1.125,kept or steepened,0.578
R3_interval,0.0,0.2,1.125,undetermined,0.25775
R3_interval,0.0,0.2,1.125,flattened or kept,0.15475
R3_interval,0.0,0.2,1.125,steepened,0.009
R3_interval,0.0,0.2,1.125,missing or flattened,0.0005
R0_current,0.0,0.2,1.15,kept,0.88525
R0_current,0.0,0.2,1.15,steepened,0.1105
R0_current,0.0,0.2,1.15,missing,0.00425
R1_half_bound,0.0,0.2,1.15,kept,0.47875
R1_half_bound,0.0,0.2,1.15,undetermined,0.4065
R1_half_bound,0.0,0.2,1.15,steepened,0.1105
R1_half_bound,0.0,0.2,1.15,flattened,0.00425
R2_reorder,0.0,0.2,1.15,kept,0.88525
R2_reorder,0.0,0.2,1.15,steepened,0.1105
R2_reorder,0.0,0.2,1.15,flattened,0.00425
R3_interval,0.0,0.2,1.15,kept or steepened,0.62025
R3_interval,0.0,0.2,1.15,undetermined,0.23925
R3_interval,0.0,0.2,1.15,flattened or kept,0.12425
R3_interval,0.0,0.2,1.15,steepened,0.01625
R0_current,0.0,0.2,1.175,kept,0.86
R0_current,0.0,0.2,1.175,steepened,0.13925
R0_current,0.0,0.2,1.175,missing,0.00075
R1_half_bound,0.0,0.2,1.175,kept,0.43825
R1_half_bound,0.0,0.2,1.175,undetermined,0.42175
R1_half_bound,0.0,0.2,1.175,steepened,0.13925
R1_half_bound,0.0,0.2,1.175,flattened,0.00075
R2_reorder,0.0,0.2,1.175,kept,0.86
R2_reorder,0.0,0.2,1.175,steepened,0.13925
R2_reorder,0.0,0.2,1.175,flattened,0.00075
R3_interval,0.0,0.2,1.175,kept or steepened,0.664
R3_interval,0.0,0.2,1.175,undetermined,0.2105
R3_interval,0.0,0.2,1.175,flattened or kept,0.10375
R3_interval,0.0,0.2,1.175,steepened,0.02175
R0_current,0.0,0.2,1.2,kept,0.833
R0_current,0.0,0.2,1.2,steepened,0.167
R1_half_bound,0.0,0.2,1.2,undetermined,0.43525
R1_half_bound,0.0,0.2,1.2,kept,0.39775
R1_half_bound,0.0,0.2,1.2,steepened,0.167
R2_reorder,0.0,0.2,1.2,kept,0.833
R2_reorder,0.0,0.2,1.2,steepened,0.167
R3_interval,0.0,0.2,1.2,kept or steepened,0.7045
R3_interval,0.0,0.2,1.2,undetermined,0.19625
R3_interval,0.0,0.2,1.2,flattened or kept,0.0705
R3_interval,0.0,0.2,1.2,steepened,0.02875
R0_current,0.0,0.2,1.225,kept,0.7985
R0_current,0.0,0.2,1.225,steepened,0.2
R0_current,0.0,0.2,1.225,missing,0.0015
R1_half_bound,0.0,0.2,1.225,undetermined,0.42675
R1_half_bound,0.0,0.2,1.225,kept,0.37175
R1_half_bound,0.0,0.2,1.225,steepened,0.2
R1_half_bound,0.0,0.2,1.225,flattened,0.0015
R2_reorder,0.0,0.2,1.225,kept,0.7985
R2_reorder,0.0,0.2,1.225,steepened,0.2
R2_reorder,0.0,0.2,1.225,flattened,0.0015
R3_interval,0.0,0.2,1.225,kept or steepened,0.7235
R3_interval,0.0,0.2,1.225,undetermined,0.17475
R3_interval,0.0,0.2,1.225,flattened or kept,0.06425
R3_interval,0.0,0.2,1.225,steepened,0.0375
R0_current,0.0,0.2,1.25,kept,0.76275
R0_current,0.0,0.2,1.25,steepened,0.23625
R0_current,0.0,0.2,1.25,missing,0.001
R1_half_bound,0.0,0.2,1.25,undetermined,0.44925
R1_half_bound,0.0,0.2,1.25,kept,0.3135
R1_half_bound,0.0,0.2,1.25,steepened,0.23625
R1_half_bound,0.0,0.2,1.25,flattened,0.001
R2_reorder,0.0,0.2,1.25,kept,0.76275
R2_reorder,0.0,0.2,1.25,steepened,0.23625
R2_reorder,0.0,0.2,1.25,flattened,0.001
R3_interval,0.0,0.2,1.25,kept or steepened,0.75625
R3_interval,0.0,0.2,1.25,undetermined,0.14275
R3_interval,0.0,0.2,1.25,steepened,0.0505
R3_interval,0.0,0.2,1.25,flattened or kept,0.0505
R0_current,0.0,0.2,1.275,kept,0.731
R0_current,0.0,0.2,1.275,steepened,0.269
R1_half_bound,0.0,0.2,1.275,undetermined,0.44525
R1_half_bound,0.0,0.2,1.275,kept,0.28575
R1_half_bound,0.0,0.2,1.275,steepened,0.269
R2_reorder,0.0,0.2,1.275,kept,0.731
R2_reorder,0.0,0.2,1.275,steepened,0.269
R3_interval,0.0,0.2,1.275,kept or steepened,0.7705
R3_interval,0.0,0.2,1.275,undetermined,0.12275
R3_interval,0.0,0.2,1.275,steepened,0.06625
R3_interval,0.0,0.2,1.275,flattened or kept,0.0405
R0_current,0.0,0.2,1.3,kept,0.6685
R0_current,0.0,0.2,1.3,steepened,0.33125
R0_current,0.0,0.2,1.3,missing,0.00025
R1_half_bound,0.0,0.2,1.3,undetermined,0.421
R1_half_bound,0.0,0.2,1.3,steepened,0.33125
R1_half_bound,0.0,0.2,1.3,kept,0.2475
R1_half_bound,0.0,0.2,1.3,flattened,0.00025
R2_reorder,0.0,0.2,1.3,kept,0.6685
R2_reorder,0.0,0.2,1.3,steepened,0.33125
R2_reorder,0.0,0.2,1.3,flattened,0.00025
R3_interval,0.0,0.2,1.3,kept or steepened,0.78725
R3_interval,0.0,0.2,1.3,undetermined,0.10625
R3_interval,0.0,0.2,1.3,steepened,0.0795
R3_interval,0.0,0.2,1.3,flattened or kept,0.027
R0_current,0.0,0.2,1.325,kept,0.6435
R0_current,0.0,0.2,1.325,steepened,0.35625
R0_current,0.0,0.2,1.325,missing,0.00025
R1_half_bound,0.0,0.2,1.325,undetermined,0.42675
R1_half_bound,0.0,0.2,1.325,steepened,0.35625
R1_half_bound,0.0,0.2,1.325,kept,0.21675
R1_half_bound,0.0,0.2,1.325,flattened,0.00025
R2_reorder,0.0,0.2,1.325,kept,0.6435
R2_reorder,0.0,0.2,1.325,steepened,0.35625
R2_reorder,0.0,0.2,1.325,flattened,0.00025
R3_interval,0.0,0.2,1.325,kept or steepened,0.78475
R3_interval,0.0,0.2,1.325,steepened,0.1
R3_interval,0.0,0.2,1.325,undetermined,0.0925
R3_interval,0.0,0.2,1.325,flattened or kept,0.0225
R3_interval,0.0,0.2,1.325,missing or flattened,0.00025
R0_current,0.0,0.2,1.35,kept,0.59825
R0_current,0.0,0.2,1.35,steepened,0.40175
R1_half_bound,0.0,0.2,1.35,undetermined,0.42075
R1_half_bound,0.0,0.2,1.35,steepened,0.40175
R1_half_bound,0.0,0.2,1.35,kept,0.1775
R2_reorder,0.0,0.2,1.35,kept,0.59825
R2_reorder,0.0,0.2,1.35,steepened,0.40175
R3_interval,0.0,0.2,1.35,kept or steepened,0.78725
R3_interval,0.0,0.2,1.35,steepened,0.12325
R3_interval,0.0,0.2,1.35,undetermined,0.0735
R3_interval,0.0,0.2,1.35,flattened or kept,0.016
R0_current,0.0,0.2,1.375,kept,0.53625
R0_current,0.0,0.2,1.375,steepened,0.46375
R1_half_bound,0.0,0.2,1.375,steepened,0.46375
R1_half_bound,0.0,0.2,1.375,undetermined,0.3895
R1_half_bound,0.0,0.2,1.375,kept,0.14675
R2_reorder,0.0,0.2,1.375,kept,0.53625
R2_reorder,0.0,0.2,1.375,steepened,0.46375
R3_interval,0.0,0.2,1.375,kept or steepened,0.7765
R3_interval,0.0,0.2,1.375,steepened,0.15625
R3_interval,0.0,0.2,1.375,undetermined,0.0545
R3_interval,0.0,0.2,1.375,flattened or kept,0.01275
R0_current,0.0,0.2,1.4,steepened,0.50175
R0_current,0.0,0.2,1.4,kept,0.49825
R1_half_bound,0.0,0.2,1.4,steepened,0.50175
R1_half_bound,0.0,0.2,1.4,undetermined,0.37825
R1_half_bound,0.0,0.2,1.4,kept,0.12
R2_reorder,0.0,0.2,1.4,steepened,0.50175
R2_reorder,0.0,0.2,1.4,kept,0.49825
R3_interval,0.0,0.2,1.4,kept or steepened,0.762
R3_interval,0.0,0.2,1.4,steepened,0.18825
R3_interval,0.0,0.2,1.4,undetermined,0.04375
R3_interval,0.0,0.2,1.4,flattened or kept,0.006
R0_current,0.0,0.2,1.425,steepened,0.56925
R0_current,0.0,0.2,1.425,kept,0.43075
R1_half_bound,0.0,0.2,1.425,steepened,0.56925
R1_half_bound,0.0,0.2,1.425,undetermined,0.3355
R1_half_bound,0.0,0.2,1.425,kept,0.09525
R2_reorder,0.0,0.2,1.425,steepened,0.56925
R2_reorder,0.0,0.2,1.425,kept,0.43075
R3_interval,0.0,0.2,1.425,kept or steepened,0.736
R3_interval,0.0,0.2,1.425,steepened,0.22
R3_interval,0.0,0.2,1.425,undetermined,0.0375
R3_interval,0.0,0.2,1.425,flattened or kept,0.0065
R0_current,0.0,0.2,1.45,steepened,0.60825
R0_current,0.0,0.2,1.45,kept,0.39175
R1_half_bound,0.0,0.2,1.45,steepened,0.60825
R1_half_bound,0.0,0.2,1.45,undetermined,0.312
R1_half_bound,0.0,0.2,1.45,kept,0.07975
R2_reorder,0.0,0.2,1.45,steepened,0.60825
R2_reorder,0.0,0.2,1.45,kept,0.39175
R3_interval,0.0,0.2,1.45,kept or steepened,0.7145
R3_interval,0.0,0.2,1.45,steepened,0.2535
R3_interval,0.0,0.2,1.45,undetermined,0.028
R3_interval,0.0,0.2,1.45,flattened or kept,0.004
R0_current,0.0,0.2,1.475,steepened,0.64925
R0_current,0.0,0.2,1.475,kept,0.35075
R1_half_bound,0.0,0.2,1.475,steepened,0.64925
R1_half_bound,0.0,0.2,1.475,undetermined,0.28875
R1_half_bound,0.0,0.2,1.475,kept,0.062
R2_reorder,0.0,0.2,1.475,steepened,0.64925
R2_reorder,0.0,0.2,1.475,kept,0.35075
R3_interval,0.0,0.2,1.475,kept or steepened,0.6935
R3_interval,0.0,0.2,1.475,steepened,0.283
R3_interval,0.0,0.2,1.475,undetermined,0.0205
R3_interval,0.0,0.2,1.475,flattened or kept,0.003
R0_current,0.0,0.2,1.5,steepened,0.70025
R0_current,0.0,0.2,1.5,kept,0.29975
R1_half_bound,0.0,0.2,1.5,steepened,0.70025
R1_half_bound,0.0,0.2,1.5,undetermined,0.25275
R1_half_bound,0.0,0.2,1.5,kept,0.047
R2_reorder,0.0,0.2,1.5,steepened,0.70025
R2_reorder,0.0,0.2,1.5,kept,0.29975
R3_interval,0.0,0.2,1.5,kept or steepened,0.6405
R3_interval,0.0,0.2,1.5,steepened,0.3395
R3_interval,0.0,0.2,1.5,undetermined,0.0175
R3_interval,0.0,0.2,1.5,flattened or kept,0.0025
R0_current,0.0,0.2,1.525,steepened,0.7445
R0_current,0.0,0.2,1.525,kept,0.2555
R1_half_bound,0.0,0.2,1.525,steepened,0.7445
R1_half_bound,0.0,0.2,1.525,undetermined,0.2185
R1_half_bound,0.0,0.2,1.525,kept,0.037
R2_reorder,0.0,0.2,1.525,steepened,0.7445
R2_reorder,0.0,0.2,1.525,kept,0.2555
R3_interval,0.0,0.2,1.525,kept or steepened,0.588
R3_interval,0.0,0.2,1.525,steepened,0.3995
R3_interval,0.0,0.2,1.525,undetermined,0.01225
R3_interval,0.0,0.2,1.525,flattened or kept,0.00025
R0_current,0.0,0.2,1.55,steepened,0.78475
R0_current,0.0,0.2,1.55,kept,0.21525
R1_half_bound,0.0,0.2,1.55,steepened,0.78475
R1_half_bound,0.0,0.2,1.55,undetermined,0.18975
R1_half_bound,0.0,0.2,1.55,kept,0.0255
R2_reorder,0.0,0.2,1.55,steepened,0.78475
R2_reorder,0.0,0.2,1.55,kept,0.21525
R3_interval,0.0,0.2,1.55,kept or steepened,0.549
R3_interval,0.0,0.2,1.55,steepened,0.441
R3_interval,0.0,0.2,1.55,undetermined,0.00925
R3_interval,0.0,0.2,1.55,flattened or kept,0.00075
R0_current,0.0,0.2,1.575,steepened,0.81275
R0_current,0.0,0.2,1.575,kept,0.18725
R1_half_bound,0.0,0.2,1.575,steepened,0.81275
R1_half_bound,0.0,0.2,1.575,undetermined,0.16075
R1_half_bound,0.0,0.2,1.575,kept,0.0265
R2_reorder,0.0,0.2,1.575,steepened,0.81275
R2_reorder,0.0,0.2,1.575,kept,0.18725
R3_interval,0.0,0.2,1.575,kept or steepened,0.49525
R3_interval,0.0,0.2,1.575,steepened,0.494
R3_interval,0.0,0.2,1.575,undetermined,0.00975
R3_interval,0.0,0.2,1.575,flattened or kept,0.001
R0_current,0.0,0.2,1.6,steepened,0.85075
R0_current,0.0,0.2,1.6,kept,0.14925
R1_half_bound,0.0,0.2,1.6,steepened,0.85075
R1_half_bound,0.0,0.2,1.6,undetermined,0.1355
R1_half_bound,0.0,0.2,1.6,kept,0.01375
R2_reorder,0.0,0.2,1.6,steepened,0.85075
R2_reorder,0.0,0.2,1.6,kept,0.14925
R3_interval,0.0,0.2,1.6,steepened,0.54275
R3_interval,0.0,0.2,1.6,kept or steepened,0.45375
R3_interval,0.0,0.2,1.6,undetermined,0.0035
R0_current,0.0,0.2,1.625,steepened,0.881
R0_current,0.0,0.2,1.625,kept,0.119
R1_half_bound,0.0,0.2,1.625,steepened,0.881
R1_half_bound,0.0,0.2,1.625,undetermined,0.109
R1_half_bound,0.0,0.2,1.625,kept,0.01
R2_reorder,0.0,0.2,1.625,steepened,0.881
R2_reorder,0.0,0.2,1.625,kept,0.119
R3_interval,0.0,0.2,1.625,steepened,0.58175
R3_interval,0.0,0.2,1.625,kept or steepened,0.41625
R3_interval,0.0,0.2,1.625,undetermined,0.002
R0_current,0.0,0.2,1.65,steepened,0.89625
R0_current,0.0,0.2,1.65,kept,0.10375
R1_half_bound,0.0,0.2,1.65,steepened,0.89625
R1_half_bound,0.0,0.2,1.65,undetermined,0.096
R1_half_bound,0.0,0.2,1.65,kept,0.00775
R2_reorder,0.0,0.2,1.65,steepened,0.89625
R2_reorder,0.0,0.2,1.65,kept,0.10375
R3_interval,0.0,0.2,1.65,steepened,0.63125
R3_interval,0.0,0.2,1.65,kept or steepened,0.3665
R3_interval,0.0,0.2,1.65,undetermined,0.00225
R0_current,0.0,0.2,1.675,steepened,0.91775
R0_current,0.0,0.2,1.675,kept,0.08225
R1_half_bound,0.0,0.2,1.675,steepened,0.91775
R1_half_bound,0.0,0.2,1.675,undetermined,0.07775
R1_half_bound,0.0,0.2,1.675,kept,0.0045
R2_reorder,0.0,0.2,1.675,steepened,0.91775
R2_reorder,0.0,0.2,1.675,kept,0.08225
R3_interval,0.0,0.2,1.675,steepened,0.67425
R3_interval,0.0,0.2,1.675,kept or steepened,0.32375
R3_interval,0.0,0.2,1.675,undetermined,0.002
R0_current,0.0,0.2,1.7,steepened,0.93475
R0_current,0.0,0.2,1.7,kept,0.06525
R1_half_bound,0.0,0.2,1.7,steepened,0.93475
R1_half_bound,0.0,0.2,1.7,undetermined,0.061
R1_half_bound,0.0,0.2,1.7,kept,0.00425
R2_reorder,0.0,0.2,1.7,steepened,0.93475
R2_reorder,0.0,0.2,1.7,kept,0.06525
R3_interval,0.0,0.2,1.7,steepened,0.725
R3_interval,0.0,0.2,1.7,kept or steepened,0.27375
R3_interval,0.0,0.2,1.7,undetermined,0.00125
R0_current,0.0,0.2,1.725,steepened,0.952
R0_current,0.0,0.2,1.725,kept,0.048
R1_half_bound,0.0,0.2,1.725,steepened,0.952
R1_half_bound,0.0,0.2,1.725,undetermined,0.04425
R1_half_bound,0.0,0.2,1.725,kept,0.00375
R2_reorder,0.0,0.2,1.725,steepened,0.952
R2_reorder,0.0,0.2,1.725,kept,0.048
R3_interval,0.0,0.2,1.725,steepened,0.7675
R3_interval,0.0,0.2,1.725,kept or steepened,0.232
R3_interval,0.0,0.2,1.725,undetermined,0.0005
R0_current,0.0,0.2,1.75,steepened,0.96175
R0_current,0.0,0.2,1.75,kept,0.03825
R1_half_bound,0.0,0.2,1.75,steepened,0.96175
R1_half_bound,0.0,0.2,1.75,undetermined,0.036
R1_half_bound,0.0,0.2,1.75,kept,0.00225
R2_reorder,0.0,0.2,1.75,steepened,0.96175
R2_reorder,0.0,0.2,1.75,kept,0.03825
R3_interval,0.0,0.2,1.75,steepened,0.79975
R3_interval,0.0,0.2,1.75,kept or steepened,0.19975
R3_interval,0.0,0.2,1.75,undetermined,0.0005
R0_current,0.0,0.2,1.775,steepened,0.97725
R0_current,0.0,0.2,1.775,kept,0.02275
R1_half_bound,0.0,0.2,1.775,steepened,0.97725
R1_half_bound,0.0,0.2,1.775,undetermined,0.02175
R1_half_bound,0.0,0.2,1.775,kept,0.001
R2_reorder,0.0,0.2,1.775,steepened,0.97725
R2_reorder,0.0,0.2,1.775,kept,0.02275
R3_interval,0.0,0.2,1.775,steepened,0.83825
R3_interval,0.0,0.2,1.775,kept or steepened,0.16125
R3_interval,0.0,0.2,1.775,undetermined,0.0005
R0_current,0.0,0.2,1.8,steepened,0.9785
R0_current,0.0,0.2,1.8,kept,0.0215
R1_half_bound,0.0,0.2,1.8,steepened,0.9785
R1_half_bound,0.0,0.2,1.8,undetermined,0.0205
R1_half_bound,0.0,0.2,1.8,kept,0.001
R2_reorder,0.0,0.2,1.8,steepened,0.9785
R2_reorder,0.0,0.2,1.8,kept,0.0215
R3_interval,0.0,0.2,1.8,steepened,0.87325
R3_interval,0.0,0.2,1.8,kept or steepened,0.12675
R0_current,0.0,0.2,1.825,steepened,0.987
R0_current,0.0,0.2,1.825,kept,0.013
R1_half_bound,0.0,0.2,1.825,steepened,0.987
R1_half_bound,0.0,0.2,1.825,undetermined,0.0125
R1_half_bound,0.0,0.2,1.825,kept,0.0005
R2_reorder,0.0,0.2,1.825,steepened,0.987
R2_reorder,0.0,0.2,1.825,kept,0.013
R3_interval,0.0,0.2,1.825,steepened,0.89375
R3_interval,0.0,0.2,1.825,kept or steepened,0.10625
R0_current,0.0,0.2,1.85,steepened,0.987
R0_current,0.0,0.2,1.85,kept,0.013
R1_half_bound,0.0,0.2,1.85,steepened,0.987
R1_half_bound,0.0,0.2,1.85,undetermined,0.0125
R1_half_bound,0.0,0.2,1.85,kept,0.0005
R2_reorder,0.0,0.2,1.85,steepened,0.987
R2_reorder,0.0,0.2,1.85,kept,0.013
R3_interval,0.0,0.2,1.85,steepened,0.908
R3_interval,0.0,0.2,1.85,kept or steepened,0.092
R0_current,0.0,0.2,1.875,steepened,0.99125
R0_current,0.0,0.2,1.875,kept,0.00875
R1_half_bound,0.0,0.2,1.875,steepened,0.99125
R1_half_bound,0.0,0.2,1.875,undetermined,0.00875
R2_reorder,0.0,0.2,1.875,steepened,0.99125
R2_reorder,0.0,0.2,1.875,kept,0.00875
R3_interval,0.0,0.2,1.875,steepened,0.92325
R3_interval,0.0,0.2,1.875,kept or steepened,0.07675
R0_current,0.0,0.2,1.9,steepened,0.9935
R0_current,0.0,0.2,1.9,kept,0.0065
R1_half_bound,0.0,0.2,1.9,steepened,0.9935
R1_half_bound,0.0,0.2,1.9,undetermined,0.00625
R1_half_bound,0.0,0.2,1.9,kept,0.00025
R2_reorder,0.0,0.2,1.9,steepened,0.9935
R2_reorder,0.0,0.2,1.9,kept,0.0065
R3_interval,0.0,0.2,1.9,steepened,0.94075
R3_interval,0.0,0.2,1.9,kept or steepened,0.05925
R0_current,0.0,0.2,1.925,steepened,0.99675
R0_current,0.0,0.2,1.925,kept,0.00325
R1_half_bound,0.0,0.2,1.925,steepened,0.99675
R1_half_bound,0.0,0.2,1.925,undetermined,0.00325
R2_reorder,0.0,0.2,1.925,steepened,0.99675
R2_reorder,0.0,0.2,1.925,kept,0.00325
R3_interval,0.0,0.2,1.925,steepened,0.956
R3_interval,0.0,0.2,1.925,kept or steepened,0.044
R0_current,0.0,0.2,1.95,steepened,0.99825
R0_current,0.0,0.2,1.95,kept,0.00175
R1_half_bound,0.0,0.2,1.95,steepened,0.99825
R1_half_bound,0.0,0.2,1.95,undetermined,0.00175
R2_reorder,0.0,0.2,1.95,steepened,0.99825
R2_reorder,0.0,0.2,1.95,kept,0.00175
R3_interval,0.0,0.2,1.95,steepened,0.969
R3_interval,0.0,0.2,1.95,kept or steepened,0.031
R0_current,0.0,0.2,1.975,steepened,0.998
R0_current,0.0,0.2,1.975,kept,0.002
R1_half_bound,0.0,0.2,1.975,steepened,0.998
R1_half_bound,0.0,0.2,1.975,undetermined,0.002
R2_reorder,0.0,0.2,1.975,steepened,0.998
R2_reorder,0.0,0.2,1.975,kept,0.002
R3_interval,0.0,0.2,1.975,steepened,0.9795
R3_interval,0.0,0.2,1.975,kept or steepened,0.0205
R0_current,0.0,0.2,2.0,steepened,0.99825
R0_current,0.0,0.2,2.0,kept,0.00175
R1_half_bound,0.0,0.2,2.0,steepened,0.99825
R1_half_bound,0.0,0.2,2.0,undetermined,0.00175
R2_reorder,0.0,0.2,2.0,steepened,0.99825
R2_reorder,0.0,0.2,2.0,kept,0.00175
R3_interval,0.0,0.2,2.0,steepened,0.981
R3_interval,0.0,0.2,2.0,kept or steepened,0.019
R0_current,0.0,0.4,-0.75,reversed,0.8475
R0_current,0.0,0.4,-0.75,missing,0.14375
R0_current,0.0,0.4,-0.75,undetermined,0.0085
R0_current,0.0,0.4,-0.75,kept,0.00025
R1_half_bound,0.0,0.4,-0.75,reversed,0.969
R1_half_bound,0.0,0.4,-0.75,flattened,0.02225
R1_half_bound,0.0,0.4,-0.75,undetermined,0.00875
R2_reorder,0.0,0.4,-0.75,reversed,0.8475
R2_reorder,0.0,0.4,-0.75,missing,0.1215
R2_reorder,0.0,0.4,-0.75,flattened,0.02225
R2_reorder,0.0,0.4,-0.75,undetermined,0.0085
R2_reorder,0.0,0.4,-0.75,kept,0.00025
R3_interval,0.0,0.4,-0.75,reversed or missing,0.47375
R3_interval,0.0,0.4,-0.75,reversed,0.327
R3_interval,0.0,0.4,-0.75,undetermined,0.19925
R0_current,0.0,0.4,-0.725,reversed,0.82675
R0_current,0.0,0.4,-0.725,missing,0.16325
R0_current,0.0,0.4,-0.725,undetermined,0.00975
R0_current,0.0,0.4,-0.725,kept,0.00025
R1_half_bound,0.0,0.4,-0.725,reversed,0.9615
R1_half_bound,0.0,0.4,-0.725,flattened,0.0285
R1_half_bound,0.0,0.4,-0.725,undetermined,0.01
R2_reorder,0.0,0.4,-0.725,reversed,0.82675
R2_reorder,0.0,0.4,-0.725,missing,0.13475
R2_reorder,0.0,0.4,-0.725,flattened,0.0285
R2_reorder,0.0,0.4,-0.725,undetermined,0.00975
R2_reorder,0.0,0.4,-0.725,kept,0.00025
R3_interval,0.0,0.4,-0.725,reversed or missing,0.4655
R3_interval,0.0,0.4,-0.725,reversed,0.31
R3_interval,0.0,0.4,-0.725,undetermined,0.2245
R0_current,0.0,0.4,-0.7,reversed,0.80875
R0_current,0.0,0.4,-0.7,missing,0.1805
R0_current,0.0,0.4,-0.7,undetermined,0.01075
R1_half_bound,0.0,0.4,-0.7,reversed,0.95725
R1_half_bound,0.0,0.4,-0.7,flattened,0.032
R1_half_bound,0.0,0.4,-0.7,undetermined,0.01075
R2_reorder,0.0,0.4,-0.7,reversed,0.80875
R2_reorder,0.0,0.4,-0.7,missing,0.1485
R2_reorder,0.0,0.4,-0.7,flattened,0.032
R2_reorder,0.0,0.4,-0.7,undetermined,0.01075
R3_interval,0.0,0.4,-0.7,reversed or missing,0.46075
R3_interval,0.0,0.4,-0.7,reversed,0.30025
R3_interval,0.0,0.4,-0.7,undetermined,0.239
R0_current,0.0,0.4,-0.675,reversed,0.79475
R0_current,0.0,0.4,-0.675,missing,0.19125
R0_current,0.0,0.4,-0.675,undetermined,0.01325
R0_current,0.0,0.4,-0.675,kept,0.00075
R1_half_bound,0.0,0.4,-0.675,reversed,0.9535
R1_half_bound,0.0,0.4,-0.675,flattened,0.0325
R1_half_bound,0.0,0.4,-0.675,undetermined,0.014
R2_reorder,0.0,0.4,-0.675,reversed,0.79475
R2_reorder,0.0,0.4,-0.675,missing,0.15875
R2_reorder,0.0,0.4,-0.675,flattened,0.0325
R2_reorder,0.0,0.4,-0.675,undetermined,0.01325
R2_reorder,0.0,0.4,-0.675,kept,0.00075
R3_interval,0.0,0.4,-0.675,reversed or missing,0.463
R3_interval,0.0,0.4,-0.675,reversed,0.2735
R3_interval,0.0,0.4,-0.675,undetermined,0.2635
R0_current,0.0,0.4,-0.65,reversed,0.7845
R0_current,0.0,0.4,-0.65,missing,0.20025
R0_current,0.0,0.4,-0.65,undetermined,0.01425
R0_current,0.0,0.4,-0.65,kept,0.001
R1_half_bound,0.0,0.4,-0.65,reversed,0.9495
R1_half_bound,0.0,0.4,-0.65,flattened,0.03525
R1_half_bound,0.0,0.4,-0.65,undetermined,0.01525
R2_reorder,0.0,0.4,-0.65,reversed,0.7845
R2_reorder,0.0,0.4,-0.65,missing,0.165
R2_reorder,0.0,0.4,-0.65,flattened,0.03525
R2_reorder,0.0,0.4,-0.65,undetermined,0.01425
R2_reorder,0.0,0.4,-0.65,kept,0.001
R3_interval,0.0,0.4,-0.65,reversed or missing,0.4645
R3_interval,0.0,0.4,-0.65,undetermined,0.27625
R3_interval,0.0,0.4,-0.65,reversed,0.25925
R0_current,0.0,0.4,-0.625,reversed,0.74925
R0_current,0.0,0.4,-0.625,missing,0.23325
R0_current,0.0,0.4,-0.625,undetermined,0.01675
R0_current,0.0,0.4,-0.625,kept,0.00075
R1_half_bound,0.0,0.4,-0.625,reversed,0.9345
R1_half_bound,0.0,0.4,-0.625,flattened,0.048
R1_half_bound,0.0,0.4,-0.625,undetermined,0.0175
R2_reorder,0.0,0.4,-0.625,reversed,0.74925
R2_reorder,0.0,0.4,-0.625,missing,0.18525
R2_reorder,0.0,0.4,-0.625,flattened,0.048
R2_reorder,0.0,0.4,-0.625,undetermined,0.01675
R2_reorder,0.0,0.4,-0.625,kept,0.00075
R3_interval,0.0,0.4,-0.625,reversed or missing,0.45475
R3_interval,0.0,0.4,-0.625,undetermined,0.30925
R3_interval,0.0,0.4,-0.625,reversed,0.236
R0_current,0.0,0.4,-0.6,reversed,0.7415
R0_current,0.0,0.4,-0.6,missing,0.236
R0_current,0.0,0.4,-0.6,undetermined,0.021
R0_current,0.0,0.4,-0.6,kept,0.0015
R1_half_bound,0.0,0.4,-0.6,reversed,0.93275
R1_half_bound,0.0,0.4,-0.6,flattened,0.04475
R1_half_bound,0.0,0.4,-0.6,undetermined,0.0225
R2_reorder,0.0,0.4,-0.6,reversed,0.7415
R2_reorder,0.0,0.4,-0.6,missing,0.19125
R2_reorder,0.0,0.4,-0.6,flattened,0.04475
R2_reorder,0.0,0.4,-0.6,undetermined,0.021
R2_reorder,0.0,0.4,-0.6,kept,0.0015
R3_interval,0.0,0.4,-0.6,reversed or missing,0.46225
R3_interval,0.0,0.4,-0.6,undetermined,0.32
R3_interval,0.0,0.4,-0.6,reversed,0.21775
R0_current,0.0,0.4,-0.575,reversed,0.7155
R0_current,0.0,0.4,-0.575,missing,0.25425
R0_current,0.0,0.4,-0.575,undetermined,0.02925
R0_current,0.0,0.4,-0.575,kept,0.001
R1_half_bound,0.0,0.4,-0.575,reversed,0.913
R1_half_bound,0.0,0.4,-0.575,flattened,0.05675
R1_half_bound,0.0,0.4,-0.575,undetermined,0.03025
R2_reorder,0.0,0.4,-0.575,reversed,0.7155
R2_reorder,0.0,0.4,-0.575,missing,0.1975
R2_reorder,0.0,0.4,-0.575,flattened,0.05675
R2_reorder,0.0,0.4,-0.575,undetermined,0.02925
R2_reorder,0.0,0.4,-0.575,kept,0.001
R3_interval,0.0,0.4,-0.575,reversed or missing,0.46175
R3_interval,0.0,0.4,-0.575,undetermined,0.34325
R3_interval,0.0,0.4,-0.575,reversed,0.195
R0_current,0.0,0.4,-0.55,reversed,0.68825
R0_current,0.0,0.4,-0.55,missing,0.27775
R0_current,0.0,0.4,-0.55,undetermined,0.033
R0_current,0.0,0.4,-0.55,kept,0.001
R1_half_bound,0.0,0.4,-0.55,reversed,0.90475
R1_half_bound,0.0,0.4,-0.55,flattened,0.06125
R1_half_bound,0.0,0.4,-0.55,undetermined,0.034
R2_reorder,0.0,0.4,-0.55,reversed,0.68825
R2_reorder,0.0,0.4,-0.55,missing,0.2165
R2_reorder,0.0,0.4,-0.55,flattened,0.06125
R2_reorder,0.0,0.4,-0.55,undetermined,0.033
R2_reorder,0.0,0.4,-0.55,kept,0.001
R3_interval,0.0,0.4,-0.55,reversed or missing,0.44675
R3_interval,0.0,0.4,-0.55,undetermined,0.3715
R3_interval,0.0,0.4,-0.55,reversed,0.18175
R0_current,0.0,0.4,-0.525,reversed,0.673
R0_current,0.0,0.4,-0.525,missing,0.2915
R0_current,0.0,0.4,-0.525,undetermined,0.0335
R0_current,0.0,0.4,-0.525,kept,0.002
R1_half_bound,0.0,0.4,-0.525,reversed,0.902
R1_half_bound,0.0,0.4,-0.525,flattened,0.0625
R1_half_bound,0.0,0.4,-0.525,undetermined,0.0355
R2_reorder,0.0,0.4,-0.525,reversed,0.673
R2_reorder,0.0,0.4,-0.525,missing,0.229
R2_reorder,0.0,0.4,-0.525,flattened,0.0625
R2_reorder,0.0,0.4,-0.525,undetermined,0.0335
R2_reorder,0.0,0.4,-0.525,kept,0.002
R3_interval,0.0,0.4,-0.525,reversed or missing,0.44975
R3_interval,0.0,0.4,-0.525,undetermined,0.38675
R3_interval,0.0,0.4,-0.525,reversed,0.1635
R0_current,0.0,0.4,-0.5,reversed,0.66025
R0_current,0.0,0.4,-0.5,missing,0.307
R0_current,0.0,0.4,-0.5,undetermined,0.0305
R0_current,0.0,0.4,-0.5,kept,0.00225
R1_half_bound,0.0,0.4,-0.5,reversed,0.899
R1_half_bound,0.0,0.4,-0.5,flattened,0.06825
R1_half_bound,0.0,0.4,-0.5,undetermined,0.03275
R2_reorder,0.0,0.4,-0.5,reversed,0.66025
R2_reorder,0.0,0.4,-0.5,missing,0.23875
R2_reorder,0.0,0.4,-0.5,flattened,0.06825
R2_reorder,0.0,0.4,-0.5,undetermined,0.0305
R2_reorder,0.0,0.4,-0.5,kept,0.00225
R3_interval,0.0,0.4,-0.5,reversed or missing,0.44375
R3_interval,0.0,0.4,-0.5,undetermined,0.4135
R3_interval,0.0,0.4,-0.5,reversed,0.14275
R0_current,0.0,0.4,-0.475,reversed,0.649
R0_current,0.0,0.4,-0.475,missing,0.3145
R0_current,0.0,0.4,-0.475,undetermined,0.03425
R0_current,0.0,0.4,-0.475,kept,0.00225
R1_half_bound,0.0,0.4,-0.475,reversed,0.89125
R1_half_bound,0.0,0.4,-0.475,flattened,0.07225
R1_half_bound,0.0,0.4,-0.475,undetermined,0.0365
R2_reorder,0.0,0.4,-0.475,reversed,0.649
R2_reorder,0.0,0.4,-0.475,missing,0.24225
R2_reorder,0.0,0.4,-0.475,flattened,0.07225
R2_reorder,0.0,0.4,-0.475,undetermined,0.03425
R2_reorder,0.0,0.4,-0.475,kept,0.00225
R3_interval,0.0,0.4,-0.475,undetermined,0.4325
R3_interval,0.0,0.4,-0.475,reversed or missing,0.43075
R3_interval,0.0,0.4,-0.475,reversed,0.13675
R0_current,0.0,0.4,-0.45,reversed,0.61525
R0_current,0.0,0.4,-0.45,missing,0.33875
R0_current,0.0,0.4,-0.45,undetermined,0.04375
R0_current,0.0,0.4,-0.45,kept,0.00225
R1_half_bound,0.0,0.4,-0.45,reversed,0.868
R1_half_bound,0.0,0.4,-0.45,flattened,0.086
R1_half_bound,0.0,0.4,-0.45,undetermined,0.046
R2_reorder,0.0,0.4,-0.45,reversed,0.61525
R2_reorder,0.0,0.4,-0.45,missing,0.25275
R2_reorder,0.0,0.4,-0.45,flattened,0.086
R2_reorder,0.0,0.4,-0.45,undetermined,0.04375
R2_reorder,0.0,0.4,-0.45,kept,0.00225
R3_interval,0.0,0.4,-0.45,undetermined,0.4565
R3_interval,0.0,0.4,-0.45,reversed or missing,0.42275
R3_interval,0.0,0.4,-0.45,reversed,0.12075
R0_current,0.0,0.4,-0.425,reversed,0.5945
R0_current,0.0,0.4,-0.425,missing,0.35725
R0_current,0.0,0.4,-0.425,undetermined,0.04575
R0_current,0.0,0.4,-0.425,kept,0.0025
R1_half_bound,0.0,0.4,-0.425,reversed,0.85975
R1_half_bound,0.0,0.4,-0.425,flattened,0.092
R1_half_bound,0.0,0.4,-0.425,undetermined,0.04825
R2_reorder,0.0,0.4,-0.425,reversed,0.5945
R2_reorder,0.0,0.4,-0.425,missing,0.26525
R2_reorder,0.0,0.4,-0.425,flattened,0.092
R2_reorder,0.0,0.4,-0.425,undetermined,0.04575
R2_reorder,0.0,0.4,-0.425,kept,0.0025
R3_interval,0.0,0.4,-0.425,undetermined,0.47725
R3_interval,0.0,0.4,-0.425,reversed or missing,0.408
R3_interval,0.0,0.4,-0.425,reversed,0.11475
R0_current,0.0,0.4,-0.4,reversed,0.56175
R0_current,0.0,0.4,-0.4,missing,0.37075
R0_current,0.0,0.4,-0.4,undetermined,0.06425
R0_current,0.0,0.4,-0.4,kept,0.00325
R1_half_bound,0.0,0.4,-0.4,reversed,0.83675
R1_half_bound,0.0,0.4,-0.4,flattened,0.09575
R1_half_bound,0.0,0.4,-0.4,undetermined,0.0675
R2_reorder,0.0,0.4,-0.4,reversed,0.56175
R2_reorder,0.0,0.4,-0.4,missing,0.275
R2_reorder,0.0,0.4,-0.4,flattened,0.09575
R2_reorder,0.0,0.4,-0.4,undetermined,0.06425
R2_reorder,0.0,0.4,-0.4,kept,0.00325
R3_interval,0.0,0.4,-0.4,undetermined,0.512
R3_interval,0.0,0.4,-0.4,reversed or missing,0.39175
R3_interval,0.0,0.4,-0.4,reversed,0.09625
R0_current,0.0,0.4,-0.375,reversed,0.5315
R0_current,0.0,0.4,-0.375,missing,0.398
R0_current,0.0,0.4,-0.375,undetermined,0.06725
R0_current,0.0,0.4,-0.375,kept,0.00325
R1_half_bound,0.0,0.4,-0.375,reversed,0.8335
R1_half_bound,0.0,0.4,-0.375,flattened,0.096
R1_half_bound,0.0,0.4,-0.375,undetermined,0.0705
R2_reorder,0.0,0.4,-0.375,reversed,0.5315
R2_reorder,0.0,0.4,-0.375,missing,0.302
R2_reorder,0.0,0.4,-0.375,flattened,0.096
R2_reorder,0.0,0.4,-0.375,undetermined,0.06725
R2_reorder,0.0,0.4,-0.375,kept,0.00325
R3_interval,0.0,0.4,-0.375,undetermined,0.54275
R3_interval,0.0,0.4,-0.375,reversed or missing,0.368
R3_interval,0.0,0.4,-0.375,reversed,0.08925
R0_current,0.0,0.4,-0.35,reversed,0.5175
R0_current,0.0,0.4,-0.35,missing,0.402
R0_current,0.0,0.4,-0.35,undetermined,0.0745
R0_current,0.0,0.4,-0.35,kept,0.006
R1_half_bound,0.0,0.4,-0.35,reversed,0.8095
R1_half_bound,0.0,0.4,-0.35,flattened,0.11
R1_half_bound,0.0,0.4,-0.35,undetermined,0.0805
R2_reorder,0.0,0.4,-0.35,reversed,0.5175
R2_reorder,0.0,0.4,-0.35,missing,0.292
R2_reorder,0.0,0.4,-0.35,flattened,0.11
R2_reorder,0.0,0.4,-0.35,undetermined,0.0745
R2_reorder,0.0,0.4,-0.35,kept,0.006
R3_interval,0.0,0.4,-0.35,undetermined,0.556
R3_interval,0.0,0.4,-0.35,reversed or missing,0.36325
R3_interval,0.0,0.4,-0.35,reversed,0.08075
R0_current,0.0,0.4,-0.325,reversed,0.47725
R0_current,0.0,0.4,-0.325,missing,0.41875
R0_current,0.0,0.4,-0.325,undetermined,0.0975
R0_current,0.0,0.4,-0.325,kept,0.0065
R1_half_bound,0.0,0.4,-0.325,reversed,0.77775
R1_half_bound,0.0,0.4,-0.325,flattened,0.11825
R1_half_bound,0.0,0.4,-0.325,undetermined,0.104
R2_reorder,0.0,0.4,-0.325,reversed,0.47725
R2_reorder,0.0,0.4,-0.325,missing,0.3005
R2_reorder,0.0,0.4,-0.325,flattened,0.11825
R2_reorder,0.0,0.4,-0.325,undetermined,0.0975
R2_reorder,0.0,0.4,-0.325,kept,0.0065
R3_interval,0.0,0.4,-0.325,undetermined,0.591
R3_interval,0.0,0.4,-0.325,reversed or missing,0.33775
R3_interval,0.0,0.4,-0.325,reversed,0.07125
R0_current,0.0,0.4,-0.3,reversed,0.4695
R0_current,0.0,0.4,-0.3,missing,0.42725
R0_current,0.0,0.4,-0.3,undetermined,0.09075
R0_current,0.0,0.4,-0.3,kept,0.0125
R1_half_bound,0.0,0.4,-0.3,reversed,0.7815
R1_half_bound,0.0,0.4,-0.3,flattened,0.11525
R1_half_bound,0.0,0.4,-0.3,undetermined,0.10325
R2_reorder,0.0,0.4,-0.3,reversed,0.4695
R2_reorder,0.0,0.4,-0.3,missing,0.312
R2_reorder,0.0,0.4,-0.3,flattened,0.11525
R2_reorder,0.0,0.4,-0.3,undetermined,0.09075
R2_reorder,0.0,0.4,-0.3,kept,0.0125
R3_interval,0.0,0.4,-0.3,undetermined,0.59975
R3_interval,0.0,0.4,-0.3,reversed or missing,0.3325
R3_interval,0.0,0.4,-0.3,reversed,0.06775
R0_current,0.0,0.4,-0.275,missing,0.45675
R0_current,0.0,0.4,-0.275,reversed,0.442
R0_current,0.0,0.4,-0.275,undetermined,0.09375
R0_current,0.0,0.4,-0.275,kept,0.0075
R1_half_bound,0.0,0.4,-0.275,reversed,0.7655
R1_half_bound,0.0,0.4,-0.275,flattened,0.13325
R1_half_bound,0.0,0.4,-0.275,undetermined,0.10125
R2_reorder,0.0,0.4,-0.275,reversed,0.442
R2_reorder,0.0,0.4,-0.275,missing,0.3235
R2_reorder,0.0,0.4,-0.275,flattened,0.13325
R2_reorder,0.0,0.4,-0.275,undetermined,0.09375
R2_reorder,0.0,0.4,-0.275,kept,0.0075
R3_interval,0.0,0.4,-0.275,undetermined,0.62975
R3_interval,0.0,0.4,-0.275,reversed or missing,0.3085
R3_interval,0.0,0.4,-0.275,reversed,0.06175
R0_current,0.0,0.4,-0.25,missing,0.455
R0_current,0.0,0.4,-0.25,reversed,0.42275
R0_current,0.0,0.4,-0.25,undetermined,0.11225
R0_current,0.0,0.4,-0.25,kept,0.01
R1_half_bound,0.0,0.4,-0.25,reversed,0.7415
R1_half_bound,0.0,0.4,-0.25,flattened,0.13625
R1_half_bound,0.0,0.4,-0.25,undetermined,0.12225
R2_reorder,0.0,0.4,-0.25,reversed,0.42275
R2_reorder,0.0,0.4,-0.25,missing,0.31875
R2_reorder,0.0,0.4,-0.25,flattened,0.13625
R2_reorder,0.0,0.4,-0.25,undetermined,0.11225
R2_reorder,0.0,0.4,-0.25,kept,0.01
R3_interval,0.0,0.4,-0.25,undetermined,0.65025
R3_interval,0.0,0.4,-0.25,reversed or missing,0.30125
R3_interval,0.0,0.4,-0.25,reversed,0.0485
R0_current,0.0,0.4,-0.225,missing,0.48075
R0_current,0.0,0.4,-0.225,reversed,0.38025
R0_current,0.0,0.4,-0.225,undetermined,0.12875
R0_current,0.0,0.4,-0.225,kept,0.01025
R1_half_bound,0.0,0.4,-0.225,reversed,0.71
R1_half_bound,0.0,0.4,-0.225,flattened,0.151
R1_half_bound,0.0,0.4,-0.225,undetermined,0.139
R2_reorder,0.0,0.4,-0.225,reversed,0.38025
R2_reorder,0.0,0.4,-0.225,missing,0.32975
R2_reorder,0.0,0.4,-0.225,flattened,0.151
R2_reorder,0.0,0.4,-0.225,undetermined,0.12875
R2_reorder,0.0,0.4,-0.225,kept,0.01025
R3_interval,0.0,0.4,-0.225,undetermined,0.6875
R3_interval,0.0,0.4,-0.225,reversed or missing,0.27075
R3_interval,0.0,0.4,-0.225,reversed,0.04175
R0_current,0.0,0.4,-0.2,missing,0.479
R0_current,0.0,0.4,-0.2,reversed,0.36275
R0_current,0.0,0.4,-0.2,undetermined,0.14425
R0_current,0.0,0.4,-0.2,kept,0.014
R1_half_bound,0.0,0.4,-0.2,reversed,0.686
R1_half_bound,0.0,0.4,-0.2,undetermined,0.15825
R1_half_bound,0.0,0.4,-0.2,flattened,0.15575
R2_reorder,0.0,0.4,-0.2,reversed,0.36275
R2_reorder,0.0,0.4,-0.2,missing,0.32325
R2_reorder,0.0,0.4,-0.2,flattened,0.15575
R2_reorder,0.0,0.4,-0.2,undetermined,0.14425
R2_reorder,0.0,0.4,-0.2,kept,0.014
R3_interval,0.0,0.4,-0.2,undetermined,0.705
R3_interval,0.0,0.4,-0.2,reversed or missing,0.254
R3_interval,0.0,0.4,-0.2,reversed,0.041
R0_current,0.0,0.4,-0.175,missing,0.495
R0_current,0.0,0.4,-0.175,reversed,0.3325
R0_current,0.0,0.4,-0.175,undetermined,0.15625
R0_current,0.0,0.4,-0.175,kept,0.01625
R1_half_bound,0.0,0.4,-0.175,reversed,0.66075
R1_half_bound,0.0,0.4,-0.175,undetermined,0.1725
R1_half_bound,0.0,0.4,-0.175,flattened,0.16675
R2_reorder,0.0,0.4,-0.175,reversed,0.3325
R2_reorder,0.0,0.4,-0.175,missing,0.32825
R2_reorder,0.0,0.4,-0.175,flattened,0.16675
R2_reorder,0.0,0.4,-0.175,undetermined,0.15625
R2_reorder,0.0,0.4,-0.175,kept,0.01625
R3_interval,0.0,0.4,-0.175,undetermined,0.73
R3_interval,0.0,0.4,-0.175,reversed or missing,0.243
R3_interval,0.0,0.4,-0.175,reversed,0.027
R0_current,0.0,0.4,-0.15,missing,0.4975
R0_current,0.0,0.4,-0.15,reversed,0.32575
R0_current,0.0,0.4,-0.15,undetermined,0.15525
R0_current,0.0,0.4,-0.15,kept,0.0215
R1_half_bound,0.0,0.4,-0.15,reversed,0.655
R1_half_bound,0.0,0.4,-0.15,undetermined,0.17675
R1_half_bound,0.0,0.4,-0.15,flattened,0.16825
R2_reorder,0.0,0.4,-0.15,missing,0.32925
R2_reorder,0.0,0.4,-0.15,reversed,0.32575
R2_reorder,0.0,0.4,-0.15,flattened,0.16825
R2_reorder,0.0,0.4,-0.15,undetermined,0.15525
R2_reorder,0.0,0.4,-0.15,kept,0.0215
R3_interval,0.0,0.4,-0.15,undetermined,0.743
R3_interval,0.0,0.4,-0.15,reversed or missing,0.23025
R3_interval,0.0,0.4,-0.15,reversed,0.02675
R0_current,0.0,0.4,-0.125,missing,0.5015
R0_current,0.0,0.4,-0.125,reversed,0.2995
R0_current,0.0,0.4,-0.125,undetermined,0.17275
R0_current,0.0,0.4,-0.125,kept,0.02625
R1_half_bound,0.0,0.4,-0.125,reversed,0.618
R1_half_bound,0.0,0.4,-0.125,undetermined,0.199
R1_half_bound,0.0,0.4,-0.125,flattened,0.183
R2_reorder,0.0,0.4,-0.125,missing,0.3185
R2_reorder,0.0,0.4,-0.125,reversed,0.2995
R2_reorder,0.0,0.4,-0.125,flattened,0.183
R2_reorder,0.0,0.4,-0.125,undetermined,0.17275
R2_reorder,0.0,0.4,-0.125,kept,0.02625
R3_interval,0.0,0.4,-0.125,undetermined,0.7635
R3_interval,0.0,0.4,-0.125,reversed or missing,0.21225
R3_interval,0.0,0.4,-0.125,reversed,0.02425
R0_current,0.0,0.4,-0.1,missing,0.50475
R0_current,0.0,0.4,-0.1,reversed,0.28075
R0_current,0.0,0.4,-0.1,undetermined,0.1825
R0_current,0.0,0.4,-0.1,kept,0.032
R1_half_bound,0.0,0.4,-0.1,reversed,0.60725
R1_half_bound,0.0,0.4,-0.1,undetermined,0.2145
R1_half_bound,0.0,0.4,-0.1,flattened,0.17825
R2_reorder,0.0,0.4,-0.1,missing,0.3265
R2_reorder,0.0,0.4,-0.1,reversed,0.28075
R2_reorder,0.0,0.4,-0.1,undetermined,0.1825
R2_reorder,0.0,0.4,-0.1,flattened,0.17825
R2_reorder,0.0,0.4,-0.1,kept,0.032
R3_interval,0.0,0.4,-0.1,undetermined,0.77825
R3_interval,0.0,0.4,-0.1,reversed or missing,0.1965
R3_interval,0.0,0.4,-0.1,reversed,0.025
R3_interval,0.0,0.4,-0.1,kept or steepened,0.00025
R0_current,0.0,0.4,-0.075,missing,0.48775
R0_current,0.0,0.4,-0.075,reversed,0.25775
R0_current,0.0,0.4,-0.075,undetermined,0.218
R0_current,0.0,0.4,-0.075,kept,0.0365
R1_half_bound,0.0,0.4,-0.075,reversed,0.563
R1_half_bound,0.0,0.4,-0.075,undetermined,0.2545
R1_half_bound,0.0,0.4,-0.075,flattened,0.1825
R2_reorder,0.0,0.4,-0.075,missing,0.30525
R2_reorder,0.0,0.4,-0.075,reversed,0.25775
R2_reorder,0.0,0.4,-0.075,undetermined,0.218
R2_reorder,0.0,0.4,-0.075,flattened,0.1825
R2_reorder,0.0,0.4,-0.075,kept,0.0365
R3_interval,0.0,0.4,-0.075,undetermined,0.796
R3_interval,0.0,0.4,-0.075,reversed or missing,0.1845
R3_interval,0.0,0.4,-0.075,reversed,0.01925
R3_interval,0.0,0.4,-0.075,kept or steepened,0.00025
R0_current,0.0,0.4,-0.05,missing,0.5025
R0_current,0.0,0.4,-0.05,reversed,0.23375
R0_current,0.0,0.4,-0.05,undetermined,0.22625
R0_current,0.0,0.4,-0.05,kept,0.0375
R1_half_bound,0.0,0.4,-0.05,reversed,0.532
R1_half_bound,0.0,0.4,-0.05,undetermined,0.26375
R1_half_bound,0.0,0.4,-0.05,flattened,0.20425
R2_reorder,0.0,0.4,-0.05,missing,0.29825
R2_reorder,0.0,0.4,-0.05,reversed,0.23375
R2_reorder,0.0,0.4,-0.05,undetermined,0.22625
R2_reorder,0.0,0.4,-0.05,flattened,0.20425
R2_reorder,0.0,0.4,-0.05,kept,0.0375
R3_interval,0.0,0.4,-0.05,undetermined,0.8195
R3_interval,0.0,0.4,-0.05,reversed or missing,0.16825
R3_interval,0.0,0.4,-0.05,reversed,0.01225
R0_current,0.0,0.4,-0.025,missing,0.505
R0_current,0.0,0.4,-0.025,undetermined,0.2385
R0_current,0.0,0.4,-0.025,reversed,0.217
R0_current,0.0,0.4,-0.025,kept,0.0395
R1_half_bound,0.0,0.4,-0.025,reversed,0.526
R1_half_bound,0.0,0.4,-0.025,undetermined,0.278
R1_half_bound,0.0,0.4,-0.025,flattened,0.196
R2_reorder,0.0,0.4,-0.025,missing,0.309
R2_reorder,0.0,0.4,-0.025,undetermined,0.2385
R2_reorder,0.0,0.4,-0.025,reversed,0.217
R2_reorder,0.0,0.4,-0.025,flattened,0.196
R2_reorder,0.0,0.4,-0.025,kept,0.0395
R3_interval,0.0,0.4,-0.025,undetermined,0.82975
R3_interval,0.0,0.4,-0.025,reversed or missing,0.1525
R3_interval,0.0,0.4,-0.025,reversed,0.0175
R3_interval,0.0,0.4,-0.025,kept or steepened,0.00025
R0_current,0.0,0.4,0.0,missing,0.49775
R0_current,0.0,0.4,0.0,undetermined,0.25325
R0_current,0.0,0.4,0.0,reversed,0.19975
R0_current,0.0,0.4,0.0,kept,0.04925
R1_half_bound,0.0,0.4,0.0,reversed,0.49625
R1_half_bound,0.0,0.4,0.0,undetermined,0.3025
R1_half_bound,0.0,0.4,0.0,flattened,0.20125
R2_reorder,0.0,0.4,0.0,missing,0.2965
R2_reorder,0.0,0.4,0.0,undetermined,0.25325
R2_reorder,0.0,0.4,0.0,flattened,0.20125
R2_reorder,0.0,0.4,0.0,reversed,0.19975
R2_reorder,0.0,0.4,0.0,kept,0.04925
R3_interval,0.0,0.4,0.0,undetermined,0.84575
R3_interval,0.0,0.4,0.0,reversed or missing,0.14275
R3_interval,0.0,0.4,0.0,reversed,0.0115
R0_current,0.0,0.4,0.025,missing,0.4965
R0_current,0.0,0.4,0.025,undetermined,0.272
R0_current,0.0,0.4,0.025,reversed,0.177
R0_current,0.0,0.4,0.025,kept,0.0545
R1_half_bound,0.0,0.4,0.025,reversed,0.46575
R1_half_bound,0.0,0.4,0.025,undetermined,0.3265
R1_half_bound,0.0,0.4,0.025,flattened,0.20775
R2_reorder,0.0,0.4,0.025,missing,0.28875
R2_reorder,0.0,0.4,0.025,undetermined,0.272
R2_reorder,0.0,0.4,0.025,flattened,0.20775
R2_reorder,0.0,0.4,0.025,reversed,0.177
R2_reorder,0.0,0.4,0.025,kept,0.0545
R3_interval,0.0,0.4,0.025,undetermined,0.86525
R3_interval,0.0,0.4,0.025,reversed or missing,0.1275
R3_interval,0.0,0.4,0.025,reversed,0.007
R3_interval,0.0,0.4,0.025,kept or steepened,0.00025
R0_current,0.0,0.4,0.05,missing,0.48325
R0_current,0.0,0.4,0.05,undetermined,0.2885
R0_current,0.0,0.4,0.05,reversed,0.16725
R0_current,0.0,0.4,0.05,kept,0.061
R1_half_bound,0.0,0.4,0.05,reversed,0.4405
R1_half_bound,0.0,0.4,0.05,undetermined,0.3495
R1_half_bound,0.0,0.4,0.05,flattened,0.21
R2_reorder,0.0,0.4,0.05,undetermined,0.2885
R2_reorder,0.0,0.4,0.05,missing,0.27325
R2_reorder,0.0,0.4,0.05,flattened,0.21
R2_reorder,0.0,0.4,0.05,reversed,0.16725
R2_reorder,0.0,0.4,0.05,kept,0.061
R3_interval,0.0,0.4,0.05,undetermined,0.86975
R3_interval,0.0,0.4,0.05,reversed or missing,0.12075
R3_interval,0.0,0.4,0.05,reversed,0.00925
R3_interval,0.0,0.4,0.05,kept or steepened,0.00025
R0_current,0.0,0.4,0.075,missing,0.4925
R0_current,0.0,0.4,0.075,undetermined,0.2855
R0_current,0.0,0.4,0.075,reversed,0.151
R0_current,0.0,0.4,0.075,kept,0.071
R1_half_bound,0.0,0.4,0.075,reversed,0.43675
R1_half_bound,0.0,0.4,0.075,undetermined,0.3565
R1_half_bound,0.0,0.4,0.075,flattened,0.20675
R2_reorder,0.0,0.4,0.075,missing,0.28575
R2_reorder,0.0,0.4,0.075,undetermined,0.2855
R2_reorder,0.0,0.4,0.075,flattened,0.20675
R2_reorder,0.0,0.4,0.075,reversed,0.151
R2_reorder,0.0,0.4,0.075,kept,0.071
R3_interval,0.0,0.4,0.075,undetermined,0.88375
R3_interval,0.0,0.4,0.075,reversed or missing,0.109
R3_interval,0.0,0.4,0.075,reversed,0.0065
R3_interval,0.0,0.4,0.075,kept or steepened,0.00075
R0_current,0.0,0.4,0.1,missing,0.47925
R0_current,0.0,0.4,0.1,undetermined,0.30925
R0_current,0.0,0.4,0.1,reversed,0.13975
R0_current,0.0,0.4,0.1,kept,0.07175
R1_half_bound,0.0,0.4,0.1,reversed,0.40575
R1_half_bound,0.0,0.4,0.1,undetermined,0.381
R1_half_bound,0.0,0.4,0.1,flattened,0.21325
R2_reorder,0.0,0.4,0.1,undetermined,0.30925
R2_reorder,0.0,0.4,0.1,missing,0.266
R2_reorder,0.0,0.4,0.1,flattened,0.21325
R2_reorder,0.0,0.4,0.1,reversed,0.13975
R2_reorder,0.0,0.4,0.1,kept,0.07175
R3_interval,0.0,0.4,0.1,undetermined,0.89525
R3_interval,0.0,0.4,0.1,reversed or missing,0.09775
R3_interval,0.0,0.4,0.1,reversed,0.007
R0_current,0.0,0.4,0.125,missing,0.467
R0_current,0.0,0.4,0.125,undetermined,0.32725
R0_current,0.0,0.4,0.125,reversed,0.1205
R0_current,0.0,0.4,0.125,kept,0.08525
R1_half_bound,0.0,0.4,0.125,undetermined,0.4125
R1_half_bound,0.0,0.4,0.125,reversed,0.38275
R1_half_bound,0.0,0.4,0.125,flattened,0.20475
R2_reorder,0.0,0.4,0.125,undetermined,0.32725
R2_reorder,0.0,0.4,0.125,missing,0.26225
R2_reorder,0.0,0.4,0.125,flattened,0.20475
R2_reorder,0.0,0.4,0.125,reversed,0.1205
R2_reorder,0.0,0.4,0.125,kept,0.08525
R3_interval,0.0,0.4,0.125,undetermined,0.9115
R3_interval,0.0,0.4,0.125,reversed or missing,0.08425
R3_interval,0.0,0.4,0.125,reversed,0.00325
R3_interval,0.0,0.4,0.125,kept or steepened,0.001
R0_current,0.0,0.4,0.15,missing,0.448
R0_current,0.0,0.4,0.15,undetermined,0.3445
R0_current,0.0,0.4,0.15,reversed,0.11
R0_current,0.0,0.4,0.15,kept,0.0975
R1_half_bound,0.0,0.4,0.15,undetermined,0.442
R1_half_bound,0.0,0.4,0.15,reversed,0.3505
R1_half_bound,0.0,0.4,0.15,flattened,0.2075
R2_reorder,0.0,0.4,0.15,undetermined,0.3445
R2_reorder,0.0,0.4,0.15,missing,0.2405
R2_reorder,0.0,0.4,0.15,flattened,0.2075
R2_reorder,0.0,0.4,0.15,reversed,0.11
R2_reorder,0.0,0.4,0.15,kept,0.0975
R3_interval,0.0,0.4,0.15,undetermined,0.923
R3_interval,0.0,0.4,0.15,reversed or missing,0.072
R3_interval,0.0,0.4,0.15,reversed,0.00475
R3_interval,0.0,0.4,0.15,kept or steepened,0.00025
R0_current,0.0,0.4,0.175,missing,0.4295
R0_current,0.0,0.4,0.175,undetermined,0.35475
R0_current,0.0,0.4,0.175,kept,0.1155
R0_current,0.0,0.4,0.175,reversed,0.10025
R1_half_bound,0.0,0.4,0.175,undetermined,0.47025
R1_half_bound,0.0,0.4,0.175,reversed,0.32175
R1_half_bound,0.0,0.4,0.175,flattened,0.208
R2_reorder,0.0,0.4,0.175,undetermined,0.35475
R2_reorder,0.0,0.4,0.175,missing,0.2215
R2_reorder,0.0,0.4,0.175,flattened,0.208
R2_reorder,0.0,0.4,0.175,kept,0.1155
R2_reorder,0.0,0.4,0.175,reversed,0.10025
R3_interval,0.0,0.4,0.175,undetermined,0.92525
R3_interval,0.0,0.4,0.175,reversed or missing,0.071
R3_interval,0.0,0.4,0.175,reversed,0.003
R3_interval,0.0,0.4,0.175,kept or steepened,0.00075
R0_current,0.0,0.4,0.2,missing,0.40875
R0_current,0.0,0.4,0.2,undetermined,0.3665
R0_current,0.0,0.4,0.2,kept,0.1375
R0_current,0.0,0.4,0.2,reversed,0.08725
R1_half_bound,0.0,0.4,0.2,undetermined,0.504
R1_half_bound,0.0,0.4,0.2,reversed,0.29125
R1_half_bound,0.0,0.4,0.2,flattened,0.20475
R2_reorder,0.0,0.4,0.2,undetermined,0.3665
R2_reorder,0.0,0.4,0.2,flattened,0.20475
R2_reorder,0.0,0.4,0.2,missing,0.204
R2_reorder,0.0,0.4,0.2,kept,0.1375
R2_reorder,0.0,0.4,0.2,reversed,0.08725
R3_interval,0.0,0.4,0.2,undetermined,0.94075
R3_interval,0.0,0.4,0.2,reversed or missing,0.05575
R3_interval,0.0,0.4,0.2,reversed,0.003
R3_interval,0.0,0.4,0.2,kept or steepened,0.0005
R0_current,0.0,0.4,0.225,missing,0.4105
R0_current,0.0,0.4,0.225,undetermined,0.367
R0_current,0.0,0.4,0.225,kept,0.13375
R0_current,0.0,0.4,0.225,reversed,0.08875
R1_half_bound,0.0,0.4,0.225,undetermined,0.50075
R1_half_bound,0.0,0.4,0.225,reversed,0.2975
R1_half_bound,0.0,0.4,0.225,flattened,0.20175
R2_reorder,0.0,0.4,0.225,undetermined,0.367
R2_reorder,0.0,0.4,0.225,missing,0.20875
R2_reorder,0.0,0.4,0.225,flattened,0.20175
R2_reorder,0.0,0.4,0.225,kept,0.13375
R2_reorder,0.0,0.4,0.225,reversed,0.08875
R3_interval,0.0,0.4,0.225,undetermined,0.93025
R3_interval,0.0,0.4,0.225,reversed or missing,0.063
R3_interval,0.0,0.4,0.225,reversed,0.004
R3_interval,0.0,0.4,0.225,kept or steepened,0.00275
R0_current,0.0,0.4,0.25,undetermined,0.3875
R0_current,0.0,0.4,0.25,missing,0.38275
R0_current,0.0,0.4,0.25,kept,0.1585
R0_current,0.0,0.4,0.25,reversed,0.07125
R1_half_bound,0.0,0.4,0.25,undetermined,0.546
R1_half_bound,0.0,0.4,0.25,reversed,0.26375
R1_half_bound,0.0,0.4,0.25,flattened,0.19025
R2_reorder,0.0,0.4,0.25,undetermined,0.3875
R2_reorder,0.0,0.4,0.25,missing,0.1925
R2_reorder,0.0,0.4,0.25,flattened,0.19025
R2_reorder,0.0,0.4,0.25,kept,0.1585
R2_reorder,0.0,0.4,0.25,reversed,0.07125
R3_interval,0.0,0.4,0.25,undetermined,0.9475
R3_interval,0.0,0.4,0.25,reversed or missing,0.04925
R3_interval,0.0,0.4,0.25,reversed,0.00175
R3_interval,0.0,0.4,0.25,kept or steepened,0.0015
R0_current,0.0,0.4,0.275,undetermined,0.3935
R0_current,0.0,0.4,0.275,missing,0.369
R0_current,0.0,0.4,0.275,kept,0.1715
R0_current,0.0,0.4,0.275,reversed,0.06575
R0_current,0.0,0.4,0.275,steepened,0.00025
R1_half_bound,0.0,0.4,0.275,undetermined,0.565
R1_half_bound,0.0,0.4,0.275,reversed,0.24775
R1_half_bound,0.0,0.4,0.275,flattened,0.187
R1_half_bound,0.0,0.4,0.275,steepened,0.00025
R2_reorder,0.0,0.4,0.275,undetermined,0.3935
R2_reorder,0.0,0.4,0.275,flattened,0.187
R2_reorder,0.0,0.4,0.275,missing,0.182
R2_reorder,0.0,0.4,0.275,kept,0.1715
R2_reorder,0.0,0.4,0.275,reversed,0.06575
R2_reorder,0.0,0.4,0.275,steepened,0.00025
R3_interval,0.0,0.4,0.275,undetermined,0.95
R3_interval,0.0,0.4,0.275,reversed or missing,0.0465
R3_interval,0.0,0.4,0.275,kept or steepened,0.002
R3_interval,0.0,0.4,0.275,reversed,0.0015
R0_current,0.0,0.4,0.3,undetermined,0.40425
R0_current,0.0,0.4,0.3,missing,0.36025
R0_current,0.0,0.4,0.3,kept,0.185
R0_current,0.0,0.4,0.3,reversed,0.05025
R0_current,0.0,0.4,0.3,steepened,0.00025
R1_half_bound,0.0,0.4,0.3,undetermined,0.58925
R1_half_bound,0.0,0.4,0.3,reversed,0.225
R1_half_bound,0.0,0.4,0.3,flattened,0.1855
R1_half_bound,0.0,0.4,0.3,steepened,0.00025
R2_reorder,0.0,0.4,0.3,undetermined,0.40425
R2_reorder,0.0,0.4,0.3,flattened,0.1855
R2_reorder,0.0,0.4,0.3,kept,0.185
R2_reorder,0.0,0.4,0.3,missing,0.17475
R2_reorder,0.0,0.4,0.3,reversed,0.05025
R2_reorder,0.0,0.4,0.3,steepened,0.00025
R3_interval,0.0,0.4,0.3,undetermined,0.96125
R3_interval,0.0,0.4,0.3,reversed or missing,0.035
R3_interval,0.0,0.4,0.3,kept or steepened,0.003
R3_interval,0.0,0.4,0.3,reversed,0.00075
R0_current,0.0,0.4,0.325,undetermined,0.4295
R0_current,0.0,0.4,0.325,missing,0.3295
R0_current,0.0,0.4,0.325,kept,0.2
R0_current,0.0,0.4,0.325,reversed,0.0405
R0_current,0.0,0.4,0.325,steepened,0.0005
R1_half_bound,0.0,0.4,0.325,undetermined,0.6295
R1_half_bound,0.0,0.4,0.325,reversed,0.192
R1_half_bound,0.0,0.4,0.325,flattened,0.178
R1_half_bound,0.0,0.4,0.325,steepened,0.0005
R2_reorder,0.0,0.4,0.325,undetermined,0.4295
R2_reorder,0.0,0.4,0.325,kept,0.2
R2_reorder,0.0,0.4,0.325,flattened,0.178
R2_reorder,0.0,0.4,0.325,missing,0.1515
R2_reorder,0.0,0.4,0.325,reversed,0.0405
R2_reorder,0.0,0.4,0.325,steepened,0.0005
R3_interval,0.0,0.4,0.325,undetermined,0.9715
R3_interval,0.0,0.4,0.325,reversed or missing,0.025
R3_interval,0.0,0.4,0.325,kept or steepened,0.0025
R3_interval,0.0,0.4,0.325,reversed,0.00075
R3_interval,0.0,0.4,0.325,steepened,0.00025
R0_current,0.0,0.4,0.35,undetermined,0.42325
R0_current,0.0,0.4,0.35,missing,0.33775
R0_current,0.0,0.4,0.35,kept,0.2005
R0_current,0.0,0.4,0.35,reversed,0.03825
R0_current,0.0,0.4,0.35,steepened,0.00025
R1_half_bound,0.0,0.4,0.35,undetermined,0.62375
R1_half_bound,0.0,0.4,0.35,reversed,0.196
R1_half_bound,0.0,0.4,0.35,flattened,0.18
R1_half_bound,0.0,0.4,0.35,steepened,0.00025
R2_reorder,0.0,0.4,0.35,undetermined,0.42325
R2_reorder,0.0,0.4,0.35,kept,0.2005
R2_reorder,0.0,0.4,0.35,flattened,0.18
R2_reorder,0.0,0.4,0.35,missing,0.15775
R2_reorder,0.0,0.4,0.35,reversed,0.03825
R2_reorder,0.0,0.4,0.35,steepened,0.00025
R3_interval,0.0,0.4,0.35,undetermined,0.96825
R3_interval,0.0,0.4,0.35,reversed or missing,0.0255
R3_interval,0.0,0.4,0.35,kept or steepened,0.0055
R3_interval,0.0,0.4,0.35,reversed,0.00075
R0_current,0.0,0.4,0.375,undetermined,0.42325
R0_current,0.0,0.4,0.375,missing,0.309
R0_current,0.0,0.4,0.375,kept,0.23175
R0_current,0.0,0.4,0.375,reversed,0.03575
R0_current,0.0,0.4,0.375,steepened,0.00025
R1_half_bound,0.0,0.4,0.375,undetermined,0.655
R1_half_bound,0.0,0.4,0.375,reversed,0.183
R1_half_bound,0.0,0.4,0.375,flattened,0.16175
R1_half_bound,0.0,0.4,0.375,steepened,0.00025
R2_reorder,0.0,0.4,0.375,undetermined,0.42325
R2_reorder,0.0,0.4,0.375,kept,0.23175
R2_reorder,0.0,0.4,0.375,flattened,0.16175
R2_reorder,0.0,0.4,0.375,missing,0.14725
R2_reorder,0.0,0.4,0.375,reversed,0.03575
R2_reorder,0.0,0.4,0.375,steepened,0.00025
R3_interval,0.0,0.4,0.375,undetermined,0.97275
R3_interval,0.0,0.4,0.375,reversed or missing,0.023
R3_interval,0.0,0.4,0.375,kept or steepened,0.00325
R3_interval,0.0,0.4,0.375,reversed,0.001
R0_current,0.0,0.4,0.4,undetermined,0.427
R0_current,0.0,0.4,0.4,missing,0.28425
R0_current,0.0,0.4,0.4,kept,0.2575
R0_current,0.0,0.4,0.4,reversed,0.031
R0_current,0.0,0.4,0.4,steepened,0.00025
R1_half_bound,0.0,0.4,0.4,undetermined,0.6845
R1_half_bound,0.0,0.4,0.4,flattened,0.16
R1_half_bound,0.0,0.4,0.4,reversed,0.15525
R1_half_bound,0.0,0.4,0.4,steepened,0.00025
R2_reorder,0.0,0.4,0.4,undetermined,0.427
R2_reorder,0.0,0.4,0.4,kept,0.2575
R2_reorder,0.0,0.4,0.4,flattened,0.16
R2_reorder,0.0,0.4,0.4,missing,0.12425
R2_reorder,0.0,0.4,0.4,reversed,0.031
R2_reorder,0.0,0.4,0.4,steepened,0.00025
R3_interval,0.0,0.4,0.4,undetermined,0.975
R3_interval,0.0,0.4,0.4,reversed or missing,0.019
R3_interval,0.0,0.4,0.4,kept or steepened,0.00525
R3_interval,0.0,0.4,0.4,reversed,0.0005
R3_interval,0.0,0.4,0.4,steepened,0.00025
R0_current,0.0,0.4,0.425,undetermined,0.42675
R0_current,0.0,0.4,0.425,missing,0.273
R0_current,0.0,0.4,0.425,kept,0.26825
R0_current,0.0,0.4,0.425,reversed,0.03175
R0_current,0.0,0.4,0.425,steepened,0.00025
R1_half_bound,0.0,0.4,0.425,undetermined,0.695
R1_half_bound,0.0,0.4,0.425,flattened,0.157
R1_half_bound,0.0,0.4,0.425,reversed,0.14775
R1_half_bound,0.0,0.4,0.425,steepened,0.00025
R2_reorder,0.0,0.4,0.425,undetermined,0.42675
R2_reorder,0.0,0.4,0.425,kept,0.26825
R2_reorder,0.0,0.4,0.425,flattened,0.157
R2_reorder,0.0,0.4,0.425,missing,0.116
R2_reorder,0.0,0.4,0.425,reversed,0.03175
R2_reorder,0.0,0.4,0.425,steepened,0.00025
R3_interval,0.0,0.4,0.425,undetermined,0.9705
R3_interval,0.0,0.4,0.425,reversed or missing,0.01825
R3_interval,0.0,0.4,0.425,kept or steepened,0.01025
R3_interval,0.0,0.4,0.425,reversed,0.00075
R3_interval,0.0,0.4,0.425,steepened,0.00025
R0_current,0.0,0.4,0.45,undetermined,0.4485
R0_current,0.0,0.4,0.45,kept,0.275
R0_current,0.0,0.4,0.45,missing,0.25
R0_current,0.0,0.4,0.45,reversed,0.0265
R1_half_bound,0.0,0.4,0.45,undetermined,0.7235
R1_half_bound,0.0,0.4,0.45,flattened,0.14675
R1_half_bound,0.0,0.4,0.45,reversed,0.12975
R2_reorder,0.0,0.4,0.45,undetermined,0.4485
R2_reorder,0.0,0.4,0.45,kept,0.275
R2_reorder,0.0,0.4,0.45,flattened,0.14675
R2_reorder,0.0,0.4,0.45,missing,0.10325
R2_reorder,0.0,0.4,0.45,reversed,0.0265
R3_interval,0.0,0.4,0.45,undetermined,0.97425
R3_interval,0.0,0.4,0.45,reversed or missing,0.01675
R3_interval,0.0,0.4,0.45,kept or steepened,0.0085
R3_interval,0.0,0.4,0.45,reversed,0.0005
R0_current,0.0,0.4,0.475,undetermined,0.44725
R0_current,0.0,0.4,0.475,kept,0.309
R0_current,0.0,0.4,0.475,missing,0.2245
R0_current,0.0,0.4,0.475,reversed,0.0185
R0_current,0.0,0.4,0.475,steepened,0.00075
R1_half_bound,0.0,0.4,0.475,undetermined,0.75625
R1_half_bound,0.0,0.4,0.475,flattened,0.13475
R1_half_bound,0.0,0.4,0.475,reversed,0.10825
R1_half_bound,0.0,0.4,0.475,steepened,0.00075
R2_reorder,0.0,0.4,0.475,undetermined,0.44725
R2_reorder,0.0,0.4,0.475,kept,0.309
R2_reorder,0.0,0.4,0.475,flattened,0.13475
R2_reorder,0.0,0.4,0.475,missing,0.08975
R2_reorder,0.0,0.4,0.475,reversed,0.0185
R2_reorder,0.0,0.4,0.475,steepened,0.00075
R3_interval,0.0,0.4,0.475,undetermined,0.979
R3_interval,0.0,0.4,0.475,reversed or missing,0.01075
R3_interval,0.0,0.4,0.475,kept or steepened,0.00925
R3_interval,0.0,0.4,0.475,reversed,0.00075
R3_interval,0.0,0.4,0.475,steepened,0.00025
R0_current,0.0,0.4,0.5,undetermined,0.4345
R0_current,0.0,0.4,0.5,kept,0.33
R0_current,0.0,0.4,0.5,missing,0.217
R0_current,0.0,0.4,0.5,reversed,0.01825
R0_current,0.0,0.4,0.5,steepened,0.00025
R1_half_bound,0.0,0.4,0.5,undetermined,0.7645
R1_half_bound,0.0,0.4,0.5,flattened,0.13275
R1_half_bound,0.0,0.4,0.5,reversed,0.1025
R1_half_bound,0.0,0.4,0.5,steepened,0.00025
R2_reorder,0.0,0.4,0.5,undetermined,0.4345
R2_reorder,0.0,0.4,0.5,kept,0.33
R2_reorder,0.0,0.4,0.5,flattened,0.13275
R2_reorder,0.0,0.4,0.5,missing,0.08425
R2_reorder,0.0,0.4,0.5,reversed,0.01825
R2_reorder,0.0,0.4,0.5,steepened,0.00025
R3_interval,0.0,0.4,0.5,undetermined,0.97675
R3_interval,0.0,0.4,0.5,reversed or missing,0.01275
R3_interval,0.0,0.4,0.5,kept or steepened,0.01025
R3_interval,0.0,0.4,0.5,reversed,0.00025
R0_current,0.0,0.4,0.525,undetermined,0.436
R0_current,0.0,0.4,0.525,kept,0.34425
R0_current,0.0,0.4,0.525,missing,0.2045
R0_current,0.0,0.4,0.525,reversed,0.01475
R0_current,0.0,0.4,0.525,steepened,0.0005
R1_half_bound,0.0,0.4,0.525,undetermined,0.78025
R1_half_bound,0.0,0.4,0.525,flattened,0.12275
R1_half_bound,0.0,0.4,0.525,reversed,0.0965
R1_half_bound,0.0,0.4,0.525,steepened,0.0005
R2_reorder,0.0,0.4,0.525,undetermined,0.436
R2_reorder,0.0,0.4,0.525,kept,0.34425
R2_reorder,0.0,0.4,0.525,flattened,0.12275
R2_reorder,0.0,0.4,0.525,missing,0.08175
R2_reorder,0.0,0.4,0.525,reversed,0.01475
R2_reorder,0.0,0.4,0.525,steepened,0.0005
R3_interval,0.0,0.4,0.525,undetermined,0.97775
R3_interval,0.0,0.4,0.525,kept or steepened,0.01375
R3_interval,0.0,0.4,0.525,reversed or missing,0.0085
R0_current,0.0,0.4,0.55,undetermined,0.425
R0_current,0.0,0.4,0.55,kept,0.36375
R0_current,0.0,0.4,0.55,missing,0.19725
R0_current,0.0,0.4,0.55,reversed,0.01275
R0_current,0.0,0.4,0.55,steepened,0.00125
R1_half_bound,0.0,0.4,0.55,undetermined,0.78875
R1_half_bound,0.0,0.4,0.55,flattened,0.11825
R1_half_bound,0.0,0.4,0.55,reversed,0.09175
R1_half_bound,0.0,0.4,0.55,steepened,0.00125
R2_reorder,0.0,0.4,0.55,undetermined,0.425
R2_reorder,0.0,0.4,0.55,kept,0.36375
R2_reorder,0.0,0.4,0.55,flattened,0.11825
R2_reorder,0.0,0.4,0.55,missing,0.079
R2_reorder,0.0,0.4,0.55,reversed,0.01275
R2_reorder,0.0,0.4,0.55,steepened,0.00125
R3_interval,0.0,0.4,0.55,undetermined,0.97475
R3_interval,0.0,0.4,0.55,kept or steepened,0.0165
R3_interval,0.0,0.4,0.55,reversed or missing,0.00825
R3_interval,0.0,0.4,0.55,steepened,0.0005
R0_current,0.0,0.4,0.575,undetermined,0.4365
R0_current,0.0,0.4,0.575,kept,0.37375
R0_current,0.0,0.4,0.575,missing,0.1765
R0_current,0.0,0.4,0.575,reversed,0.01225
R0_current,0.0,0.4,0.575,steepened,0.001
R1_half_bound,0.0,0.4,0.575,undetermined,0.81025
R1_half_bound,0.0,0.4,0.575,flattened,0.1125
R1_half_bound,0.0,0.4,0.575,reversed,0.07625
R1_half_bound,0.0,0.4,0.575,steepened,0.001
R2_reorder,0.0,0.4,0.575,undetermined,0.4365
R2_reorder,0.0,0.4,0.575,kept,0.37375
R2_reorder,0.0,0.4,0.575,flattened,0.1125
R2_reorder,0.0,0.4,0.575,missing,0.064
R2_reorder,0.0,0.4,0.575,reversed,0.01225
R2_reorder,0.0,0.4,0.575,steepened,0.001
R3_interval,0.0,0.4,0.575,undetermined,0.97375
R3_interval,0.0,0.4,0.575,kept or steepened,0.0195
R3_interval,0.0,0.4,0.575,reversed or missing,0.00625
R3_interval,0.0,0.4,0.575,steepened,0.0005
R0_current,0.0,0.4,0.6,undetermined,0.4265
R0_current,0.0,0.4,0.6,kept,0.4145
R0_current,0.0,0.4,0.6,missing,0.14725
R0_current,0.0,0.4,0.6,reversed,0.00925
R0_current,0.0,0.4,0.6,steepened,0.0025
R1_half_bound,0.0,0.4,0.6,undetermined,0.841
R1_half_bound,0.0,0.4,0.6,flattened,0.09125
R1_half_bound,0.0,0.4,0.6,reversed,0.06525
R1_half_bound,0.0,0.4,0.6,steepened,0.0025
R2_reorder,0.0,0.4,0.6,undetermined,0.4265
R2_reorder,0.0,0.4,0.6,kept,0.4145
R2_reorder,0.0,0.4,0.6,flattened,0.09125
R2_reorder,0.0,0.4,0.6,missing,0.056
R2_reorder,0.0,0.4,0.6,reversed,0.00925
R2_reorder,0.0,0.4,0.6,steepened,0.0025
R3_interval,0.0,0.4,0.6,undetermined,0.9715
R3_interval,0.0,0.4,0.6,kept or steepened,0.02375
R3_interval,0.0,0.4,0.6,reversed or missing,0.00375
R3_interval,0.0,0.4,0.6,steepened,0.001
R0_current,0.0,0.4,0.625,kept,0.43475
R0_current,0.0,0.4,0.625,undetermined,0.40725
R0_current,0.0,0.4,0.625,missing,0.14625
R0_current,0.0,0.4,0.625,reversed,0.01
R0_current,0.0,0.4,0.625,steepened,0.00175
R1_half_bound,0.0,0.4,0.625,undetermined,0.842
R1_half_bound,0.0,0.4,0.625,flattened,0.094
R1_half_bound,0.0,0.4,0.625,reversed,0.06225
R1_half_bound,0.0,0.4,0.625,steepened,0.00175
R2_reorder,0.0,0.4,0.625,kept,0.43475
R2_reorder,0.0,0.4,0.625,undetermined,0.40725
R2_reorder,0.0,0.4,0.625,flattened,0.094
R2_reorder,0.0,0.4,0.625,missing,0.05225
R2_reorder,0.0,0.4,0.625,reversed,0.01
R2_reorder,0.0,0.4,0.625,steepened,0.00175
R3_interval,0.0,0.4,0.625,undetermined,0.969
R3_interval,0.0,0.4,0.625,kept or steepened,0.0245
R3_interval,0.0,0.4,0.625,reversed or missing,0.00575
R3_interval,0.0,0.4,0.625,steepened,0.0005
R3_interval,0.0,0.4,0.625,reversed,0.00025
R0_current,0.0,0.4,0.65,kept,0.448
R0_current,0.0,0.4,0.65,undetermined,0.41725
R0_current,0.0,0.4,0.65,missing,0.128
R0_current,0.0,0.4,0.65,steepened,0.0035
R0_current,0.0,0.4,0.65,reversed,0.00325
R1_half_bound,0.0,0.4,0.65,undetermined,0.86525
R1_half_bound,0.0,0.4,0.65,flattened,0.08075
R1_half_bound,0.0,0.4,0.65,reversed,0.0505
R1_half_bound,0.0,0.4,0.65,steepened,0.0035
R2_reorder,0.0,0.4,0.65,kept,0.448
R2_reorder,0.0,0.4,0.65,undetermined,0.41725
R2_reorder,0.0,0.4,0.65,flattened,0.08075
R2_reorder,0.0,0.4,0.65,missing,0.04725
R2_reorder,0.0,0.4,0.65,steepened,0.0035
R2_reorder,0.0,0.4,0.65,reversed,0.00325
R3_interval,0.0,0.4,0.65,undetermined,0.9685
R3_interval,0.0,0.4,0.65,kept or steepened,0.02825
R3_interval,0.0,0.4,0.65,steepened,0.0015
R3_interval,0.0,0.4,0.65,reversed or missing,0.0015
R3_interval,0.0,0.4,0.65,reversed,0.00025
R0_current,0.0,0.4,0.675,kept,0.46975
R0_current,0.0,0.4,0.675,undetermined,0.40275
R0_current,0.0,0.4,0.675,missing,0.12075
R0_current,0.0,0.4,0.675,reversed,0.0045
R0_current,0.0,0.4,0.675,steepened,0.00225
R1_half_bound,0.0,0.4,0.675,undetermined,0.8725
R1_half_bound,0.0,0.4,0.675,flattened,0.0835
R1_half_bound,0.0,0.4,0.675,reversed,0.04175
R1_half_bound,0.0,0.4,0.675,steepened,0.00225
R2_reorder,0.0,0.4,0.675,kept,0.46975
R2_reorder,0.0,0.4,0.675,undetermined,0.40275
R2_reorder,0.0,0.4,0.675,flattened,0.0835
R2_reorder,0.0,0.4,0.675,missing,0.03725
R2_reorder,0.0,0.4,0.675,reversed,0.0045
R2_reorder,0.0,0.4,0.675,steepened,0.00225
R3_interval,0.0,0.4,0.675,undetermined,0.96725
R3_interval,0.0,0.4,0.675,kept or steepened,0.02775
R3_interval,0.0,0.4,0.675,reversed or missing,0.00325
R3_interval,0.0,0.4,0.675,steepened,0.00175
R0_current,0.0,0.4,0.7,kept,0.485
R0_current,0.0,0.4,0.7,undetermined,0.40475
R0_current,0.0,0.4,0.7,missing,0.10175
R0_current,0.0,0.4,0.7,reversed,0.00575
R0_current,0.0,0.4,0.7,steepened,0.00275
R1_half_bound,0.0,0.4,0.7,undetermined,0.88975
R1_half_bound,0.0,0.4,0.7,flattened,0.06925
R1_half_bound,0.0,0.4,0.7,reversed,0.03825
R1_half_bound,0.0,0.4,0.7,steepened,0.00275
R2_reorder,0.0,0.4,0.7,kept,0.485
R2_reorder,0.0,0.4,0.7,undetermined,0.40475
R2_reorder,0.0,0.4,0.7,flattened,0.06925
R2_reorder,0.0,0.4,0.7,missing,0.0325
R2_reorder,0.0,0.4,0.7,reversed,0.00575
R2_reorder,0.0,0.4,0.7,steepened,0.00275
R3_interval,0.0,0.4,0.7,undetermined,0.9555
R3_interval,0.0,0.4,0.7,kept or steepened,0.039
R3_interval,0.0,0.4,0.7,reversed or missing,0.00375
R3_interval,0.0,0.4,0.7,steepened,0.00175
R0_current,0.0,0.4,0.725,kept,0.50225
R0_current,0.0,0.4,0.725,undetermined,0.399
R0_current,0.0,0.4,0.725,missing,0.08975
R0_current,0.0,0.4,0.725,steepened,0.0055
R0_current,0.0,0.4,0.725,reversed,0.0035
R1_half_bound,0.0,0.4,0.725,undetermined,0.90125
R1_half_bound,0.0,0.4,0.725,flattened,0.06275
R1_half_bound,0.0,0.4,0.725,reversed,0.0305
R1_half_bound,0.0,0.4,0.725,steepened,0.0055
R2_reorder,0.0,0.4,0.725,kept,0.50225
R2_reorder,0.0,0.4,0.725,undetermined,0.399
R2_reorder,0.0,0.4,0.725,flattened,0.06275
R2_reorder,0.0,0.4,0.725,missing,0.027
R2_reorder,0.0,0.4,0.725,steepened,0.0055
R2_reorder,0.0,0.4,0.725,reversed,0.0035
R3_interval,0.0,0.4,0.725,undetermined,0.9525
R3_interval,0.0,0.4,0.725,kept or steepened,0.043
R3_interval,0.0,0.4,0.725,steepened,0.0025
R3_interval,0.0,0.4,0.725,reversed or missing,0.002
R0_current,0.0,0.4,0.75,kept,0.5225
R0_current,0.0,0.4,0.75,undetermined,0.384
R0_current,0.0,0.4,0.75,missing,0.086
R0_current,0.0,0.4,0.75,steepened,0.00475
R0_current,0.0,0.4,0.75,reversed,0.00275
R1_half_bound,0.0,0.4,0.75,undetermined,0.9065
R1_half_bound,0.0,0.4,0.75,flattened,0.05875
R1_half_bound,0.0,0.4,0.75,reversed,0.03
R1_half_bound,0.0,0.4,0.75,steepened,0.00475
R2_reorder,0.0,0.4,0.75,kept,0.5225
R2_reorder,0.0,0.4,0.75,undetermined,0.384
R2_reorder,0.0,0.4,0.75,flattened,0.05875
R2_reorder,0.0,0.4,0.75,missing,0.02725
R2_reorder,0.0,0.4,0.75,steepened,0.00475
R2_reorder,0.0,0.4,0.75,reversed,0.00275
R3_interval,0.0,0.4,0.75,undetermined,0.948
R3_interval,0.0,0.4,0.75,kept or steepened,0.048
R3_interval,0.0,0.4,0.75,steepened,0.00225
R3_interval,0.0,0.4,0.75,reversed or missing,0.00175
R0_current,0.0,0.4,0.775,kept,0.5345
R0_current,0.0,0.4,0.775,undetermined,0.38025
R0_current,0.0,0.4,0.775,missing,0.0775
R0_current,0.0,0.4,0.775,steepened,0.0045
R0_current,0.0,0.4,0.775,reversed,0.00325
R1_half_bound,0.0,0.4,0.775,undetermined,0.91475
R1_half_bound,0.0,0.4,0.775,flattened,0.05625
R1_half_bound,0.0,0.4,0.775,reversed,0.0245
R1_half_bound,0.0,0.4,0.775,steepened,0.0045
R2_reorder,0.0,0.4,0.775,kept,0.5345
R2_reorder,0.0,0.4,0.775,undetermined,0.38025
R2_reorder,0.0,0.4,0.775,flattened,0.05625
R2_reorder,0.0,0.4,0.775,missing,0.02125
R2_reorder,0.0,0.4,0.775,steepened,0.0045
R2_reorder,0.0,0.4,0.775,reversed,0.00325
R3_interval,0.0,0.4,0.775,undetermined,0.945
R3_interval,0.0,0.4,0.775,kept or steepened,0.0505
R3_interval,0.0,0.4,0.775,reversed or missing,0.00225
R3_interval,0.0,0.4,0.775,steepened,0.00225
R0_current,0.0,0.4,0.8,kept,0.547
R0_current,0.0,0.4,0.8,undetermined,0.3775
R0_current,0.0,0.4,0.8,missing,0.064
R0_current,0.0,0.4,0.8,steepened,0.0085
R0_current,0.0,0.4,0.8,reversed,0.003
R1_half_bound,0.0,0.4,0.8,undetermined,0.9245
R1_half_bound,0.0,0.4,0.8,flattened,0.044
R1_half_bound,0.0,0.4,0.8,reversed,0.023
R1_half_bound,0.0,0.4,0.8,steepened,0.0085
R2_reorder,0.0,0.4,0.8,kept,0.547
R2_reorder,0.0,0.4,0.8,undetermined,0.3775
R2_reorder,0.0,0.4,0.8,flattened,0.044
R2_reorder,0.0,0.4,0.8,missing,0.02
R2_reorder,0.0,0.4,0.8,steepened,0.0085
R2_reorder,0.0,0.4,0.8,reversed,0.003
R3_interval,0.0,0.4,0.8,undetermined,0.93575
R3_interval,0.0,0.4,0.8,kept or steepened,0.05975
R3_interval,0.0,0.4,0.8,steepened,0.0035
R3_interval,0.0,0.4,0.8,reversed or missing,0.001
R0_current,0.0,0.4,0.825,kept,0.566
R0_current,0.0,0.4,0.825,undetermined,0.36925
R0_current,0.0,0.4,0.825,missing,0.05475
R0_current,0.0,0.4,0.825,steepened,0.0075
R0_current,0.0,0.4,0.825,reversed,0.0025
R1_half_bound,0.0,0.4,0.825,undetermined,0.93525
R1_half_bound,0.0,0.4,0.825,flattened,0.03575
R1_half_bound,0.0,0.4,0.825,reversed,0.0215
R1_half_bound,0.0,0.4,0.825,steepened,0.0075
R2_reorder,0.0,0.4,0.825,kept,0.566
R2_reorder,0.0,0.4,0.825,undetermined,0.36925
R2_reorder,0.0,0.4,0.825,flattened,0.03575
R2_reorder,0.0,0.4,0.825,missing,0.019
R2_reorder,0.0,0.4,0.825,steepened,0.0075
R2_reorder,0.0,0.4,0.825,reversed,0.0025
R3_interval,0.0,0.4,0.825,undetermined,0.935
R3_interval,0.0,0.4,0.825,kept or steepened,0.06125
R3_interval,0.0,0.4,0.825,steepened,0.00275
R3_interval,0.0,0.4,0.825,reversed or missing,0.001
R0_current,0.0,0.4,0.85,kept,0.5635
R0_current,0.0,0.4,0.85,undetermined,0.368
R0_current,0.0,0.4,0.85,missing,0.05575
R0_current,0.0,0.4,0.85,steepened,0.01125
R0_current,0.0,0.4,0.85,reversed,0.0015
R1_half_bound,0.0,0.4,0.85,undetermined,0.9315
R1_half_bound,0.0,0.4,0.85,flattened,0.0405
R1_half_bound,0.0,0.4,0.85,reversed,0.01675
R1_half_bound,0.0,0.4,0.85,steepened,0.01125
R2_reorder,0.0,0.4,0.85,kept,0.5635
R2_reorder,0.0,0.4,0.85,undetermined,0.368
R2_reorder,0.0,0.4,0.85,flattened,0.0405
R2_reorder,0.0,0.4,0.85,missing,0.01525
R2_reorder,0.0,0.4,0.85,steepened,0.01125
R2_reorder,0.0,0.4,0.85,reversed,0.0015
R3_interval,0.0,0.4,0.85,undetermined,0.91075
R3_interval,0.0,0.4,0.85,kept or steepened,0.08375
R3_interval,0.0,0.4,0.85,steepened,0.005
R3_interval,0.0,0.4,0.85,reversed or missing,0.0005
R0_current,0.0,0.4,0.875,kept,0.5825
R0_current,0.0,0.4,0.875,undetermined,0.358
R0_current,0.0,0.4,0.875,missing,0.04625
R0_current,0.0,0.4,0.875,steepened,0.01225
R0_current,0.0,0.4,0.875,reversed,0.001
R1_half_bound,0.0,0.4,0.875,undetermined,0.9405
R1_half_bound,0.0,0.4,0.875,flattened,0.03275
R1_half_bound,0.0,0.4,0.875,reversed,0.0145
R1_half_bound,0.0,0.4,0.875,steepened,0.01225
R2_reorder,0.0,0.4,0.875,kept,0.5825
R2_reorder,0.0,0.4,0.875,undetermined,0.358
R2_reorder,0.0,0.4,0.875,flattened,0.03275
R2_reorder,0.0,0.4,0.875,missing,0.0135
R2_reorder,0.0,0.4,0.875,steepened,0.01225
R2_reorder,0.0,0.4,0.875,reversed,0.001
R3_interval,0.0,0.4,0.875,undetermined,0.90725
R3_interval,0.0,0.4,0.875,kept or steepened,0.08575
R3_interval,0.0,0.4,0.875,steepened,0.00625
R3_interval,0.0,0.4,0.875,reversed or missing,0.00075
R0_current,0.0,0.4,0.9,kept,0.58425
R0_current,0.0,0.4,0.9,undetermined,0.3595
R0_current,0.0,0.4,0.9,missing,0.04525
R0_current,0.0,0.4,0.9,steepened,0.01075
R0_current,0.0,0.4,0.9,reversed,0.00025
R1_half_bound,0.0,0.4,0.9,undetermined,0.94375
R1_half_bound,0.0,0.4,0.9,flattened,0.032
R1_half_bound,0.0,0.4,0.9,reversed,0.0135
R1_half_bound,0.0,0.4,0.9,steepened,0.01075
R2_reorder,0.0,0.4,0.9,kept,0.58425
R2_reorder,0.0,0.4,0.9,undetermined,0.3595
R2_reorder,0.0,0.4,0.9,flattened,0.032
R2_reorder,0.0,0.4,0.9,missing,0.01325
R2_reorder,0.0,0.4,0.9,steepened,0.01075
R2_reorder,0.0,0.4,0.9,reversed,0.00025
R3_interval,0.0,0.4,0.9,undetermined,0.9055
R3_interval,0.0,0.4,0.9,kept or steepened,0.0905
R3_interval,0.0,0.4,0.9,steepened,0.004
R0_current,0.0,0.4,0.925,kept,0.591
R0_current,0.0,0.4,0.925,undetermined,0.35025
R0_current,0.0,0.4,0.925,missing,0.04125
R0_current,0.0,0.4,0.925,steepened,0.01675
R0_current,0.0,0.4,0.925,reversed,0.00075
R1_half_bound,0.0,0.4,0.925,undetermined,0.94125
R1_half_bound,0.0,0.4,0.925,flattened,0.033
R1_half_bound,0.0,0.4,0.925,steepened,0.01675
R1_half_bound,0.0,0.4,0.925,reversed,0.009
R2_reorder,0.0,0.4,0.925,kept,0.591
R2_reorder,0.0,0.4,0.925,undetermined,0.35025
R2_reorder,0.0,0.4,0.925,flattened,0.033
R2_reorder,0.0,0.4,0.925,steepened,0.01675
R2_reorder,0.0,0.4,0.925,missing,0.00825
R2_reorder,0.0,0.4,0.925,reversed,0.00075
R3_interval,0.0,0.4,0.925,undetermined,0.889
R3_interval,0.0,0.4,0.925,kept or steepened,0.104
R3_interval,0.0,0.4,0.925,steepened,0.00675
R3_interval,0.0,0.4,0.925,reversed or missing,0.00025
R0_current,0.0,0.4,0.95,kept,0.599
R0_current,0.0,0.4,0.95,undetermined,0.351
R0_current,0.0,0.4,0.95,missing,0.033
R0_current,0.0,0.4,0.95,steepened,0.0165
R0_current,0.0,0.4,0.95,reversed,0.0005
R1_half_bound,0.0,0.4,0.95,undetermined,0.95
R1_half_bound,0.0,0.4,0.95,flattened,0.02575
R1_half_bound,0.0,0.4,0.95,steepened,0.0165
R1_half_bound,0.0,0.4,0.95,reversed,0.00775
R2_reorder,0.0,0.4,0.95,kept,0.599
R2_reorder,0.0,0.4,0.95,undetermined,0.351
R2_reorder,0.0,0.4,0.95,flattened,0.02575
R2_reorder,0.0,0.4,0.95,steepened,0.0165
R2_reorder,0.0,0.4,0.95,missing,0.00725
R2_reorder,0.0,0.4,0.95,reversed,0.0005
R3_interval,0.0,0.4,0.95,undetermined,0.883
R3_interval,0.0,0.4,0.95,kept or steepened,0.108
R3_interval,0.0,0.4,0.95,steepened,0.00875
R3_interval,0.0,0.4,0.95,reversed or missing,0.00025
R0_current,0.0,0.4,0.975,kept,0.60175
R0_current,0.0,0.4,0.975,undetermined,0.35125
R0_current,0.0,0.4,0.975,missing,0.0255
R0_current,0.0,0.4,0.975,steepened,0.021
R0_current,0.0,0.4,0.975,reversed,0.0005
R1_half_bound,0.0,0.4,0.975,undetermined,0.953
R1_half_bound,0.0,0.4,0.975,steepened,0.021
R1_half_bound,0.0,0.4,0.975,flattened,0.02
R1_half_bound,0.0,0.4,0.975,reversed,0.006
R2_reorder,0.0,0.4,0.975,kept,0.60175
R2_reorder,0.0,0.4,0.975,undetermined,0.35125
R2_reorder,0.0,0.4,0.975,steepened,0.021
R2_reorder,0.0,0.4,0.975,flattened,0.02
R2_reorder,0.0,0.4,0.975,missing,0.0055
R2_reorder,0.0,0.4,0.975,reversed,0.0005
R3_interval,0.0,0.4,0.975,undetermined,0.86025
R3_interval,0.0,0.4,0.975,kept or steepened,0.12825
R3_interval,0.0,0.4,0.975,steepened,0.011
R3_interval,0.0,0.4,0.975,reversed or missing,0.0005
R0_current,0.0,0.4,1.0,kept,0.6175
R0_current,0.0,0.4,1.0,undetermined,0.3345
R0_current,0.0,0.4,1.0,steepened,0.02425
R0_current,0.0,0.4,1.0,missing,0.02325
R0_current,0.0,0.4,1.0,reversed,0.0005
R1_half_bound,0.0,0.4,1.0,undetermined,0.952
R1_half_bound,0.0,0.4,1.0,steepened,0.02425
R1_half_bound,0.0,0.4,1.0,flattened,0.016
R1_half_bound,0.0,0.4,1.0,reversed,0.00775
R2_reorder,0.0,0.4,1.0,kept,0.6175
R2_reorder,0.0,0.4,1.0,undetermined,0.3345
R2_reorder,0.0,0.4,1.0,steepened,0.02425
R2_reorder,0.0,0.4,1.0,flattened,0.016
R2_reorder,0.0,0.4,1.0,missing,0.00725
R2_reorder,0.0,0.4,1.0,reversed,0.0005
R3_interval,0.0,0.4,1.0,undetermined,0.8565
R3_interval,0.0,0.4,1.0,kept or steepened,0.132
R3_interval,0.0,0.4,1.0,steepened,0.01125
R3_interval,0.0,0.4,1.0,reversed or missing,0.00025
R0_current,0.0,0.4,1.025,kept,0.59425
R0_current,0.0,0.4,1.025,undetermined,0.3545
R0_current,0.0,0.4,1.025,steepened,0.02725
R0_current,0.0,0.4,1.025,missing,0.0235
R0_current,0.0,0.4,1.025,reversed,0.0005
R1_half_bound,0.0,0.4,1.025,undetermined,0.94875
R1_half_bound,0.0,0.4,1.025,steepened,0.02725
R1_half_bound,0.0,0.4,1.025,flattened,0.018
R1_half_bound,0.0,0.4,1.025,reversed,0.006
R2_reorder,0.0,0.4,1.025,kept,0.59425
R2_reorder,0.0,0.4,1.025,undetermined,0.3545
R2_reorder,0.0,0.4,1.025,steepened,0.02725
R2_reorder,0.0,0.4,1.025,flattened,0.018
R2_reorder,0.0,0.4,1.025,missing,0.0055
R2_reorder,0.0,0.4,1.025,reversed,0.0005
R3_interval,0.0,0.4,1.025,undetermined,0.824
R3_interval,0.0,0.4,1.025,kept or steepened,0.163
R3_interval,0.0,0.4,1.025,steepened,0.0125
R3_interval,0.0,0.4,1.025,reversed or missing,0.0005
R0_current,0.0,0.4,1.05,kept,0.60525
R0_current,0.0,0.4,1.05,undetermined,0.341
R0_current,0.0,0.4,1.05,steepened,0.03525
R0_current,0.0,0.4,1.05,missing,0.018
R0_current,0.0,0.4,1.05,reversed,0.0005
R1_half_bound,0.0,0.4,1.05,undetermined,0.94625
R1_half_bound,0.0,0.4,1.05,steepened,0.03525
R1_half_bound,0.0,0.4,1.05,flattened,0.014
R1_half_bound,0.0,0.4,1.05,reversed,0.0045
R2_reorder,0.0,0.4,1.05,kept,0.60525
R2_reorder,0.0,0.4,1.05,undetermined,0.341
R2_reorder,0.0,0.4,1.05,steepened,0.03525
R2_reorder,0.0,0.4,1.05,flattened,0.014
R2_reorder,0.0,0.4,1.05,missing,0.004
R2_reorder,0.0,0.4,1.05,reversed,0.0005
R3_interval,0.0,0.4,1.05,undetermined,0.8185
R3_interval,0.0,0.4,1.05,kept or steepened,0.16575
R3_interval,0.0,0.4,1.05,steepened,0.01525
R3_interval,0.0,0.4,1.05,reversed or missing,0.0005
R0_current,0.0,0.4,1.075,kept,0.59025
R0_current,0.0,0.4,1.075,undetermined,0.35525
R0_current,0.0,0.4,1.075,steepened,0.03925
R0_current,0.0,0.4,1.075,missing,0.01475
R0_current,0.0,0.4,1.075,reversed,0.0005
R1_half_bound,0.0,0.4,1.075,undetermined,0.9455
R1_half_bound,0.0,0.4,1.075,steepened,0.03925
R1_half_bound,0.0,0.4,1.075,flattened,0.0105
R1_half_bound,0.0,0.4,1.075,reversed,0.00475
R2_reorder,0.0,0.4,1.075,kept,0.59025
R2_reorder,0.0,0.4,1.075,undetermined,0.35525
R2_reorder,0.0,0.4,1.075,steepened,0.03925
R2_reorder,0.0,0.4,1.075,flattened,0.0105
R2_reorder,0.0,0.4,1.075,missing,0.00425
R2_reorder,0.0,0.4,1.075,reversed,0.0005
R3_interval,0.0,0.4,1.075,undetermined,0.79725
R3_interval,0.0,0.4,1.075,kept or steepened,0.18375
R3_interval,0.0,0.4,1.075,steepened,0.01875
R3_interval,0.0,0.4,1.075,reversed or missing,0.00025
R0_current,0.0,0.4,1.1,kept,0.58475
R0_current,0.0,0.4,1.1,undetermined,0.35475
R0_current,0.0,0.4,1.1,steepened,0.046
R0_current,0.0,0.4,1.1,missing,0.0145
R1_half_bound,0.0,0.4,1.1,undetermined,0.9395
R1_half_bound,0.0,0.4,1.1,steepened,0.046
R1_half_bound,0.0,0.4,1.1,flattened,0.01225
R1_half_bound,0.0,0.4,1.1,reversed,0.00225
R2_reorder,0.0,0.4,1.1,kept,0.58475
R2_reorder,0.0,0.4,1.1,undetermined,0.35475
R2_reorder,0.0,0.4,1.1,steepened,0.046
R2_reorder,0.0,0.4,1.1,flattened,0.01225
R2_reorder,0.0,0.4,1.1,missing,0.00225
R3_interval,0.0,0.4,1.1,undetermined,0.775
R3_interval,0.0,0.4,1.1,kept or steepened,0.2015
R3_interval,0.0,0.4,1.1,steepened,0.0235
R0_current,0.0,0.4,1.125,kept,0.5825
R0_current,0.0,0.4,1.125,undetermined,0.3605
R0_current,0.0,0.4,1.125,steepened,0.046
R0_current,0.0,0.4,1.125,missing,0.011
R1_half_bound,0.0,0.4,1.125,undetermined,0.943
R1_half_bound,0.0,0.4,1.125,steepened,0.046
R1_half_bound,0.0,0.4,1.125,flattened,0.00875
R1_half_bound,0.0,0.4,1.125,reversed,0.00225
R2_reorder,0.0,0.4,1.125,kept,0.5825
R2_reorder,0.0,0.4,1.125,undetermined,0.3605
R2_reorder,0.0,0.4,1.125,steepened,0.046
R2_reorder,0.0,0.4,1.125,flattened,0.00875
R2_reorder,0.0,0.4,1.125,missing,0.00225
R3_interval,0.0,0.4,1.125,undetermined,0.7675
R3_interval,0.0,0.4,1.125,kept or steepened,0.21
R3_interval,0.0,0.4,1.125,steepened,0.0225
R0_current,0.0,0.4,1.15,kept,0.583
R0_current,0.0,0.4,1.15,undetermined,0.3555
R0_current,0.0,0.4,1.15,steepened,0.053
R0_current,0.0,0.4,1.15,missing,0.008
R0_current,0.0,0.4,1.15,reversed,0.0005
R1_half_bound,0.0,0.4,1.15,undetermined,0.9385
R1_half_bound,0.0,0.4,1.15,steepened,0.053
R1_half_bound,0.0,0.4,1.15,flattened,0.00675
R1_half_bound,0.0,0.4,1.15,reversed,0.00175
R2_reorder,0.0,0.4,1.15,kept,0.583
R2_reorder,0.0,0.4,1.15,undetermined,0.3555
R2_reorder,0.0,0.4,1.15,steepened,0.053
R2_reorder,0.0,0.4,1.15,flattened,0.00675
R2_reorder,0.0,0.4,1.15,missing,0.00125
R2_reorder,0.0,0.4,1.15,reversed,0.0005
R3_interval,0.0,0.4,1.15,undetermined,0.758
R3_interval,0.0,0.4,1.15,kept or steepened,0.215
R3_interval,0.0,0.4,1.15,steepened,0.02675
R3_interval,0.0,0.4,1.15,reversed or missing,0.00025
R0_current,0.0,0.4,1.175,kept,0.56275
R0_current,0.0,0.4,1.175,undetermined,0.3605
R0_current,0.0,0.4,1.175,steepened,0.06825
R0_current,0.0,0.4,1.175,missing,0.0085
R1_half_bound,0.0,0.4,1.175,undetermined,0.92325
R1_half_bound,0.0,0.4,1.175,steepened,0.06825
R1_half_bound,0.0,0.4,1.175,flattened,0.0075
R1_half_bound,0.0,0.4,1.175,reversed,0.001
R2_reorder,0.0,0.4,1.175,kept,0.56275
R2_reorder,0.0,0.4,1.175,undetermined,0.3605
R2_reorder,0.0,0.4,1.175,steepened,0.06825
R2_reorder,0.0,0.4,1.175,flattened,0.0075
R2_reorder,0.0,0.4,1.175,missing,0.001
R3_interval,0.0,0.4,1.175,undetermined,0.71175
R3_interval,0.0,0.4,1.175,kept or steepened,0.2495
R3_interval,0.0,0.4,1.175,steepened,0.03875
R0_current,0.0,0.4,1.2,kept,0.55125
R0_current,0.0,0.4,1.2,undetermined,0.374
R0_current,0.0,0.4,1.2,steepened,0.06775
R0_current,0.0,0.4,1.2,missing,0.007
R1_half_bound,0.0,0.4,1.2,undetermined,0.92525
R1_half_bound,0.0,0.4,1.2,steepened,0.06775
R1_half_bound,0.0,0.4,1.2,flattened,0.00525
R1_half_bound,0.0,0.4,1.2,reversed,0.00175
R2_reorder,0.0,0.4,1.2,kept,0.55125
R2_reorder,0.0,0.4,1.2,undetermined,0.374
R2_reorder,0.0,0.4,1.2,steepened,0.06775
R2_reorder,0.0,0.4,1.2,flattened,0.00525
R2_reorder,0.0,0.4,1.2,missing,0.00175
R3_interval,0.0,0.4,1.2,undetermined,0.7045
R3_interval,0.0,0.4,1.2,kept or steepened,0.26075
R3_interval,0.0,0.4,1.2,steepened,0.03475
R0_current,0.0,0.4,1.225,kept,0.546
R0_current,0.0,0.4,1.225,undetermined,0.37175
R0_current,0.0,0.4,1.225,steepened,0.0755
R0_current,0.0,0.4,1.225,missing,0.00675
R1_half_bound,0.0,0.4,1.225,undetermined,0.91775
R1_half_bound,0.0,0.4,1.225,steepened,0.0755
R1_half_bound,0.0,0.4,1.225,flattened,0.0035
R1_half_bound,0.0,0.4,1.225,reversed,0.00325
R2_reorder,0.0,0.4,1.225,kept,0.546
R2_reorder,0.0,0.4,1.225,undetermined,0.37175
R2_reorder,0.0,0.4,1.225,steepened,0.0755
R2_reorder,0.0,0.4,1.225,flattened,0.0035
R2_reorder,0.0,0.4,1.225,missing,0.00325
R3_interval,0.0,0.4,1.225,undetermined,0.69325
R3_interval,0.0,0.4,1.225,kept or steepened,0.266
R3_interval,0.0,0.4,1.225,steepened,0.04075
R0_current,0.0,0.4,1.25,kept,0.5085
R0_current,0.0,0.4,1.25,undetermined,0.39775
R0_current,0.0,0.4,1.25,steepened,0.091
R0_current,0.0,0.4,1.25,missing,0.00275
R1_half_bound,0.0,0.4,1.25,undetermined,0.90625
R1_half_bound,0.0,0.4,1.25,steepened,0.091
R1_half_bound,0.0,0.4,1.25,flattened,0.0025
R1_half_bound,0.0,0.4,1.25,reversed,0.00025
R2_reorder,0.0,0.4,1.25,kept,0.5085
R2_reorder,0.0,0.4,1.25,undetermined,0.39775
R2_reorder,0.0,0.4,1.25,steepened,0.091
R2_reorder,0.0,0.4,1.25,flattened,0.0025
R2_reorder,0.0,0.4,1.25,missing,0.00025
R3_interval,0.0,0.4,1.25,undetermined,0.6535
R3_interval,0.0,0.4,1.25,kept or steepened,0.2955
R3_interval,0.0,0.4,1.25,steepened,0.051
R0_current,0.0,0.4,1.275,kept,0.504
R0_current,0.0,0.4,1.275,undetermined,0.39
R0_current,0.0,0.4,1.275,steepened,0.10225
R0_current,0.0,0.4,1.275,missing,0.00375
R1_half_bound,0.0,0.4,1.275,undetermined,0.894
R1_half_bound,0.0,0.4,1.275,steepened,0.10225
R1_half_bound,0.0,0.4,1.275,flattened,0.00275
R1_half_bound,0.0,0.4,1.275,reversed,0.001
R2_reorder,0.0,0.4,1.275,kept,0.504
R2_reorder,0.0,0.4,1.275,undetermined,0.39
R2_reorder,0.0,0.4,1.275,steepened,0.10225
R2_reorder,0.0,0.4,1.275,flattened,0.00275
R2_reorder,0.0,0.4,1.275,missing,0.001
R3_interval,0.0,0.4,1.275,undetermined,0.6355
R3_interval,0.0,0.4,1.275,kept or steepened,0.3085
R3_interval,0.0,0.4,1.275,steepened,0.056
R0_current,0.0,0.4,1.3,kept,0.4775
R0_current,0.0,0.4,1.3,undetermined,0.4015
R0_current,0.0,0.4,1.3,steepened,0.11675
R0_current,0.0,0.4,1.3,missing,0.00425
R1_half_bound,0.0,0.4,1.3,undetermined,0.879
R1_half_bound,0.0,0.4,1.3,steepened,0.11675
R1_half_bound,0.0,0.4,1.3,flattened,0.00225
R1_half_bound,0.0,0.4,1.3,reversed,0.002
R2_reorder,0.0,0.4,1.3,kept,0.4775
R2_reorder,0.0,0.4,1.3,undetermined,0.4015
R2_reorder,0.0,0.4,1.3,steepened,0.11675
R2_reorder,0.0,0.4,1.3,flattened,0.00225
R2_reorder,0.0,0.4,1.3,missing,0.002
R3_interval,0.0,0.4,1.3,undetermined,0.59675
R3_interval,0.0,0.4,1.3,kept or steepened,0.3355
R3_interval,0.0,0.4,1.3,steepened,0.06775
R0_current,0.0,0.4,1.325,kept,0.469
R0_current,0.0,0.4,1.325,undetermined,0.41225
R0_current,0.0,0.4,1.325,steepened,0.116
R0_current,0.0,0.4,1.325,missing,0.00275
R1_half_bound,0.0,0.4,1.325,undetermined,0.88125
R1_half_bound,0.0,0.4,1.325,steepened,0.116
R1_half_bound,0.0,0.4,1.325,flattened,0.00175
R1_half_bound,0.0,0.4,1.325,reversed,0.001
R2_reorder,0.0,0.4,1.325,kept,0.469
R2_reorder,0.0,0.4,1.325,undetermined,0.41225
R2_reorder,0.0,0.4,1.325,steepened,0.116
R2_reorder,0.0,0.4,1.325,flattened,0.00175
R2_reorder,0.0,0.4,1.325,missing,0.001
R3_interval,0.0,0.4,1.325,undetermined,0.5945
R3_interval,0.0,0.4,1.325,kept or steepened,0.33525
R3_interval,0.0,0.4,1.325,steepened,0.07025
R0_current,0.0,0.4,1.35,kept,0.44025
R0_current,0.0,0.4,1.35,undetermined,0.42025
R0_current,0.0,0.4,1.35,steepened,0.1375
R0_current,0.0,0.4,1.35,missing,0.002
R1_half_bound,0.0,0.4,1.35,undetermined,0.8605
R1_half_bound,0.0,0.4,1.35,steepened,0.1375
R1_half_bound,0.0,0.4,1.35,flattened,0.002
R2_reorder,0.0,0.4,1.35,kept,0.44025
R2_reorder,0.0,0.4,1.35,undetermined,0.42025
R2_reorder,0.0,0.4,1.35,steepened,0.1375
R2_reorder,0.0,0.4,1.35,flattened,0.002
R3_interval,0.0,0.4,1.35,undetermined,0.56025
R3_interval,0.0,0.4,1.35,kept or steepened,0.35175
R3_interval,0.0,0.4,1.35,steepened,0.088
R0_current,0.0,0.4,1.375,kept,0.432
R0_current,0.0,0.4,1.375,undetermined,0.427
R0_current,0.0,0.4,1.375,steepened,0.13975
R0_current,0.0,0.4,1.375,missing,0.00125
R1_half_bound,0.0,0.4,1.375,undetermined,0.859
R1_half_bound,0.0,0.4,1.375,steepened,0.13975
R1_half_bound,0.0,0.4,1.375,flattened,0.00075
R1_half_bound,0.0,0.4,1.375,reversed,0.0005
R2_reorder,0.0,0.4,1.375,kept,0.432
R2_reorder,0.0,0.4,1.375,undetermined,0.427
R2_reorder,0.0,0.4,1.375,steepened,0.13975
R2_reorder,0.0,0.4,1.375,flattened,0.00075
R2_reorder,0.0,0.4,1.375,missing,0.0005
R3_interval,0.0,0.4,1.375,undetermined,0.552
R3_interval,0.0,0.4,1.375,kept or steepened,0.3665
R3_interval,0.0,0.4,1.375,steepened,0.0815
R0_current,0.0,0.4,1.4,undetermined,0.43075
R0_current,0.0,0.4,1.4,kept,0.4015
R0_current,0.0,0.4,1.4,steepened,0.16475
R0_current,0.0,0.4,1.4,missing,0.003
R1_half_bound,0.0,0.4,1.4,undetermined,0.83225
R1_half_bound,0.0,0.4,1.4,steepened,0.16475
R1_half_bound,0.0,0.4,1.4,flattened,0.0025
R1_half_bound,0.0,0.4,1.4,reversed,0.0005
R2_reorder,0.0,0.4,1.4,undetermined,0.43075
R2_reorder,0.0,0.4,1.4,kept,0.4015
R2_reorder,0.0,0.4,1.4,steepened,0.16475
R2_reorder,0.0,0.4,1.4,flattened,0.0025
R2_reorder,0.0,0.4,1.4,missing,0.0005
R3_interval,0.0,0.4,1.4,undetermined,0.50375
R3_interval,0.0,0.4,1.4,kept or steepened,0.396
R3_interval,0.0,0.4,1.4,steepened,0.10025
R0_current,0.0,0.4,1.425,undetermined,0.4325
R0_current,0.0,0.4,1.425,kept,0.3855
R0_current,0.0,0.4,1.425,steepened,0.18075
R0_current,0.0,0.4,1.425,missing,0.00125
R1_half_bound,0.0,0.4,1.425,undetermined,0.818
R1_half_bound,0.0,0.4,1.425,steepened,0.18075
R1_half_bound,0.0,0.4,1.425,flattened,0.001
R1_half_bound,0.0,0.4,1.425,reversed,0.00025
R2_reorder,0.0,0.4,1.425,undetermined,0.4325
R2_reorder,0.0,0.4,1.425,kept,0.3855
R2_reorder,0.0,0.4,1.425,steepened,0.18075
R2_reorder,0.0,0.4,1.425,flattened,0.001
R2_reorder,0.0,0.4,1.425,missing,0.00025
R3_interval,0.0,0.4,1.425,undetermined,0.48975
R3_interval,0.0,0.4,1.425,kept or steepened,0.40525
R3_interval,0.0,0.4,1.425,steepened,0.105
R0_current,0.0,0.4,1.45,undetermined,0.433
R0_current,0.0,0.4,1.45,kept,0.36925
R0_current,0.0,0.4,1.45,steepened,0.196
R0_current,0.0,0.4,1.45,missing,0.00175
R1_half_bound,0.0,0.4,1.45,undetermined,0.80225
R1_half_bound,0.0,0.4,1.45,steepened,0.196
R1_half_bound,0.0,0.4,1.45,flattened,0.00175
R2_reorder,0.0,0.4,1.45,undetermined,0.433
R2_reorder,0.0,0.4,1.45,kept,0.36925
R2_reorder,0.0,0.4,1.45,steepened,0.196
R2_reorder,0.0,0.4,1.45,flattened,0.00175
R3_interval,0.0,0.4,1.45,undetermined,0.4605
R3_interval,0.0,0.4,1.45,kept or steepened,0.412
R3_interval,0.0,0.4,1.45,steepened,0.1275
R0_current,0.0,0.4,1.475,undetermined,0.4405
R0_current,0.0,0.4,1.475,kept,0.3395
R0_current,0.0,0.4,1.475,steepened,0.2195
R0_current,0.0,0.4,1.475,missing,0.0005
R1_half_bound,0.0,0.4,1.475,undetermined,0.78
R1_half_bound,0.0,0.4,1.475,steepened,0.2195
R1_half_bound,0.0,0.4,1.475,flattened,0.0005
R2_reorder,0.0,0.4,1.475,undetermined,0.4405
R2_reorder,0.0,0.4,1.475,kept,0.3395
R2_reorder,0.0,0.4,1.475,steepened,0.2195
R2_reorder,0.0,0.4,1.475,flattened,0.0005
R3_interval,0.0,0.4,1.475,undetermined,0.4385
R3_interval,0.0,0.4,1.475,kept or steepened,0.4245
R3_interval,0.0,0.4,1.475,steepened,0.137
R0_current,0.0,0.4,1.5,undetermined,0.43075
R0_current,0.0,0.4,1.5,kept,0.32925
R0_current,0.0,0.4,1.5,steepened,0.2385
R0_current,0.0,0.4,1.5,missing,0.0015
R1_half_bound,0.0,0.4,1.5,undetermined,0.76
R1_half_bound,0.0,0.4,1.5,steepened,0.2385
R1_half_bound,0.0,0.4,1.5,flattened,0.00125
R1_half_bound,0.0,0.4,1.5,reversed,0.00025
R2_reorder,0.0,0.4,1.5,undetermined,0.43075
R2_reorder,0.0,0.4,1.5,kept,0.32925
R2_reorder,0.0,0.4,1.5,steepened,0.2385
R2_reorder,0.0,0.4,1.5,flattened,0.00125
R2_reorder,0.0,0.4,1.5,missing,0.00025
R3_interval,0.0,0.4,1.5,kept or steepened,0.43775
R3_interval,0.0,0.4,1.5,undetermined,0.408
R3_interval,0.0,0.4,1.5,steepened,0.15425
R0_current,0.0,0.4,1.525,undetermined,0.42975
R0_current,0.0,0.4,1.525,kept,0.31725
R0_current,0.0,0.4,1.525,steepened,0.25275
R0_current,0.0,0.4,1.525,missing,0.00025
R1_half_bound,0.0,0.4,1.525,undetermined,0.747
R1_half_bound,0.0,0.4,1.525,steepened,0.25275
R1_half_bound,0.0,0.4,1.525,flattened,0.00025
R2_reorder,0.0,0.4,1.525,undetermined,0.42975
R2_reorder,0.0,0.4,1.525,kept,0.31725
R2_reorder,0.0,0.4,1.525,steepened,0.25275
R2_reorder,0.0,0.4,1.525,flattened,0.00025
R3_interval,0.0,0.4,1.525,kept or steepened,0.4295
R3_interval,0.0,0.4,1.525,undetermined,0.399
R3_interval,0.0,0.4,1.525,steepened,0.1715
R0_current,0.0,0.4,1.55,undetermined,0.45475
R0_current,0.0,0.4,1.55,kept,0.2735
R0_current,0.0,0.4,1.55,steepened,0.27075
R0_current,0.0,0.4,1.55,missing,0.001
R1_half_bound,0.0,0.4,1.55,undetermined,0.72825
R1_half_bound,0.0,0.4,1.55,steepened,0.27075
R1_half_bound,0.0,0.4,1.55,flattened,0.001
R2_reorder,0.0,0.4,1.55,undetermined,0.45475
R2_reorder,0.0,0.4,1.55,kept,0.2735
R2_reorder,0.0,0.4,1.55,steepened,0.27075
R2_reorder,0.0,0.4,1.55,flattened,0.001
R3_interval,0.0,0.4,1.55,kept or steepened,0.46225
R3_interval,0.0,0.4,1.55,undetermined,0.3575
R3_interval,0.0,0.4,1.55,steepened,0.18025
R0_current,0.0,0.4,1.575,undetermined,0.4455
R0_current,0.0,0.4,1.575,steepened,0.29675
R0_current,0.0,0.4,1.575,kept,0.2575
R0_current,0.0,0.4,1.575,missing,0.00025
R1_half_bound,0.0,0.4,1.575,undetermined,0.703
R1_half_bound,0.0,0.4,1.575,steepened,0.29675
R1_half_bound,0.0,0.4,1.575,flattened,0.00025
R2_reorder,0.0,0.4,1.575,undetermined,0.4455
R2_reorder,0.0,0.4,1.575,steepened,0.29675
R2_reorder,0.0,0.4,1.575,kept,0.2575
R2_reorder,0.0,0.4,1.575,flattened,0.00025
R3_interval,0.0,0.4,1.575,kept or steepened,0.46225
R3_interval,0.0,0.4,1.575,undetermined,0.338
R3_interval,0.0,0.4,1.575,steepened,0.19975
R0_current,0.0,0.4,1.6,undetermined,0.43325
R0_current,0.0,0.4,1.6,steepened,0.31675
R0_current,0.0,0.4,1.6,kept,0.25
R1_half_bound,0.0,0.4,1.6,undetermined,0.68325
R1_half_bound,0.0,0.4,1.6,steepened,0.31675
R2_reorder,0.0,0.4,1.6,undetermined,0.43325
R2_reorder,0.0,0.4,1.6,steepened,0.31675
R2_reorder,0.0,0.4,1.6,kept,0.25
R3_interval,0.0,0.4,1.6,kept or steepened,0.46125
R3_interval,0.0,0.4,1.6,undetermined,0.32025
R3_interval,0.0,0.4,1.6,steepened,0.2185
R0_current,0.0,0.4,1.625,undetermined,0.42725
R0_current,0.0,0.4,1.625,steepened,0.34125
R0_current,0.0,0.4,1.625,kept,0.2315
R1_half_bound,0.0,0.4,1.625,undetermined,0.65875
R1_half_bound,0.0,0.4,1.625,steepened,0.34125
R2_reorder,0.0,0.4,1.625,undetermined,0.42725
R2_reorder,0.0,0.4,1.625,steepened,0.34125
R2_reorder,0.0,0.4,1.625,kept,0.2315
R3_interval,0.0,0.4,1.625,kept or steepened,0.46525
R3_interval,0.0,0.4,1.625,undetermined,0.29625
R3_interval,0.0,0.4,1.625,steepened,0.2385
R0_current,0.0,0.4,1.65,undetermined,0.43325
R0_current,0.0,0.4,1.65,steepened,0.35625
R0_current,0.0,0.4,1.65,kept,0.2105
R1_half_bound,0.0,0.4,1.65,undetermined,0.64375
R1_half_bound,0.0,0.4,1.65,steepened,0.35625
R2_reorder,0.0,0.4,1.65,undetermined,0.43325
R2_reorder,0.0,0.4,1.65,steepened,0.35625
R2_reorder,0.0,0.4,1.65,kept,0.2105
R3_interval,0.0,0.4,1.65,kept or steepened,0.46875
R3_interval,0.0,0.4,1.65,undetermined,0.27575
R3_interval,0.0,0.4,1.65,steepened,0.2555
R0_current,0.0,0.4,1.675,undetermined,0.41225
R0_current,0.0,0.4,1.675,steepened,0.38975
R0_current,0.0,0.4,1.675,kept,0.198
R1_half_bound,0.0,0.4,1.675,undetermined,0.61025
R1_half_bound,0.0,0.4,1.675,steepened,0.38975
R2_reorder,0.0,0.4,1.675,undetermined,0.41225
R2_reorder,0.0,0.4,1.675,steepened,0.38975
R2_reorder,0.0,0.4,1.675,kept,0.198
R3_interval,0.0,0.4,1.675,kept or steepened,0.4545
R3_interval,0.0,0.4,1.675,steepened,0.2825
R3_interval,0.0,0.4,1.675,undetermined,0.263
R0_current,0.0,0.4,1.7,steepened,0.411
R0_current,0.0,0.4,1.7,undetermined,0.40875
R0_current,0.0,0.4,1.7,kept,0.18
R0_current,0.0,0.4,1.7,missing,0.00025
R1_half_bound,0.0,0.4,1.7,undetermined,0.58875
R1_half_bound,0.0,0.4,1.7,steepened,0.411
R1_half_bound,0.0,0.4,1.7,flattened,0.00025
R2_reorder,0.0,0.4,1.7,steepened,0.411
R2_reorder,0.0,0.4,1.7,undetermined,0.40875
R2_reorder,0.0,0.4,1.7,kept,0.18
R2_reorder,0.0,0.4,1.7,flattened,0.00025
R3_interval,0.0,0.4,1.7,kept or steepened,0.471
R3_interval,0.0,0.4,1.7,steepened,0.29375
R3_interval,0.0,0.4,1.7,undetermined,0.23525
R0_current,0.0,0.4,1.725,steepened,0.44375
R0_current,0.0,0.4,1.725,undetermined,0.39275
R0_current,0.0,0.4,1.725,kept,0.1635
R1_half_bound,0.0,0.4,1.725,undetermined,0.55625
R1_half_bound,0.0,0.4,1.725,steepened,0.44375
R2_reorder,0.0,0.4,1.725,steepened,0.44375
R2_reorder,0.0,0.4,1.725,undetermined,0.39275
R2_reorder,0.0,0.4,1.725,kept,0.1635
R3_interval,0.0,0.4,1.725,kept or steepened,0.46
R3_interval,0.0,0.4,1.725,steepened,0.32525
R3_interval,0.0,0.4,1.725,undetermined,0.21475
R0_current,0.0,0.4,1.75,steepened,0.46475
R0_current,0.0,0.4,1.75,undetermined,0.3855
R0_current,0.0,0.4,1.75,kept,0.14975
R1_half_bound,0.0,0.4,1.75,undetermined,0.53525
R1_half_bound,0.0,0.4,1.75,steepened,0.46475
R2_reorder,0.0,0.4,1.75,steepened,0.46475
R2_reorder,0.0,0.4,1.75,undetermined,0.3855
R2_reorder,0.0,0.4,1.75,kept,0.14975
R3_interval,0.0,0.4,1.75,kept or steepened,0.45125
R3_interval,0.0,0.4,1.75,steepened,0.35025
R3_interval,0.0,0.4,1.75,undetermined,0.1985
R0_current,0.0,0.4,1.775,steepened,0.4715
R0_current,0.0,0.4,1.775,undetermined,0.38575
R0_current,0.0,0.4,1.775,kept,0.14275
R1_half_bound,0.0,0.4,1.775,undetermined,0.5285
R1_half_bound,0.0,0.4,1.775,steepened,0.4715
R2_reorder,0.0,0.4,1.775,steepened,0.4715
R2_reorder,0.0,0.4,1.775,undetermined,0.38575
R2_reorder,0.0,0.4,1.775,kept,0.14275
R3_interval,0.0,0.4,1.775,kept or steepened,0.449
R3_interval,0.0,0.4,1.775,steepened,0.3565
R3_interval,0.0,0.4,1.775,undetermined,0.1945
R0_current,0.0,0.4,1.8,steepened,0.5105
R0_current,0.0,0.4,1.8,undetermined,0.372
R0_current,0.0,0.4,1.8,kept,0.1175
R1_half_bound,0.0,0.4,1.8,steepened,0.5105
R1_half_bound,0.0,0.4,1.8,undetermined,0.4895
R2_reorder,0.0,0.4,1.8,steepened,0.5105
R2_reorder,0.0,0.4,1.8,undetermined,0.372
R2_reorder,0.0,0.4,1.8,kept,0.1175
R3_interval,0.0,0.4,1.8,kept or steepened,0.4515
R3_interval,0.0,0.4,1.8,steepened,0.38825
R3_interval,0.0,0.4,1.8,undetermined,0.16025
R0_current,0.0,0.4,1.825,steepened,0.53075
R0_current,0.0,0.4,1.825,undetermined,0.36525
R0_current,0.0,0.4,1.825,kept,0.104
R1_half_bound,0.0,0.4,1.825,steepened,0.53075
R1_half_bound,0.0,0.4,1.825,undetermined,0.46925
R2_reorder,0.0,0.4,1.825,steepened,0.53075
R2_reorder,0.0,0.4,1.825,undetermined,0.36525
R2_reorder,0.0,0.4,1.825,kept,0.104
R3_interval,0.0,0.4,1.825,kept or steepened,0.4475
R3_interval,0.0,0.4,1.825,steepened,0.40475
R3_interval,0.0,0.4,1.825,undetermined,0.14775
R0_current,0.0,0.4,1.85,steepened,0.55725
R0_current,0.0,0.4,1.85,undetermined,0.33675
R0_current,0.0,0.4,1.85,kept,0.106
R1_half_bound,0.0,0.4,1.85,steepened,0.55725
R1_half_bound,0.0,0.4,1.85,undetermined,0.44275
R2_reorder,0.0,0.4,1.85,steepened,0.55725
R2_reorder,0.0,0.4,1.85,undetermined,0.33675
R2_reorder,0.0,0.4,1.85,kept,0.106
R3_interval,0.0,0.4,1.85,steepened,0.4395
R3_interval,0.0,0.4,1.85,kept or steepened,0.417
R3_interval,0.0,0.4,1.85,undetermined,0.1435
R0_current,0.0,0.4,1.875,steepened,0.61425
R0_current,0.0,0.4,1.875,undetermined,0.30075
R0_current,0.0,0.4,1.875,kept,0.08475
R0_current,0.0,0.4,1.875,missing,0.00025
R1_half_bound,0.0,0.4,1.875,steepened,0.61425
R1_half_bound,0.0,0.4,1.875,undetermined,0.3855
R1_half_bound,0.0,0.4,1.875,flattened,0.00025
R2_reorder,0.0,0.4,1.875,steepened,0.61425
R2_reorder,0.0,0.4,1.875,undetermined,0.30075
R2_reorder,0.0,0.4,1.875,kept,0.08475
R2_reorder,0.0,0.4,1.875,flattened,0.00025
R3_interval,0.0,0.4,1.875,steepened,0.4825
R3_interval,0.0,0.4,1.875,kept or steepened,0.39475
R3_interval,0.0,0.4,1.875,undetermined,0.12275
R0_current,0.0,0.4,1.9,steepened,0.6035
R0_current,0.0,0.4,1.9,undetermined,0.31925
R0_current,0.0,0.4,1.9,kept,0.07725
R1_half_bound,0.0,0.4,1.9,steepened,0.6035
R1_half_bound,0.0,0.4,1.9,undetermined,0.3965
R2_reorder,0.0,0.4,1.9,steepened,0.6035
R2_reorder,0.0,0.4,1.9,undetermined,0.31925
R2_reorder,0.0,0.4,1.9,kept,0.07725
R3_interval,0.0,0.4,1.9,steepened,0.4755
R3_interval,0.0,0.4,1.9,kept or steepened,0.41925
R3_interval,0.0,0.4,1.9,undetermined,0.10525
R0_current,0.0,0.4,1.925,steepened,0.63
R0_current,0.0,0.4,1.925,undetermined,0.296
R0_current,0.0,0.4,1.925,kept,0.074
R1_half_bound,0.0,0.4,1.925,steepened,0.63
R1_half_bound,0.0,0.4,1.925,undetermined,0.37
R2_reorder,0.0,0.4,1.925,steepened,0.63
R2_reorder,0.0,0.4,1.925,undetermined,0.296
R2_reorder,0.0,0.4,1.925,kept,0.074
R3_interval,0.0,0.4,1.925,steepened,0.51775
R3_interval,0.0,0.4,1.925,kept or steepened,0.3755
R3_interval,0.0,0.4,1.925,undetermined,0.10675
R0_current,0.0,0.4,1.95,steepened,0.656
R0_current,0.0,0.4,1.95,undetermined,0.27675
R0_current,0.0,0.4,1.95,kept,0.06725
R1_half_bound,0.0,0.4,1.95,steepened,0.656
R1_half_bound,0.0,0.4,1.95,undetermined,0.344
R2_reorder,0.0,0.4,1.95,steepened,0.656
R2_reorder,0.0,0.4,1.95,undetermined,0.27675
R2_reorder,0.0,0.4,1.95,kept,0.06725
R3_interval,0.0,0.4,1.95,steepened,0.527
R3_interval,0.0,0.4,1.95,kept or steepened,0.38125
R3_interval,0.0,0.4,1.95,undetermined,0.09175
R0_current,0.0,0.4,1.975,steepened,0.6845
R0_current,0.0,0.4,1.975,undetermined,0.26425
R0_current,0.0,0.4,1.975,kept,0.05125
R1_half_bound,0.0,0.4,1.975,steepened,0.6845
R1_half_bound,0.0,0.4,1.975,undetermined,0.3155
R2_reorder,0.0,0.4,1.975,steepened,0.6845
R2_reorder,0.0,0.4,1.975,undetermined,0.26425
R2_reorder,0.0,0.4,1.975,kept,0.05125
R3_interval,0.0,0.4,1.975,steepened,0.5565
R3_interval,0.0,0.4,1.975,kept or steepened,0.36675
R3_interval,0.0,0.4,1.975,undetermined,0.07675
R0_current,0.0,0.4,2.0,steepened,0.7005
R0_current,0.0,0.4,2.0,undetermined,0.2515
R0_current,0.0,0.4,2.0,kept,0.048
R1_half_bound,0.0,0.4,2.0,steepened,0.7005
R1_half_bound,0.0,0.4,2.0,undetermined,0.2995
R2_reorder,0.0,0.4,2.0,steepened,0.7005
R2_reorder,0.0,0.4,2.0,undetermined,0.2515
R2_reorder,0.0,0.4,2.0,kept,0.048
R3_interval,0.0,0.4,2.0,steepened,0.58825
R3_interval,0.0,0.4,2.0,kept or steepened,0.34075
R3_interval,0.0,0.4,2.0,undetermined,0.071
R0_current,0.15,0.05,-0.75,missing,0.85425
R0_current,0.15,0.05,-0.75,reversed,0.14575
R1_half_bound,0.15,0.05,-0.75,reversed,1.0
R2_reorder,0.15,0.05,-0.75,missing,0.85425
R2_reorder,0.15,0.05,-0.75,reversed,0.14575
R3_interval,0.15,0.05,-0.75,reversed,1.0
R0_current,0.15,0.05,-0.725,missing,0.89325
R0_current,0.15,0.05,-0.725,reversed,0.10675
R1_half_bound,0.15,0.05,-0.725,reversed,1.0
R2_reorder,0.15,0.05,-0.725,missing,0.89325
R2_reorder,0.15,0.05,-0.725,reversed,0.10675
R3_interval,0.15,0.05,-0.725,reversed,1.0
R0_current,0.15,0.05,-0.7,missing,0.911
R0_current,0.15,0.05,-0.7,reversed,0.089
R1_half_bound,0.15,0.05,-0.7,reversed,0.9995
R1_half_bound,0.15,0.05,-0.7,missing,0.0005
R2_reorder,0.15,0.05,-0.7,missing,0.911
R2_reorder,0.15,0.05,-0.7,reversed,0.089
R3_interval,0.15,0.05,-0.7,reversed,1.0
R0_current,0.15,0.05,-0.675,missing,0.94275
R0_current,0.15,0.05,-0.675,reversed,0.05725
R1_half_bound,0.15,0.05,-0.675,reversed,0.9975
R1_half_bound,0.15,0.05,-0.675,missing,0.0025
R2_reorder,0.15,0.05,-0.675,missing,0.94275
R2_reorder,0.15,0.05,-0.675,reversed,0.05725
R3_interval,0.15,0.05,-0.675,reversed,1.0
R0_current,0.15,0.05,-0.65,missing,0.95425
R0_current,0.15,0.05,-0.65,reversed,0.04575
R1_half_bound,0.15,0.05,-0.65,reversed,0.99675
R1_half_bound,0.15,0.05,-0.65,missing,0.00325
R2_reorder,0.15,0.05,-0.65,missing,0.95425
R2_reorder,0.15,0.05,-0.65,reversed,0.04575
R3_interval,0.15,0.05,-0.65,reversed,1.0
R0_current,0.15,0.05,-0.625,missing,0.9745
R0_current,0.15,0.05,-0.625,reversed,0.0255
R1_half_bound,0.15,0.05,-0.625,reversed,0.9915
R1_half_bound,0.15,0.05,-0.625,missing,0.0085
R2_reorder,0.15,0.05,-0.625,missing,0.9745
R2_reorder,0.15,0.05,-0.625,reversed,0.0255
R3_interval,0.15,0.05,-0.625,reversed,1.0
R0_current,0.15,0.05,-0.6,missing,0.98175
R0_current,0.15,0.05,-0.6,reversed,0.01825
R1_half_bound,0.15,0.05,-0.6,reversed,0.9785
R1_half_bound,0.15,0.05,-0.6,missing,0.0215
R2_reorder,0.15,0.05,-0.6,missing,0.98175
R2_reorder,0.15,0.05,-0.6,reversed,0.01825
R3_interval,0.15,0.05,-0.6,reversed,1.0
R0_current,0.15,0.05,-0.575,missing,0.985
R0_current,0.15,0.05,-0.575,reversed,0.015
R1_half_bound,0.15,0.05,-0.575,reversed,0.964
R1_half_bound,0.15,0.05,-0.575,missing,0.036
R2_reorder,0.15,0.05,-0.575,missing,0.985
R2_reorder,0.15,0.05,-0.575,reversed,0.015
R3_interval,0.15,0.05,-0.575,reversed,0.99975
R3_interval,0.15,0.05,-0.575,reversed or missing,0.00025
R0_current,0.15,0.05,-0.55,missing,0.99075
R0_current,0.15,0.05,-0.55,reversed,0.00925
R1_half_bound,0.15,0.05,-0.55,reversed,0.926
R1_half_bound,0.15,0.05,-0.55,missing,0.074
R2_reorder,0.15,0.05,-0.55,missing,0.99075
R2_reorder,0.15,0.05,-0.55,reversed,0.00925
R3_interval,0.15,0.05,-0.55,reversed,0.9995
R3_interval,0.15,0.05,-0.55,reversed or missing,0.0005
R0_current,0.15,0.05,-0.525,missing,0.99225
R0_current,0.15,0.05,-0.525,reversed,0.00775
R1_half_bound,0.15,0.05,-0.525,reversed,0.885
R1_half_bound,0.15,0.05,-0.525,missing,0.115
R2_reorder,0.15,0.05,-0.525,missing,0.99225
R2_reorder,0.15,0.05,-0.525,reversed,0.00775
R3_interval,0.15,0.05,-0.525,reversed,0.99775
R3_interval,0.15,0.05,-0.525,reversed or missing,0.00225
R0_current,0.15,0.05,-0.5,missing,0.996
R0_current,0.15,0.05,-0.5,reversed,0.004
R1_half_bound,0.15,0.05,-0.5,reversed,0.81525
R1_half_bound,0.15,0.05,-0.5,missing,0.18475
R2_reorder,0.15,0.05,-0.5,missing,0.996
R2_reorder,0.15,0.05,-0.5,reversed,0.004
R3_interval,0.15,0.05,-0.5,reversed,0.98975
R3_interval,0.15,0.05,-0.5,reversed or missing,0.01025
R0_current,0.15,0.05,-0.475,missing,0.99775
R0_current,0.15,0.05,-0.475,reversed,0.00225
R1_half_bound,0.15,0.05,-0.475,reversed,0.74075
R1_half_bound,0.15,0.05,-0.475,missing,0.25925
R2_reorder,0.15,0.05,-0.475,missing,0.99775
R2_reorder,0.15,0.05,-0.475,reversed,0.00225
R3_interval,0.15,0.05,-0.475,reversed,0.978
R3_interval,0.15,0.05,-0.475,reversed or missing,0.022
R0_current,0.15,0.05,-0.45,missing,0.999
R0_current,0.15,0.05,-0.45,reversed,0.001
R1_half_bound,0.15,0.05,-0.45,reversed,0.6515
R1_half_bound,0.15,0.05,-0.45,missing,0.3485
R2_reorder,0.15,0.05,-0.45,missing,0.999
R2_reorder,0.15,0.05,-0.45,reversed,0.001
R3_interval,0.15,0.05,-0.45,reversed,0.93925
R3_interval,0.15,0.05,-0.45,reversed or missing,0.06075
R0_current,0.15,0.05,-0.425,missing,0.9985
R0_current,0.15,0.05,-0.425,reversed,0.0015
R1_half_bound,0.15,0.05,-0.425,reversed,0.522
R1_half_bound,0.15,0.05,-0.425,missing,0.478
R2_reorder,0.15,0.05,-0.425,missing,0.9985
R2_reorder,0.15,0.05,-0.425,reversed,0.0015
R3_interval,0.15,0.05,-0.425,reversed,0.877
R3_interval,0.15,0.05,-0.425,reversed or missing,0.123
R0_current,0.15,0.05,-0.4,missing,0.9995
R0_current,0.15,0.05,-0.4,reversed,0.0005
R1_half_bound,0.15,0.05,-0.4,missing,0.58275
R1_half_bound,0.15,0.05,-0.4,reversed,0.41725
R2_reorder,0.15,0.05,-0.4,missing,0.9995
R2_reorder,0.15,0.05,-0.4,reversed,0.0005
R3_interval,0.15,0.05,-0.4,reversed,0.767
R3_interval,0.15,0.05,-0.4,reversed or missing,0.233
R0_current,0.15,0.05,-0.375,missing,0.99975
R0_current,0.15,0.05,-0.375,reversed,0.00025
R1_half_bound,0.15,0.05,-0.375,missing,0.68175
R1_half_bound,0.15,0.05,-0.375,reversed,0.31825
R2_reorder,0.15,0.05,-0.375,missing,0.99975
R2_reorder,0.15,0.05,-0.375,reversed,0.00025
R3_interval,0.15,0.05,-0.375,reversed,0.63025
R3_interval,0.15,0.05,-0.375,reversed or missing,0.36975
R0_current,0.15,0.05,-0.35,missing,1.0
R1_half_bound,0.15,0.05,-0.35,missing,0.769
R1_half_bound,0.15,0.05,-0.35,reversed,0.231
R2_reorder,0.15,0.05,-0.35,missing,1.0
R3_interval,0.15,0.05,-0.35,reversed or missing,0.5125
R3_interval,0.15,0.05,-0.35,reversed,0.487
R3_interval,0.15,0.05,-0.35,missing,0.0005
R0_current,0.15,0.05,-0.325,missing,0.99925
R0_current,0.15,0.05,-0.325,reversed,0.00075
R1_half_bound,0.15,0.05,-0.325,missing,0.84875
R1_half_bound,0.15,0.05,-0.325,reversed,0.15125
R2_reorder,0.15,0.05,-0.325,missing,0.99925
R2_reorder,0.15,0.05,-0.325,reversed,0.00075
R3_interval,0.15,0.05,-0.325,reversed or missing,0.67625
R3_interval,0.15,0.05,-0.325,reversed,0.32175
R3_interval,0.15,0.05,-0.325,missing,0.002
R0_current,0.15,0.05,-0.3,missing,1.0
R1_half_bound,0.15,0.05,-0.3,missing,0.8955
R1_half_bound,0.15,0.05,-0.3,reversed,0.1045
R2_reorder,0.15,0.05,-0.3,missing,1.0
R3_interval,0.15,0.05,-0.3,reversed or missing,0.7875
R3_interval,0.15,0.05,-0.3,reversed,0.20275
R3_interval,0.15,0.05,-0.3,missing,0.00975
R0_current,0.15,0.05,-0.275,missing,1.0
R1_half_bound,0.15,0.05,-0.275,missing,0.93875
R1_half_bound,0.15,0.05,-0.275,reversed,0.06125
R2_reorder,0.15,0.05,-0.275,missing,1.0
R3_interval,0.15,0.05,-0.275,reversed or missing,0.876
R3_interval,0.15,0.05,-0.275,reversed,0.104
R3_interval,0.15,0.05,-0.275,missing,0.02
R0_current,0.15,0.05,-0.25,missing,1.0
R1_half_bound,0.15,0.05,-0.25,missing,0.973
R1_half_bound,0.15,0.05,-0.25,reversed,0.027
R2_reorder,0.15,0.05,-0.25,missing,1.0
R3_interval,0.15,0.05,-0.25,reversed or missing,0.9085
R3_interval,0.15,0.05,-0.25,reversed,0.047
R3_interval,0.15,0.05,-0.25,missing,0.0445
R0_current,0.15,0.05,-0.225,missing,1.0
R1_half_bound,0.15,0.05,-0.225,missing,0.9825
R1_half_bound,0.15,0.05,-0.225,reversed,0.0175
R2_reorder,0.15,0.05,-0.225,missing,1.0
R3_interval,0.15,0.05,-0.225,reversed or missing,0.87675
R3_interval,0.15,0.05,-0.225,missing,0.1025
R3_interval,0.15,0.05,-0.225,reversed,0.02075
R0_current,0.15,0.05,-0.2,missing,1.0
R1_half_bound,0.15,0.05,-0.2,missing,0.9915
R1_half_bound,0.15,0.05,-0.2,reversed,0.0085
R2_reorder,0.15,0.05,-0.2,missing,1.0
R3_interval,0.15,0.05,-0.2,reversed or missing,0.79375
R3_interval,0.15,0.05,-0.2,missing,0.198
R3_interval,0.15,0.05,-0.2,reversed,0.00825
R0_current,0.15,0.05,-0.175,missing,1.0
R1_half_bound,0.15,0.05,-0.175,missing,0.99475
R1_half_bound,0.15,0.05,-0.175,reversed,0.00525
R2_reorder,0.15,0.05,-0.175,missing,0.99975
R2_reorder,0.15,0.05,-0.175,flattened,0.00025
R3_interval,0.15,0.05,-0.175,reversed or missing,0.67625
R3_interval,0.15,0.05,-0.175,missing,0.31975
R3_interval,0.15,0.05,-0.175,reversed,0.004
R0_current,0.15,0.05,-0.15,missing,1.0
R1_half_bound,0.15,0.05,-0.15,missing,0.9965
R1_half_bound,0.15,0.05,-0.15,reversed,0.0035
R2_reorder,0.15,0.05,-0.15,missing,0.998
R2_reorder,0.15,0.05,-0.15,flattened,0.002
R3_interval,0.15,0.05,-0.15,reversed or missing,0.523
R3_interval,0.15,0.05,-0.15,missing,0.47625
R3_interval,0.15,0.05,-0.15,reversed,0.00075
R0_current,0.15,0.05,-0.125,missing,1.0
R1_half_bound,0.15,0.05,-0.125,missing,0.9995
R1_half_bound,0.15,0.05,-0.125,reversed,0.0005
R2_reorder,0.15,0.05,-0.125,missing,0.9935
R2_reorder,0.15,0.05,-0.125,flattened,0.0065
R3_interval,0.15,0.05,-0.125,missing,0.64675
R3_interval,0.15,0.05,-0.125,reversed or missing,0.353
R3_interval,0.15,0.05,-0.125,reversed,0.00025
R0_current,0.15,0.05,-0.1,missing,1.0
R1_half_bound,0.15,0.05,-0.1,missing,0.99925
R1_half_bound,0.15,0.05,-0.1,reversed,0.00075
R2_reorder,0.15,0.05,-0.1,missing,0.97825
R2_reorder,0.15,0.05,-0.1,flattened,0.02175
R3_interval,0.15,0.05,-0.1,missing,0.77675
R3_interval,0.15,0.05,-0.1,reversed or missing,0.22325
R0_current,0.15,0.05,-0.075,missing,1.0
R1_half_bound,0.15,0.05,-0.075,missing,1.0
R2_reorder,0.15,0.05,-0.075,missing,0.92725
R2_reorder,0.15,0.05,-0.075,flattened,0.07275
R3_interval,0.15,0.05,-0.075,missing,0.87975
R3_interval,0.15,0.05,-0.075,reversed or missing,0.12025
R0_current,0.15,0.05,-0.05,missing,1.0
R1_half_bound,0.15,0.05,-0.05,missing,1.0
R2_reorder,0.15,0.05,-0.05,missing,0.8515
R2_reorder,0.15,0.05,-0.05,flattened,0.1485
R3_interval,0.15,0.05,-0.05,missing,0.93425
R3_interval,0.15,0.05,-0.05,reversed or missing,0.065
R3_interval,0.15,0.05,-0.05,missing or flattened,0.00075
R0_current,0.15,0.05,-0.025,missing,1.0
R1_half_bound,0.15,0.05,-0.025,missing,1.0
R2_reorder,0.15,0.05,-0.025,missing,0.69025
R2_reorder,0.15,0.05,-0.025,flattened,0.30975
R3_interval,0.15,0.05,-0.025,missing,0.973
R3_interval,0.15,0.05,-0.025,reversed or missing,0.0245
R3_interval,0.15,0.05,-0.025,missing or flattened,0.0025
R0_current,0.15,0.05,0.0,missing,1.0
R1_half_bound,0.15,0.05,0.0,missing,1.0
R2_reorder,0.15,0.05,0.0,missing,0.5065
R2_reorder,0.15,0.05,0.0,flattened,0.4935
R3_interval,0.15,0.05,0.0,missing,0.98475
R3_interval,0.15,0.05,0.0,reversed or missing,0.00875
R3_interval,0.15,0.05,0.0,missing or flattened,0.00625
R3_interval,0.15,0.05,0.0,undetermined,0.00025
R0_current,0.15,0.05,0.025,missing,1.0
R1_half_bound,0.15,0.05,0.025,missing,1.0
R2_reorder,0.15,0.05,0.025,flattened,0.69825
R2_reorder,0.15,0.05,0.025,missing,0.30175
R3_interval,0.15,0.05,0.025,missing,0.96725
R3_interval,0.15,0.05,0.025,missing or flattened,0.031
R3_interval,0.15,0.05,0.025,reversed or missing,0.0015
R3_interval,0.15,0.05,0.025,undetermined,0.00025
R0_current,0.15,0.05,0.05,missing,1.0
R1_half_bound,0.15,0.05,0.05,missing,1.0
R2_reorder,0.15,0.05,0.05,flattened,0.841
R2_reorder,0.15,0.05,0.05,missing,0.159
R3_interval,0.15,0.05,0.05,missing,0.93675
R3_interval,0.15,0.05,0.05,missing or flattened,0.06225
R3_interval,0.15,0.05,0.05,reversed or missing,0.001
R0_current,0.15,0.05,0.075,missing,1.0
R1_half_bound,0.15,0.05,0.075,missing,1.0
R2_reorder,0.15,0.05,0.075,flattened,0.93075
R2_reorder,0.15,0.05,0.075,missing,0.06925
R3_interval,0.15,0.05,0.075,missing,0.8785
R3_interval,0.15,0.05,0.075,missing or flattened,0.12125
R3_interval,0.15,0.05,0.075,reversed or missing,0.00025
R0_current,0.15,0.05,0.1,missing,1.0
R1_half_bound,0.15,0.05,0.1,missing,0.99975
R1_half_bound,0.15,0.05,0.1,flattened,0.00025
R2_reorder,0.15,0.05,0.1,flattened,0.97625
R2_reorder,0.15,0.05,0.1,missing,0.02375
R3_interval,0.15,0.05,0.1,missing,0.77675
R3_interval,0.15,0.05,0.1,missing or flattened,0.22325
R0_current,0.15,0.05,0.125,missing,0.99925
R0_current,0.15,0.05,0.125,undetermined,0.00075
R1_half_bound,0.15,0.05,0.125,missing,0.99875
R1_half_bound,0.15,0.05,0.125,undetermined,0.00075
R1_half_bound,0.15,0.05,0.125,flattened,0.0005
R2_reorder,0.15,0.05,0.125,flattened,0.993
R2_reorder,0.15,0.05,0.125,missing,0.00625
R2_reorder,0.15,0.05,0.125,undetermined,0.00075
R3_interval,0.15,0.05,0.125,missing,0.64475
R3_interval,0.15,0.05,0.125,missing or flattened,0.354
R3_interval,0.15,0.05,0.125,undetermined,0.001
R3_interval,0.15,0.05,0.125,flattened or kept,0.00025
R0_current,0.15,0.05,0.15,missing,0.9995
R0_current,0.15,0.05,0.15,kept,0.00025
R0_current,0.15,0.05,0.15,undetermined,0.00025
R1_half_bound,0.15,0.05,0.15,missing,0.999
R1_half_bound,0.15,0.05,0.15,flattened,0.0005
R1_half_bound,0.15,0.05,0.15,undetermined,0.0005
R2_reorder,0.15,0.05,0.15,flattened,0.9985
R2_reorder,0.15,0.05,0.15,missing,0.001
R2_reorder,0.15,0.05,0.15,kept,0.00025
R2_reorder,0.15,0.05,0.15,undetermined,0.00025
R3_interval,0.15,0.05,0.15,missing or flattened,0.5275
R3_interval,0.15,0.05,0.15,missing,0.4715
R3_interval,0.15,0.05,0.15,undetermined,0.0005
R3_interval,0.15,0.05,0.15,flattened or kept,0.00025
R3_interval,0.15,0.05,0.15,flattened,0.00025
R0_current,0.15,0.05,0.175,missing,0.999
R0_current,0.15,0.05,0.175,undetermined,0.00075
R0_current,0.15,0.05,0.175,kept,0.00025
R1_half_bound,0.15,0.05,0.175,missing,0.996
R1_half_bound,0.15,0.05,0.175,flattened,0.003
R1_half_bound,0.15,0.05,0.175,undetermined,0.001
R2_reorder,0.15,0.05,0.175,flattened,0.999
R2_reorder,0.15,0.05,0.175,undetermined,0.00075
R2_reorder,0.15,0.05,0.175,kept,0.00025
R3_interval,0.15,0.05,0.175,missing or flattened,0.6685
R3_interval,0.15,0.05,0.175,missing,0.3285
R3_interval,0.15,0.05,0.175,flattened,0.00125
R3_interval,0.15,0.05,0.175,undetermined,0.001
R3_interval,0.15,0.05,0.175,flattened or kept,0.00075
R0_current,0.15,0.05,0.2,missing,0.9995
R0_current,0.15,0.05,0.2,undetermined,0.00025
R0_current,0.15,0.05,0.2,kept,0.00025
R1_half_bound,0.15,0.05,0.2,missing,0.9935
R1_half_bound,0.15,0.05,0.2,flattened,0.006
R1_half_bound,0.15,0.05,0.2,undetermined,0.0005
R2_reorder,0.15,0.05,0.2,flattened,0.9995
R2_reorder,0.15,0.05,0.2,undetermined,0.00025
R2_reorder,0.15,0.05,0.2,kept,0.00025
R3_interval,0.15,0.05,0.2,missing or flattened,0.7925
R3_interval,0.15,0.05,0.2,missing,0.2005
R3_interval,0.15,0.05,0.2,flattened,0.00575
R3_interval,0.15,0.05,0.2,flattened or kept,0.001
R3_interval,0.15,0.05,0.2,undetermined,0.00025
R0_current,0.15,0.05,0.225,missing,0.99725
R0_current,0.15,0.05,0.225,kept,0.00175
R0_current,0.15,0.05,0.225,undetermined,0.001
R1_half_bound,0.15,0.05,0.225,missing,0.98525
R1_half_bound,0.15,0.05,0.225,flattened,0.012
R1_half_bound,0.15,0.05,0.225,undetermined,0.00275
R2_reorder,0.15,0.05,0.225,flattened,0.99725
R2_reorder,0.15,0.05,0.225,kept,0.00175
R2_reorder,0.15,0.05,0.225,undetermined,0.001
R3_interval,0.15,0.05,0.225,missing or flattened,0.8815
R3_interval,0.15,0.05,0.225,missing,0.1005
R3_interval,0.15,0.05,0.225,flattened,0.01175
R3_interval,0.15,0.05,0.225,flattened or kept,0.00525
R3_interval,0.15,0.05,0.225,undetermined,0.001
R0_current,0.15,0.05,0.25,missing,0.9975
R0_current,0.15,0.05,0.25,kept,0.002
R0_current,0.15,0.05,0.25,undetermined,0.0005
R1_half_bound,0.15,0.05,0.25,missing,0.9695
R1_half_bound,0.15,0.05,0.25,flattened,0.028
R1_half_bound,0.15,0.05,0.25,undetermined,0.0025
R2_reorder,0.15,0.05,0.25,flattened,0.9975
R2_reorder,0.15,0.05,0.25,kept,0.002
R2_reorder,0.15,0.05,0.25,undetermined,0.0005
R3_interval,0.15,0.05,0.25,missing or flattened,0.906
R3_interval,0.15,0.05,0.25,missing,0.0435
R3_interval,0.15,0.05,0.25,flattened,0.041
R3_interval,0.15,0.05,0.25,flattened or kept,0.0085
R3_interval,0.15,0.05,0.25,undetermined,0.001
R0_current,0.15,0.05,0.275,missing,0.99375
R0_current,0.15,0.05,0.275,kept,0.006
R0_current,0.15,0.05,0.275,undetermined,0.00025
R1_half_bound,0.15,0.05,0.275,missing,0.94425
R1_half_bound,0.15,0.05,0.275,flattened,0.0495
R1_half_bound,0.15,0.05,0.275,undetermined,0.00625
R2_reorder,0.15,0.05,0.275,flattened,0.99375
R2_reorder,0.15,0.05,0.275,kept,0.006
R2_reorder,0.15,0.05,0.275,undetermined,0.00025
R3_interval,0.15,0.05,0.275,missing or flattened,0.87075
R3_interval,0.15,0.05,0.275,flattened,0.0925
R3_interval,0.15,0.05,0.275,missing,0.0225
R3_interval,0.15,0.05,0.275,flattened or kept,0.013
R3_interval,0.15,0.05,0.275,undetermined,0.00125
R0_current,0.15,0.05,0.3,missing,0.99375
R0_current,0.15,0.05,0.3,kept,0.006
R0_current,0.15,0.05,0.3,undetermined,0.00025
R1_half_bound,0.15,0.05,0.3,missing,0.90275
R1_half_bound,0.15,0.05,0.3,flattened,0.091
R1_half_bound,0.15,0.05,0.3,undetermined,0.00625
R2_reorder,0.15,0.05,0.3,flattened,0.99375
R2_reorder,0.15,0.05,0.3,kept,0.006
R2_reorder,0.15,0.05,0.3,undetermined,0.00025
R3_interval,0.15,0.05,0.3,missing or flattened,0.79275
R3_interval,0.15,0.05,0.3,flattened,0.17975
R3_interval,0.15,0.05,0.3,flattened or kept,0.01975
R3_interval,0.15,0.05,0.3,missing,0.0065
R3_interval,0.15,0.05,0.3,undetermined,0.00125
R0_current,0.15,0.05,0.325,missing,0.99125
R0_current,0.15,0.05,0.325,kept,0.00875
R1_half_bound,0.15,0.05,0.325,missing,0.85125
R1_half_bound,0.15,0.05,0.325,flattened,0.14
R1_half_bound,0.15,0.05,0.325,undetermined,0.00875
R2_reorder,0.15,0.05,0.325,flattened,0.99125
R2_reorder,0.15,0.05,0.325,kept,0.00875
R3_interval,0.15,0.05,0.325,missing or flattened,0.67975
R3_interval,0.15,0.05,0.325,flattened,0.2845
R3_interval,0.15,0.05,0.325,flattened or kept,0.0335
R3_interval,0.15,0.05,0.325,missing,0.0015
R3_interval,0.15,0.05,0.325,undetermined,0.00075
R0_current,0.15,0.05,0.35,missing,0.985
R0_current,0.15,0.05,0.35,kept,0.015
R1_half_bound,0.15,0.05,0.35,missing,0.76875
R1_half_bound,0.15,0.05,0.35,flattened,0.21625
R1_half_bound,0.15,0.05,0.35,undetermined,0.015
R2_reorder,0.15,0.05,0.35,flattened,0.985
R2_reorder,0.15,0.05,0.35,kept,0.015
R3_interval,0.15,0.05,0.35,missing or flattened,0.51475
R3_interval,0.15,0.05,0.35,flattened,0.42425
R3_interval,0.15,0.05,0.35,flattened or kept,0.06
R3_interval,0.15,0.05,0.35,missing,0.001
R0_current,0.15,0.05,0.375,missing,0.97875
R0_current,0.15,0.05,0.375,kept,0.02125
R1_half_bound,0.15,0.05,0.375,missing,0.6855
R1_half_bound,0.15,0.05,0.375,flattened,0.29325
R1_half_bound,0.15,0.05,0.375,undetermined,0.02125
R2_reorder,0.15,0.05,0.375,flattened,0.97875
R2_reorder,0.15,0.05,0.375,kept,0.02125
R3_interval,0.15,0.05,0.375,flattened,0.55525
R3_interval,0.15,0.05,0.375,missing or flattened,0.3645
R3_interval,0.15,0.05,0.375,flattened or kept,0.0775
R3_interval,0.15,0.05,0.375,undetermined,0.0025
R3_interval,0.15,0.05,0.375,missing,0.00025
R0_current,0.15,0.05,0.4,missing,0.96275
R0_current,0.15,0.05,0.4,kept,0.03725
R1_half_bound,0.15,0.05,0.4,missing,0.58475
R1_half_bound,0.15,0.05,0.4,flattened,0.378
R1_half_bound,0.15,0.05,0.4,undetermined,0.03725
R2_reorder,0.15,0.05,0.4,flattened,0.96275
R2_reorder,0.15,0.05,0.4,kept,0.03725
R3_interval,0.15,0.05,0.4,flattened,0.645
R3_interval,0.15,0.05,0.4,missing or flattened,0.2325
R3_interval,0.15,0.05,0.4,flattened or kept,0.119
R3_interval,0.15,0.05,0.4,undetermined,0.0035
R0_current,0.15,0.05,0.425,missing,0.9555
R0_current,0.15,0.05,0.425,kept,0.0445
R1_half_bound,0.15,0.05,0.425,missing,0.48025
R1_half_bound,0.15,0.05,0.425,flattened,0.47525
R1_half_bound,0.15,0.05,0.425,undetermined,0.0445
R2_reorder,0.15,0.05,0.425,flattened,0.9555
R2_reorder,0.15,0.05,0.425,kept,0.0445
R3_interval,0.15,0.05,0.425,flattened,0.719
R3_interval,0.15,0.05,0.425,flattened or kept,0.14925
R3_interval,0.15,0.05,0.425,missing or flattened,0.1285
R3_interval,0.15,0.05,0.425,undetermined,0.00325
R0_current,0.15,0.05,0.45,missing,0.939
R0_current,0.15,0.05,0.45,kept,0.061
R1_half_bound,0.15,0.05,0.45,flattened,0.57825
R1_half_bound,0.15,0.05,0.45,missing,0.36075
R1_half_bound,0.15,0.05,0.45,undetermined,0.061
R2_reorder,0.15,0.05,0.45,flattened,0.939
R2_reorder,0.15,0.05,0.45,kept,0.061
R3_interval,0.15,0.05,0.45,flattened,0.71675
R3_interval,0.15,0.05,0.45,flattened or kept,0.21275
R3_interval,0.15,0.05,0.45,missing or flattened,0.0625
R3_interval,0.15,0.05,0.45,undetermined,0.008
R0_current,0.15,0.05,0.475,missing,0.9105
R0_current,0.15,0.05,0.475,kept,0.08925
R0_current,0.15,0.05,0.475,undetermined,0.00025
R1_half_bound,0.15,0.05,0.475,flattened,0.63775
R1_half_bound,0.15,0.05,0.475,missing,0.27275
R1_half_bound,0.15,0.05,0.475,undetermined,0.089
R1_half_bound,0.15,0.05,0.475,kept,0.0005
R2_reorder,0.15,0.05,0.475,flattened,0.9105
R2_reorder,0.15,0.05,0.475,kept,0.08925
R2_reorder,0.15,0.05,0.475,undetermined,0.00025
R3_interval,0.15,0.05,0.475,flattened,0.693
R3_interval,0.15,0.05,0.475,flattened or kept,0.27075
R3_interval,0.15,0.05,0.475,missing or flattened,0.0255
R3_interval,0.15,0.05,0.475,undetermined,0.01075
R0_current,0.15,0.05,0.5,missing,0.88175
R0_current,0.15,0.05,0.5,kept,0.11825
R1_half_bound,0.15,0.05,0.5,flattened,0.7125
R1_half_bound,0.15,0.05,0.5,missing,0.16925
R1_half_bound,0.15,0.05,0.5,undetermined,0.1165
R1_half_bound,0.15,0.05,0.5,kept,0.00175
R2_reorder,0.15,0.05,0.5,flattened,0.88175
R2_reorder,0.15,0.05,0.5,kept,0.11825
R3_interval,0.15,0.05,0.5,flattened,0.6325
R3_interval,0.15,0.05,0.5,flattened or kept,0.344
R3_interval,0.15,0.05,0.5,undetermined,0.015
R3_interval,0.15,0.05,0.5,missing or flattened,0.0085
R0_current,0.15,0.05,0.525,missing,0.853
R0_current,0.15,0.05,0.525,kept,0.147
R1_half_bound,0.15,0.05,0.525,flattened,0.73675
R1_half_bound,0.15,0.05,0.525,undetermined,0.14475
R1_half_bound,0.15,0.05,0.525,missing,0.11625
R1_half_bound,0.15,0.05,0.525,kept,0.00225
R2_reorder,0.15,0.05,0.525,flattened,0.853
R2_reorder,0.15,0.05,0.525,kept,0.147
R3_interval,0.15,0.05,0.525,flattened,0.57475
R3_interval,0.15,0.05,0.525,flattened or kept,0.4045
R3_interval,0.15,0.05,0.525,undetermined,0.01825
R3_interval,0.15,0.05,0.525,missing or flattened,0.00225
R3_interval,0.15,0.05,0.525,kept or steepened,0.00025
R0_current,0.15,0.05,0.55,missing,0.809
R0_current,0.15,0.05,0.55,kept,0.191
R1_half_bound,0.15,0.05,0.55,flattened,0.73975
R1_half_bound,0.15,0.05,0.55,undetermined,0.1835
R1_half_bound,0.15,0.05,0.55,missing,0.06925
R1_half_bound,0.15,0.05,0.55,kept,0.0075
R2_reorder,0.15,0.05,0.55,flattened,0.809
R2_reorder,0.15,0.05,0.55,kept,0.191
R3_interval,0.15,0.05,0.55,flattened or kept,0.494
R3_interval,0.15,0.05,0.55,flattened,0.479
R3_interval,0.15,0.05,0.55,undetermined,0.025
R3_interval,0.15,0.05,0.55,missing or flattened,0.0015
R3_interval,0.15,0.05,0.55,kept or steepened,0.0005
R0_current,0.15,0.05,0.575,missing,0.75475
R0_current,0.15,0.05,0.575,kept,0.245
R0_current,0.15,0.05,0.575,undetermined,0.00025
R1_half_bound,0.15,0.05,0.575,flattened,0.71975
R1_half_bound,0.15,0.05,0.575,undetermined,0.22275
R1_half_bound,0.15,0.05,0.575,missing,0.035
R1_half_bound,0.15,0.05,0.575,kept,0.0225
R2_reorder,0.15,0.05,0.575,flattened,0.75475
R2_reorder,0.15,0.05,0.575,kept,0.245
R2_reorder,0.15,0.05,0.575,undetermined,0.00025
R3_interval,0.15,0.05,0.575,flattened or kept,0.55575
R3_interval,0.15,0.05,0.575,flattened,0.405
R3_interval,0.15,0.05,0.575,undetermined,0.0385
R3_interval,0.15,0.05,0.575,kept or steepened,0.00075
R0_current,0.15,0.05,0.6,missing,0.70425
R0_current,0.15,0.05,0.6,kept,0.29575
R1_half_bound,0.15,0.05,0.6,flattened,0.6815
R1_half_bound,0.15,0.05,0.6,undetermined,0.263
R1_half_bound,0.15,0.05,0.6,kept,0.03275
R1_half_bound,0.15,0.05,0.6,missing,0.02275
R2_reorder,0.15,0.05,0.6,flattened,0.70425
R2_reorder,0.15,0.05,0.6,kept,0.29575
R3_interval,0.15,0.05,0.6,flattened or kept,0.619
R3_interval,0.15,0.05,0.6,flattened,0.33375
R3_interval,0.15,0.05,0.6,undetermined,0.0445
R3_interval,0.15,0.05,0.6,kept or steepened,0.00275
R0_current,0.15,0.05,0.625,missing,0.64225
R0_current,0.15,0.05,0.625,kept,0.35775
R1_half_bound,0.15,0.05,0.625,flattened,0.63225
R1_half_bound,0.15,0.05,0.625,undetermined,0.29525
R1_half_bound,0.15,0.05,0.625,kept,0.0625
R1_half_bound,0.15,0.05,0.625,missing,0.01
R2_reorder,0.15,0.05,0.625,flattened,0.64225
R2_reorder,0.15,0.05,0.625,kept,0.35775
R3_interval,0.15,0.05,0.625,flattened or kept,0.68775
R3_interval,0.15,0.05,0.625,flattened,0.25425
R3_interval,0.15,0.05,0.625,undetermined,0.05475
R3_interval,0.15,0.05,0.625,kept or steepened,0.00325
R0_current,0.15,0.05,0.65,missing,0.587
R0_current,0.15,0.05,0.65,kept,0.413
R1_half_bound,0.15,0.05,0.65,flattened,0.58275
R1_half_bound,0.15,0.05,0.65,undetermined,0.30825
R1_half_bound,0.15,0.05,0.65,kept,0.10475
R1_half_bound,0.15,0.05,0.65,missing,0.00425
R2_reorder,0.15,0.05,0.65,flattened,0.587
R2_reorder,0.15,0.05,0.65,kept,0.413
R3_interval,0.15,0.05,0.65,flattened or kept,0.71625
R3_interval,0.15,0.05,0.65,flattened,0.20375
R3_interval,0.15,0.05,0.65,undetermined,0.07425
R3_interval,0.15,0.05,0.65,kept or steepened,0.00575
R0_current,0.15,0.05,0.675,missing,0.51825
R0_current,0.15,0.05,0.675,kept,0.4815
R0_current,0.15,0.05,0.675,undetermined,0.00025
R1_half_bound,0.15,0.05,0.675,flattened,0.51625
R1_half_bound,0.15,0.05,0.675,undetermined,0.314
R1_half_bound,0.15,0.05,0.675,kept,0.16775
R1_half_bound,0.15,0.05,0.675,missing,0.002
R2_reorder,0.15,0.05,0.675,flattened,0.51825
R2_reorder,0.15,0.05,0.675,kept,0.4815
R2_reorder,0.15,0.05,0.675,undetermined,0.00025
R3_interval,0.15,0.05,0.675,flattened or kept,0.757
R3_interval,0.15,0.05,0.675,flattened,0.1485
R3_interval,0.15,0.05,0.675,undetermined,0.0825
R3_interval,0.15,0.05,0.675,kept or steepened,0.012
R0_current,0.15,0.05,0.7,kept,0.51025
R0_current,0.15,0.05,0.7,missing,0.4895
R0_current,0.15,0.05,0.7,undetermined,0.00025
R1_half_bound,0.15,0.05,0.7,flattened,0.48775
R1_half_bound,0.15,0.05,0.7,undetermined,0.28325
R1_half_bound,0.15,0.05,0.7,kept,0.22725
R1_half_bound,0.15,0.05,0.7,missing,0.00175
R2_reorder,0.15,0.05,0.7,kept,0.51025
R2_reorder,0.15,0.05,0.7,flattened,0.4895
R2_reorder,0.15,0.05,0.7,undetermined,0.00025
R3_interval,0.15,0.05,0.7,flattened or kept,0.78375
R3_interval,0.15,0.05,0.7,flattened,0.1055
R3_interval,0.15,0.05,0.7,undetermined,0.09275
R3_interval,0.15,0.05,0.7,kept or steepened,0.018
R0_current,0.15,0.05,0.725,kept,0.5945
R0_current,0.15,0.05,0.725,missing,0.405
R0_current,0.15,0.05,0.725,steepened,0.00025
R0_current,0.15,0.05,0.725,undetermined,0.00025
R1_half_bound,0.15,0.05,0.725,flattened,0.4045
R1_half_bound,0.15,0.05,0.725,kept,0.33425
R1_half_bound,0.15,0.05,0.725,undetermined,0.2605
R1_half_bound,0.15,0.05,0.725,missing,0.0005
R1_half_bound,0.15,0.05,0.725,steepened,0.00025
R2_reorder,0.15,0.05,0.725,kept,0.5945
R2_reorder,0.15,0.05,0.725,flattened,0.405
R2_reorder,0.15,0.05,0.725,steepened,0.00025
R2_reorder,0.15,0.05,0.725,undetermined,0.00025
R3_interval,0.15,0.05,0.725,flattened or kept,0.774
R3_interval,0.15,0.05,0.725,undetermined,0.11775
R3_interval,0.15,0.05,0.725,flattened,0.0715
R3_interval,0.15,0.05,0.725,kept or steepened,0.03675
R0_current,0.15,0.05,0.75,kept,0.64575
R0_current,0.15,0.05,0.75,missing,0.35375
R0_current,0.15,0.05,0.75,undetermined,0.0005
R1_half_bound,0.15,0.05,0.75,kept,0.4355
R1_half_bound,0.15,0.05,0.75,flattened,0.3535
R1_half_bound,0.15,0.05,0.75,undetermined,0.21075
R1_half_bound,0.15,0.05,0.75,missing,0.00025
R2_reorder,0.15,0.05,0.75,kept,0.64575
R2_reorder,0.15,0.05,0.75,flattened,0.35375
R2_reorder,0.15,0.05,0.75,undetermined,0.0005
R3_interval,0.15,0.05,0.75,flattened or kept,0.76875
R3_interval,0.15,0.05,0.75,undetermined,0.136
R3_interval,0.15,0.05,0.75,kept or steepened,0.051
R3_interval,0.15,0.05,0.75,flattened,0.04425
R0_current,0.15,0.05,0.775,kept,0.7085
R0_current,0.15,0.05,0.775,missing,0.29075
R0_current,0.15,0.05,0.775,undetermined,0.0005
R0_current,0.15,0.05,0.775,steepened,0.00025
R1_half_bound,0.15,0.05,0.775,kept,0.5485
R1_half_bound,0.15,0.05,0.775,flattened,0.29075
R1_half_bound,0.15,0.05,0.775,undetermined,0.1605
R1_half_bound,0.15,0.05,0.775,steepened,0.00025
R2_reorder,0.15,0.05,0.775,kept,0.7085
R2_reorder,0.15,0.05,0.775,flattened,0.29075
R2_reorder,0.15,0.05,0.775,undetermined,0.0005
R2_reorder,0.15,0.05,0.775,steepened,0.00025
R3_interval,0.15,0.05,0.775,flattened or kept,0.75725
R3_interval,0.15,0.05,0.775,undetermined,0.13675
R3_interval,0.15,0.05,0.775,kept or steepened,0.075
R3_interval,0.15,0.05,0.775,flattened,0.031
R0_current,0.15,0.05,0.8,kept,0.754
R0_current,0.15,0.05,0.8,missing,0.24575
R0_current,0.15,0.05,0.8,steepened,0.00025
R1_half_bound,0.15,0.05,0.8,kept,0.6245
R1_half_bound,0.15,0.05,0.8,flattened,0.2455
R1_half_bound,0.15,0.05,0.8,undetermined,0.1295
R1_half_bound,0.15,0.05,0.8,missing,0.00025
R1_half_bound,0.15,0.05,0.8,steepened,0.00025
R2_reorder,0.15,0.05,0.8,kept,0.754
R2_reorder,0.15,0.05,0.8,flattened,0.24575
R2_reorder,0.15,0.05,0.8,steepened,0.00025
R3_interval,0.15,0.05,0.8,flattened or kept,0.731
R3_interval,0.15,0.05,0.8,undetermined,0.13625
R3_interval,0.15,0.05,0.8,kept or steepened,0.11125
R3_interval,0.15,0.05,0.8,flattened,0.0215
R0_current,0.15,0.05,0.825,kept,0.7985
R0_current,0.15,0.05,0.825,missing,0.1995
R0_current,0.15,0.05,0.825,steepened,0.00125
R0_current,0.15,0.05,0.825,undetermined,0.00075
R1_half_bound,0.15,0.05,0.825,kept,0.707
R1_half_bound,0.15,0.05,0.825,flattened,0.1995
R1_half_bound,0.15,0.05,0.825,undetermined,0.09225
R1_half_bound,0.15,0.05,0.825,steepened,0.00125
R2_reorder,0.15,0.05,0.825,kept,0.7985
R2_reorder,0.15,0.05,0.825,flattened,0.1995
R2_reorder,0.15,0.05,0.825,steepened,0.00125
R2_reorder,0.15,0.05,0.825,undetermined,0.00075
R3_interval,0.15,0.05,0.825,flattened or kept,0.70025
R3_interval,0.15,0.05,0.825,kept or steepened,0.15
R3_interval,0.15,0.05,0.825,undetermined,0.13725
R3_interval,0.15,0.05,0.825,flattened,0.0125
R0_current,0.15,0.05,0.85,kept,0.83125
R0_current,0.15,0.05,0.85,missing,0.1675
R0_current,0.15,0.05,0.85,steepened,0.001
R0_current,0.15,0.05,0.85,undetermined,0.00025
R1_half_bound,0.15,0.05,0.85,kept,0.7555
R1_half_bound,0.15,0.05,0.85,flattened,0.1675
R1_half_bound,0.15,0.05,0.85,undetermined,0.076
R1_half_bound,0.15,0.05,0.85,steepened,0.001
R2_reorder,0.15,0.05,0.85,kept,0.83125
R2_reorder,0.15,0.05,0.85,flattened,0.1675
R2_reorder,0.15,0.05,0.85,steepened,0.001
R2_reorder,0.15,0.05,0.85,undetermined,0.00025
R3_interval,0.15,0.05,0.85,flattened or kept,0.664
R3_interval,0.15,0.05,0.85,kept or steepened,0.1875
R3_interval,0.15,0.05,0.85,undetermined,0.14125
R3_interval,0.15,0.05,0.85,flattened,0.00675
R3_interval,0.15,0.05,0.85,kept,0.00025
R3_interval,0.15,0.05,0.85,steepened,0.00025
R0_current,0.15,0.05,0.875,kept,0.874
R0_current,0.15,0.05,0.875,missing,0.12325
R0_current,0.15,0.05,0.875,steepened,0.00225
R0_current,0.15,0.05,0.875,undetermined,0.0005
R1_half_bound,0.15,0.05,0.875,kept,0.804
R1_half_bound,0.15,0.05,0.875,flattened,0.12325
R1_half_bound,0.15,0.05,0.875,undetermined,0.0705
R1_half_bound,0.15,0.05,0.875,steepened,0.00225
R2_reorder,0.15,0.05,0.875,kept,0.874
R2_reorder,0.15,0.05,0.875,flattened,0.12325
R2_reorder,0.15,0.05,0.875,steepened,0.00225
R2_reorder,0.15,0.05,0.875,undetermined,0.0005
R3_interval,0.15,0.05,0.875,flattened or kept,0.60525
R3_interval,0.15,0.05,0.875,kept or steepened,0.26225
R3_interval,0.15,0.05,0.875,undetermined,0.1275
R3_interval,0.15,0.05,0.875,flattened,0.00475
R3_interval,0.15,0.05,0.875,kept,0.00025
R0_current,0.15,0.05,0.9,kept,0.91375
R0_current,0.15,0.05,0.9,missing,0.08325
R0_current,0.15,0.05,0.9,steepened,0.003
R1_half_bound,0.15,0.05,0.9,kept,0.84225
R1_half_bound,0.15,0.05,0.9,flattened,0.08325
R1_half_bound,0.15,0.05,0.9,undetermined,0.0715
R1_half_bound,0.15,0.05,0.9,steepened,0.003
R2_reorder,0.15,0.05,0.9,kept,0.91375
R2_reorder,0.15,0.05,0.9,flattened,0.08325
R2_reorder,0.15,0.05,0.9,steepened,0.003
R3_interval,0.15,0.05,0.9,flattened or kept,0.565
R3_interval,0.15,0.05,0.9,kept or steepened,0.33025
R3_interval,0.15,0.05,0.9,undetermined,0.103
R3_interval,0.15,0.05,0.9,flattened,0.00075
R3_interval,0.15,0.05,0.9,kept,0.0005
R3_interval,0.15,0.05,0.9,steepened,0.0005
R0_current,0.15,0.05,0.925,kept,0.9185
R0_current,0.15,0.05,0.925,missing,0.07325
R0_current,0.15,0.05,0.925,steepened,0.00825
R1_half_bound,0.15,0.05,0.925,kept,0.83825
R1_half_bound,0.15,0.05,0.925,undetermined,0.08025
R1_half_bound,0.15,0.05,0.925,flattened,0.07325
R1_half_bound,0.15,0.05,0.925,steepened,0.00825
R2_reorder,0.15,0.05,0.925,kept,0.9185
R2_reorder,0.15,0.05,0.925,flattened,0.07325
R2_reorder,0.15,0.05,0.925,steepened,0.00825
R3_interval,0.15,0.05,0.925,flattened or kept,0.50625
R3_interval,0.15,0.05,0.925,kept or steepened,0.40675
R3_interval,0.15,0.05,0.925,undetermined,0.08425
R3_interval,0.15,0.05,0.925,flattened,0.002
R3_interval,0.15,0.05,0.925,kept,0.00075
R0_current,0.15,0.05,0.95,kept,0.942
R0_current,0.15,0.05,0.95,missing,0.04675
R0_current,0.15,0.05,0.95,steepened,0.01125
R1_half_bound,0.15,0.05,0.95,kept,0.8435
R1_half_bound,0.15,0.05,0.95,undetermined,0.0985
R1_half_bound,0.15,0.05,0.95,flattened,0.04675
R1_half_bound,0.15,0.05,0.95,steepened,0.01125
R2_reorder,0.15,0.05,0.95,kept,0.942
R2_reorder,0.15,0.05,0.95,flattened,0.04675
R2_reorder,0.15,0.05,0.95,steepened,0.01125
R3_interval,0.15,0.05,0.95,kept or steepened,0.49
R3_interval,0.15,0.05,0.95,flattened or kept,0.4445
R3_interval,0.15,0.05,0.95,undetermined,0.0585
R3_interval,0.15,0.05,0.95,kept,0.006
R3_interval,0.15,0.05,0.95,steepened,0.00075
R3_interval,0.15,0.05,0.95,flattened,0.00025
R0_current,0.15,0.05,0.975,kept,0.9465
R0_current,0.15,0.05,0.975,missing,0.03475
R0_current,0.15,0.05,0.975,steepened,0.01875
R1_half_bound,0.15,0.05,0.975,kept,0.834
R1_half_bound,0.15,0.05,0.975,undetermined,0.1125
R1_half_bound,0.15,0.05,0.975,flattened,0.03475
R1_half_bound,0.15,0.05,0.975,steepened,0.01875
R2_reorder,0.15,0.05,0.975,kept,0.9465
R2_reorder,0.15,0.05,0.975,flattened,0.03475
R2_reorder,0.15,0.05,0.975,steepened,0.01875
R3_interval,0.15,0.05,0.975,kept or steepened,0.5635
R3_interval,0.15,0.05,0.975,flattened or kept,0.38125
R3_interval,0.15,0.05,0.975,undetermined,0.03875
R3_interval,0.15,0.05,0.975,kept,0.01475
R3_interval,0.15,0.05,0.975,steepened,0.0015
R3_interval,0.15,0.05,0.975,flattened,0.00025
R0_current,0.15,0.05,1.0,kept,0.95875
R0_current,0.15,0.05,1.0,steepened,0.021
R0_current,0.15,0.05,1.0,missing,0.02025
R1_half_bound,0.15,0.05,1.0,kept,0.84425
R1_half_bound,0.15,0.05,1.0,undetermined,0.1145
R1_half_bound,0.15,0.05,1.0,steepened,0.021
R1_half_bound,0.15,0.05,1.0,flattened,0.02025
R2_reorder,0.15,0.05,1.0,kept,0.95875
R2_reorder,0.15,0.05,1.0,steepened,0.021
R2_reorder,0.15,0.05,1.0,flattened,0.02025
R3_interval,0.15,0.05,1.0,kept or steepened,0.61975
R3_interval,0.15,0.05,1.0,flattened or kept,0.3325
R3_interval,0.15,0.05,1.0,kept,0.025
R3_interval,0.15,0.05,1.0,undetermined,0.02
R3_interval,0.15,0.05,1.0,steepened,0.0025
R3_interval,0.15,0.05,1.0,flattened,0.00025
R0_current,0.15,0.05,1.025,kept,0.947
R0_current,0.15,0.05,1.025,steepened,0.03775
R0_current,0.15,0.05,1.025,missing,0.01525
R1_half_bound,0.15,0.05,1.025,kept,0.808
R1_half_bound,0.15,0.05,1.025,undetermined,0.139
R1_half_bound,0.15,0.05,1.025,steepened,0.03775
R1_half_bound,0.15,0.05,1.025,flattened,0.01525
R2_reorder,0.15,0.05,1.025,kept,0.947
R2_reorder,0.15,0.05,1.025,steepened,0.03775
R2_reorder,0.15,0.05,1.025,flattened,0.01525
R3_interval,0.15,0.05,1.025,kept or steepened,0.66775
R3_interval,0.15,0.05,1.025,flattened or kept,0.2805
R3_interval,0.15,0.05,1.025,kept,0.04075
R3_interval,0.15,0.05,1.025,undetermined,0.009
R3_interval,0.15,0.05,1.025,steepened,0.002
R0_current,0.15,0.05,1.05,kept,0.9445
R0_current,0.15,0.05,1.05,steepened,0.04575
R0_current,0.15,0.05,1.05,missing,0.00975
R1_half_bound,0.15,0.05,1.05,kept,0.7885
R1_half_bound,0.15,0.05,1.05,undetermined,0.156
R1_half_bound,0.15,0.05,1.05,steepened,0.04575
R1_half_bound,0.15,0.05,1.05,flattened,0.00975
R2_reorder,0.15,0.05,1.05,kept,0.9445
R2_reorder,0.15,0.05,1.05,steepened,0.04575
R2_reorder,0.15,0.05,1.05,flattened,0.00975
R3_interval,0.15,0.05,1.05,kept or steepened,0.7175
R3_interval,0.15,0.05,1.05,flattened or kept,0.22625
R3_interval,0.15,0.05,1.05,kept,0.049
R3_interval,0.15,0.05,1.05,steepened,0.004
R3_interval,0.15,0.05,1.05,undetermined,0.00325
R0_current,0.15,0.05,1.075,kept,0.92125
R0_current,0.15,0.05,1.075,steepened,0.0725
R0_current,0.15,0.05,1.075,missing,0.00625
R1_half_bound,0.15,0.05,1.075,kept,0.74925
R1_half_bound,0.15,0.05,1.075,undetermined,0.172
R1_half_bound,0.15,0.05,1.075,steepened,0.0725
R1_half_bound,0.15,0.05,1.075,flattened,0.00625
R2_reorder,0.15,0.05,1.075,kept,0.92125
R2_reorder,0.15,0.05,1.075,steepened,0.0725
R2_reorder,0.15,0.05,1.075,flattened,0.00625
R3_interval,0.15,0.05,1.075,kept or steepened,0.75125
R3_interval,0.15,0.05,1.075,flattened or kept,0.16775
R3_interval,0.15,0.05,1.075,kept,0.073
R3_interval,0.15,0.05,1.075,steepened,0.007
R3_interval,0.15,0.05,1.075,undetermined,0.001
R0_current,0.15,0.05,1.1,kept,0.9015
R0_current,0.15,0.05,1.1,steepened,0.09425
R0_current,0.15,0.05,1.1,missing,0.00425
R1_half_bound,0.15,0.05,1.1,kept,0.715
R1_half_bound,0.15,0.05,1.1,undetermined,0.1865
R1_half_bound,0.15,0.05,1.1,steepened,0.09425
R1_half_bound,0.15,0.05,1.1,flattened,0.00425
R2_reorder,0.15,0.05,1.1,kept,0.9015
R2_reorder,0.15,0.05,1.1,steepened,0.09425
R2_reorder,0.15,0.05,1.1,flattened,0.00425
R3_interval,0.15,0.05,1.1,kept or steepened,0.81375
R3_interval,0.15,0.05,1.1,flattened or kept,0.1065
R3_interval,0.15,0.05,1.1,kept,0.06975
R3_interval,0.15,0.05,1.1,steepened,0.0095
R3_interval,0.15,0.05,1.1,undetermined,0.0005
R0_current,0.15,0.05,1.125,kept,0.87475
R0_current,0.15,0.05,1.125,steepened,0.122
R0_current,0.15,0.05,1.125,missing,0.00325
R1_half_bound,0.15,0.05,1.125,kept,0.68375
R1_half_bound,0.15,0.05,1.125,undetermined,0.191
R1_half_bound,0.15,0.05,1.125,steepened,0.122
R1_half_bound,0.15,0.05,1.125,flattened,0.00325
R2_reorder,0.15,0.05,1.125,kept,0.87475
R2_reorder,0.15,0.05,1.125,steepened,0.122
R2_reorder,0.15,0.05,1.125,flattened,0.00325
R3_interval,0.15,0.05,1.125,kept or steepened,0.83125
R3_interval,0.15,0.05,1.125,flattened or kept,0.08025
R3_interval,0.15,0.05,1.125,kept,0.07975
R3_interval,0.15,0.05,1.125,steepened,0.00875
R0_current,0.15,0.05,1.15,kept,0.84575
R0_current,0.15,0.05,1.15,steepened,0.15275
R0_current,0.15,0.05,1.15,missing,0.0015
R1_half_bound,0.15,0.05,1.15,kept,0.64825
R1_half_bound,0.15,0.05,1.15,undetermined,0.1975
R1_half_bound,0.15,0.05,1.15,steepened,0.15275
R1_half_bound,0.15,0.05,1.15,flattened,0.0015
R2_reorder,0.15,0.05,1.15,kept,0.84575
R2_reorder,0.15,0.05,1.15,steepened,0.15275
R2_reorder,0.15,0.05,1.15,flattened,0.0015
R3_interval,0.15,0.05,1.15,kept or steepened,0.85625
R3_interval,0.15,0.05,1.15,kept,0.075
R3_interval,0.15,0.05,1.15,flattened or kept,0.0525
R3_interval,0.15,0.05,1.15,steepened,0.01625
R0_current,0.15,0.05,1.175,kept,0.8055
R0_current,0.15,0.05,1.175,steepened,0.19375
R0_current,0.15,0.05,1.175,missing,0.00075
R1_half_bound,0.15,0.05,1.175,kept,0.616
R1_half_bound,0.15,0.05,1.175,steepened,0.19375
R1_half_bound,0.15,0.05,1.175,undetermined,0.1895
R1_half_bound,0.15,0.05,1.175,flattened,0.00075
R2_reorder,0.15,0.05,1.175,kept,0.8055
R2_reorder,0.15,0.05,1.175,steepened,0.19375
R2_reorder,0.15,0.05,1.175,flattened,0.00075
R3_interval,0.15,0.05,1.175,kept or steepened,0.874
R3_interval,0.15,0.05,1.175,kept,0.065
R3_interval,0.15,0.05,1.175,flattened or kept,0.03975
R3_interval,0.15,0.05,1.175,steepened,0.02125
R0_current,0.15,0.05,1.2,kept,0.75575
R0_current,0.15,0.05,1.2,steepened,0.24375
R0_current,0.15,0.05,1.2,missing,0.0005
R1_half_bound,0.15,0.05,1.2,kept,0.56075
R1_half_bound,0.15,0.05,1.2,steepened,0.24375
R1_half_bound,0.15,0.05,1.2,undetermined,0.195
R1_half_bound,0.15,0.05,1.2,flattened,0.0005
R2_reorder,0.15,0.05,1.2,kept,0.75575
R2_reorder,0.15,0.05,1.2,steepened,0.24375
R2_reorder,0.15,0.05,1.2,flattened,0.0005
R3_interval,0.15,0.05,1.2,kept or steepened,0.88475
R3_interval,0.15,0.05,1.2,kept,0.0635
R3_interval,0.15,0.05,1.2,steepened,0.0305
R3_interval,0.15,0.05,1.2,flattened or kept,0.02125
R0_current,0.15,0.05,1.225,kept,0.709
R0_current,0.15,0.05,1.225,steepened,0.29025
R0_current,0.15,0.05,1.225,missing,0.00075
R1_half_bound,0.15,0.05,1.225,kept,0.529
R1_half_bound,0.15,0.05,1.225,steepened,0.29025
R1_half_bound,0.15,0.05,1.225,undetermined,0.18
R1_half_bound,0.15,0.05,1.225,flattened,0.00075
R2_reorder,0.15,0.05,1.225,kept,0.709
R2_reorder,0.15,0.05,1.225,steepened,0.29025
R2_reorder,0.15,0.05,1.225,flattened,0.00075
R3_interval,0.15,0.05,1.225,kept or steepened,0.88725
R3_interval,0.15,0.05,1.225,kept,0.05675
R3_interval,0.15,0.05,1.225,steepened,0.04375
R3_interval,0.15,0.05,1.225,flattened or kept,0.01225
R0_current,0.15,0.05,1.25,kept,0.6515
R0_current,0.15,0.05,1.25,steepened,0.34825
R0_current,0.15,0.05,1.25,missing,0.00025
R1_half_bound,0.15,0.05,1.25,kept,0.475
R1_half_bound,0.15,0.05,1.25,steepened,0.34825
R1_half_bound,0.15,0.05,1.25,undetermined,0.1765
R1_half_bound,0.15,0.05,1.25,flattened,0.00025
R2_reorder,0.15,0.05,1.25,kept,0.6515
R2_reorder,0.15,0.05,1.25,steepened,0.34825
R2_reorder,0.15,0.05,1.25,flattened,0.00025
R3_interval,0.15,0.05,1.25,kept or steepened,0.9075
R3_interval,0.15,0.05,1.25,steepened,0.04875
R3_interval,0.15,0.05,1.25,kept,0.03625
R3_interval,0.15,0.05,1.25,flattened or kept,0.0075
R0_current,0.15,0.05,1.275,kept,0.587
R0_current,0.15,0.05,1.275,steepened,0.413
R1_half_bound,0.15,0.05,1.275,kept,0.43475
R1_half_bound,0.15,0.05,1.275,steepened,0.413
R1_half_bound,0.15,0.05,1.275,undetermined,0.15225
R2_reorder,0.15,0.05,1.275,kept,0.587
R2_reorder,0.15,0.05,1.275,steepened,0.413
R3_interval,0.15,0.05,1.275,kept or steepened,0.89675
R3_interval,0.15,0.05,1.275,steepened,0.0655
R3_interval,0.15,0.05,1.275,kept,0.0315
R3_interval,0.15,0.05,1.275,flattened or kept,0.00625
R0_current,0.15,0.05,1.3,kept,0.53875
R0_current,0.15,0.05,1.3,steepened,0.46125
R1_half_bound,0.15,0.05,1.3,steepened,0.46125
R1_half_bound,0.15,0.05,1.3,kept,0.409
R1_half_bound,0.15,0.05,1.3,undetermined,0.12975
R2_reorder,0.15,0.05,1.3,kept,0.53875
R2_reorder,0.15,0.05,1.3,steepened,0.46125
R3_interval,0.15,0.05,1.3,kept or steepened,0.89
R3_interval,0.15,0.05,1.3,steepened,0.08475
R3_interval,0.15,0.05,1.3,kept,0.0245
R3_interval,0.15,0.05,1.3,flattened or kept,0.00075
R0_current,0.15,0.05,1.325,steepened,0.541
R0_current,0.15,0.05,1.325,kept,0.459
R1_half_bound,0.15,0.05,1.325,steepened,0.541
R1_half_bound,0.15,0.05,1.325,kept,0.3475
R1_half_bound,0.15,0.05,1.325,undetermined,0.1115
R2_reorder,0.15,0.05,1.325,steepened,0.541
R2_reorder,0.15,0.05,1.325,kept,0.459
R3_interval,0.15,0.05,1.325,kept or steepened,0.88225
R3_interval,0.15,0.05,1.325,steepened,0.099
R3_interval,0.15,0.05,1.325,kept,0.0165
R3_interval,0.15,0.05,1.325,flattened or kept,0.00225
R0_current,0.15,0.05,1.35,steepened,0.59275
R0_current,0.15,0.05,1.35,kept,0.40725
R1_half_bound,0.15,0.05,1.35,steepened,0.59275
R1_half_bound,0.15,0.05,1.35,kept,0.31825
R1_half_bound,0.15,0.05,1.35,undetermined,0.089
R2_reorder,0.15,0.05,1.35,steepened,0.59275
R2_reorder,0.15,0.05,1.35,kept,0.40725
R3_interval,0.15,0.05,1.35,kept or steepened,0.86175
R3_interval,0.15,0.05,1.35,steepened,0.12375
R3_interval,0.15,0.05,1.35,kept,0.014
R3_interval,0.15,0.05,1.35,flattened or kept,0.0005
R0_current,0.15,0.05,1.375,steepened,0.6465
R0_current,0.15,0.05,1.375,kept,0.3535
R1_half_bound,0.15,0.05,1.375,steepened,0.6465
R1_half_bound,0.15,0.05,1.375,kept,0.28775
R1_half_bound,0.15,0.05,1.375,undetermined,0.06575
R2_reorder,0.15,0.05,1.375,steepened,0.6465
R2_reorder,0.15,0.05,1.375,kept,0.3535
R3_interval,0.15,0.05,1.375,kept or steepened,0.83275
R3_interval,0.15,0.05,1.375,steepened,0.15475
R3_interval,0.15,0.05,1.375,kept,0.01125
R3_interval,0.15,0.05,1.375,flattened or kept,0.00125
R0_current,0.15,0.05,1.4,steepened,0.7055
R0_current,0.15,0.05,1.4,kept,0.2945
R1_half_bound,0.15,0.05,1.4,steepened,0.7055
R1_half_bound,0.15,0.05,1.4,kept,0.24525
R1_half_bound,0.15,0.05,1.4,undetermined,0.04925
R2_reorder,0.15,0.05,1.4,steepened,0.7055
R2_reorder,0.15,0.05,1.4,kept,0.2945
R3_interval,0.15,0.05,1.4,kept or steepened,0.79775
R3_interval,0.15,0.05,1.4,steepened,0.1925
R3_interval,0.15,0.05,1.4,kept,0.00975
R0_current,0.15,0.05,1.425,steepened,0.76275
R0_current,0.15,0.05,1.425,kept,0.23725
R1_half_bound,0.15,0.05,1.425,steepened,0.76275
R1_half_bound,0.15,0.05,1.425,kept,0.20325
R1_half_bound,0.15,0.05,1.425,undetermined,0.034
R2_reorder,0.15,0.05,1.425,steepened,0.76275
R2_reorder,0.15,0.05,1.425,kept,0.23725
R3_interval,0.15,0.05,1.425,kept or steepened,0.75975
R3_interval,0.15,0.05,1.425,steepened,0.2325
R3_interval,0.15,0.05,1.425,kept,0.00775
R0_current,0.15,0.05,1.45,steepened,0.8045
R0_current,0.15,0.05,1.45,kept,0.1955
R1_half_bound,0.15,0.05,1.45,steepened,0.8045
R1_half_bound,0.15,0.05,1.45,kept,0.176
R1_half_bound,0.15,0.05,1.45,undetermined,0.0195
R2_reorder,0.15,0.05,1.45,steepened,0.8045
R2_reorder,0.15,0.05,1.45,kept,0.1955
R3_interval,0.15,0.05,1.45,kept or steepened,0.72075
R3_interval,0.15,0.05,1.45,steepened,0.27625
R3_interval,0.15,0.05,1.45,kept,0.003
R0_current,0.15,0.05,1.475,steepened,0.85475
R0_current,0.15,0.05,1.475,kept,0.14525
R1_half_bound,0.15,0.05,1.475,steepened,0.85475
R1_half_bound,0.15,0.05,1.475,kept,0.135
R1_half_bound,0.15,0.05,1.475,undetermined,0.01025
R2_reorder,0.15,0.05,1.475,steepened,0.85475
R2_reorder,0.15,0.05,1.475,kept,0.14525
R3_interval,0.15,0.05,1.475,kept or steepened,0.68375
R3_interval,0.15,0.05,1.475,steepened,0.31425
R3_interval,0.15,0.05,1.475,kept,0.002
R0_current,0.15,0.05,1.5,steepened,0.8795
R0_current,0.15,0.05,1.5,kept,0.1205
R1_half_bound,0.15,0.05,1.5,steepened,0.8795
R1_half_bound,0.15,0.05,1.5,kept,0.1165
R1_half_bound,0.15,0.05,1.5,undetermined,0.004
R2_reorder,0.15,0.05,1.5,steepened,0.8795
R2_reorder,0.15,0.05,1.5,kept,0.1205
R3_interval,0.15,0.05,1.5,kept or steepened,0.64075
R3_interval,0.15,0.05,1.5,steepened,0.35825
R3_interval,0.15,0.05,1.5,kept,0.001
R0_current,0.15,0.05,1.525,steepened,0.915
R0_current,0.15,0.05,1.525,kept,0.085
R1_half_bound,0.15,0.05,1.525,steepened,0.915
R1_half_bound,0.15,0.05,1.525,kept,0.08425
R1_half_bound,0.15,0.05,1.525,undetermined,0.00075
R2_reorder,0.15,0.05,1.525,steepened,0.915
R2_reorder,0.15,0.05,1.525,kept,0.085
R3_interval,0.15,0.05,1.525,kept or steepened,0.58725
R3_interval,0.15,0.05,1.525,steepened,0.41175
R3_interval,0.15,0.05,1.525,kept,0.001
R0_current,0.15,0.05,1.55,steepened,0.93275
R0_current,0.15,0.05,1.55,kept,0.06725
R1_half_bound,0.15,0.05,1.55,steepened,0.93275
R1_half_bound,0.15,0.05,1.55,kept,0.067
R1_half_bound,0.15,0.05,1.55,undetermined,0.00025
R2_reorder,0.15,0.05,1.55,steepened,0.93275
R2_reorder,0.15,0.05,1.55,kept,0.06725
R3_interval,0.15,0.05,1.55,kept or steepened,0.545
R3_interval,0.15,0.05,1.55,steepened,0.45425
R3_interval,0.15,0.05,1.55,kept,0.00075
R0_current,0.15,0.05,1.575,steepened,0.9515
R0_current,0.15,0.05,1.575,kept,0.0485
R1_half_bound,0.15,0.05,1.575,steepened,0.9515
R1_half_bound,0.15,0.05,1.575,kept,0.04825
R1_half_bound,0.15,0.05,1.575,undetermined,0.00025
R2_reorder,0.15,0.05,1.575,steepened,0.9515
R2_reorder,0.15,0.05,1.575,kept,0.0485
R3_interval,0.15,0.05,1.575,steepened,0.5065
R3_interval,0.15,0.05,1.575,kept or steepened,0.493
R3_interval,0.15,0.05,1.575,kept,0.0005
R0_current,0.15,0.05,1.6,steepened,0.967
R0_current,0.15,0.05,1.6,kept,0.033
R1_half_bound,0.15,0.05,1.6,steepened,0.967
R1_half_bound,0.15,0.05,1.6,kept,0.033
R2_reorder,0.15,0.05,1.6,steepened,0.967
R2_reorder,0.15,0.05,1.6,kept,0.033
R3_interval,0.15,0.05,1.6,steepened,0.5585
R3_interval,0.15,0.05,1.6,kept or steepened,0.44125
R3_interval,0.15,0.05,1.6,kept,0.00025
R0_current,0.15,0.05,1.625,steepened,0.97725
R0_current,0.15,0.05,1.625,kept,0.02275
R1_half_bound,0.15,0.05,1.625,steepened,0.97725
R1_half_bound,0.15,0.05,1.625,kept,0.02275
R2_reorder,0.15,0.05,1.625,steepened,0.97725
R2_reorder,0.15,0.05,1.625,kept,0.02275
R3_interval,0.15,0.05,1.625,steepened,0.614
R3_interval,0.15,0.05,1.625,kept or steepened,0.385
R3_interval,0.15,0.05,1.625,kept,0.001
R0_current,0.15,0.05,1.65,steepened,0.98425
R0_current,0.15,0.05,1.65,kept,0.01575
R1_half_bound,0.15,0.05,1.65,steepened,0.98425
R1_half_bound,0.15,0.05,1.65,kept,0.01575
R2_reorder,0.15,0.05,1.65,steepened,0.98425
R2_reorder,0.15,0.05,1.65,kept,0.01575
R3_interval,0.15,0.05,1.65,steepened,0.6645
R3_interval,0.15,0.05,1.65,kept or steepened,0.3355
R0_current,0.15,0.05,1.675,steepened,0.98975
R0_current,0.15,0.05,1.675,kept,0.01025
R1_half_bound,0.15,0.05,1.675,steepened,0.98975
R1_half_bound,0.15,0.05,1.675,kept,0.01025
R2_reorder,0.15,0.05,1.675,steepened,0.98975
R2_reorder,0.15,0.05,1.675,kept,0.01025
R3_interval,0.15,0.05,1.675,steepened,0.697
R3_interval,0.15,0.05,1.675,kept or steepened,0.303
R0_current,0.15,0.05,1.7,steepened,0.99125
R0_current,0.15,0.05,1.7,kept,0.00875
R1_half_bound,0.15,0.05,1.7,steepened,0.99125
R1_half_bound,0.15,0.05,1.7,kept,0.00875
R2_reorder,0.15,0.05,1.7,steepened,0.99125
R2_reorder,0.15,0.05,1.7,kept,0.00875
R3_interval,0.15,0.05,1.7,steepened,0.75
R3_interval,0.15,0.05,1.7,kept or steepened,0.25
R0_current,0.15,0.05,1.725,steepened,0.995
R0_current,0.15,0.05,1.725,kept,0.005
R1_half_bound,0.15,0.05,1.725,steepened,0.995
R1_half_bound,0.15,0.05,1.725,kept,0.005
R2_reorder,0.15,0.05,1.725,steepened,0.995
R2_reorder,0.15,0.05,1.725,kept,0.005
R3_interval,0.15,0.05,1.725,steepened,0.79225
R3_interval,0.15,0.05,1.725,kept or steepened,0.20775
R0_current,0.15,0.05,1.75,steepened,0.99675
R0_current,0.15,0.05,1.75,kept,0.00325
R1_half_bound,0.15,0.05,1.75,steepened,0.99675
R1_half_bound,0.15,0.05,1.75,kept,0.00325
R2_reorder,0.15,0.05,1.75,steepened,0.99675
R2_reorder,0.15,0.05,1.75,kept,0.00325
R3_interval,0.15,0.05,1.75,steepened,0.8225
R3_interval,0.15,0.05,1.75,kept or steepened,0.1775
R0_current,0.15,0.05,1.775,steepened,0.9985
R0_current,0.15,0.05,1.775,kept,0.0015
R1_half_bound,0.15,0.05,1.775,steepened,0.9985
R1_half_bound,0.15,0.05,1.775,kept,0.0015
R2_reorder,0.15,0.05,1.775,steepened,0.9985
R2_reorder,0.15,0.05,1.775,kept,0.0015
R3_interval,0.15,0.05,1.775,steepened,0.86875
R3_interval,0.15,0.05,1.775,kept or steepened,0.13125
R0_current,0.15,0.05,1.8,steepened,0.9995
R0_current,0.15,0.05,1.8,kept,0.0005
R1_half_bound,0.15,0.05,1.8,steepened,0.9995
R1_half_bound,0.15,0.05,1.8,kept,0.0005
R2_reorder,0.15,0.05,1.8,steepened,0.9995
R2_reorder,0.15,0.05,1.8,kept,0.0005
R3_interval,0.15,0.05,1.8,steepened,0.89
R3_interval,0.15,0.05,1.8,kept or steepened,0.11
R0_current,0.15,0.05,1.825,steepened,0.99975
R0_current,0.15,0.05,1.825,kept,0.00025
R1_half_bound,0.15,0.05,1.825,steepened,0.99975
R1_half_bound,0.15,0.05,1.825,kept,0.00025
R2_reorder,0.15,0.05,1.825,steepened,0.99975
R2_reorder,0.15,0.05,1.825,kept,0.00025
R3_interval,0.15,0.05,1.825,steepened,0.90875
R3_interval,0.15,0.05,1.825,kept or steepened,0.09125
R0_current,0.15,0.05,1.85,steepened,0.99975
R0_current,0.15,0.05,1.85,kept,0.00025
R1_half_bound,0.15,0.05,1.85,steepened,0.99975
R1_half_bound,0.15,0.05,1.85,kept,0.00025
R2_reorder,0.15,0.05,1.85,steepened,0.99975
R2_reorder,0.15,0.05,1.85,kept,0.00025
R3_interval,0.15,0.05,1.85,steepened,0.92725
R3_interval,0.15,0.05,1.85,kept or steepened,0.07275
R0_current,0.15,0.05,1.875,steepened,0.99975
R0_current,0.15,0.05,1.875,kept,0.00025
R1_half_bound,0.15,0.05,1.875,steepened,0.99975
R1_half_bound,0.15,0.05,1.875,kept,0.00025
R2_reorder,0.15,0.05,1.875,steepened,0.99975
R2_reorder,0.15,0.05,1.875,kept,0.00025
R3_interval,0.15,0.05,1.875,steepened,0.94025
R3_interval,0.15,0.05,1.875,kept or steepened,0.05975
R0_current,0.15,0.05,1.9,steepened,0.99975
R0_current,0.15,0.05,1.9,kept,0.00025
R1_half_bound,0.15,0.05,1.9,steepened,0.99975
R1_half_bound,0.15,0.05,1.9,kept,0.00025
R2_reorder,0.15,0.05,1.9,steepened,0.99975
R2_reorder,0.15,0.05,1.9,kept,0.00025
R3_interval,0.15,0.05,1.9,steepened,0.95725
R3_interval,0.15,0.05,1.9,kept or steepened,0.04275
R0_current,0.15,0.05,1.925,steepened,1.0
R1_half_bound,0.15,0.05,1.925,steepened,1.0
R2_reorder,0.15,0.05,1.925,steepened,1.0
R3_interval,0.15,0.05,1.925,steepened,0.9685
R3_interval,0.15,0.05,1.925,kept or steepened,0.0315
R0_current,0.15,0.05,1.95,steepened,1.0
R1_half_bound,0.15,0.05,1.95,steepened,1.0
R2_reorder,0.15,0.05,1.95,steepened,1.0
R3_interval,0.15,0.05,1.95,steepened,0.97525
R3_interval,0.15,0.05,1.95,kept or steepened,0.02475
R0_current,0.15,0.05,1.975,steepened,1.0
R1_half_bound,0.15,0.05,1.975,steepened,1.0
R2_reorder,0.15,0.05,1.975,steepened,1.0
R3_interval,0.15,0.05,1.975,steepened,0.9845
R3_interval,0.15,0.05,1.975,kept or steepened,0.0155
R0_current,0.15,0.05,2.0,steepened,1.0
R1_half_bound,0.15,0.05,2.0,steepened,1.0
R2_reorder,0.15,0.05,2.0,steepened,1.0
R3_interval,0.15,0.05,2.0,steepened,0.984
R3_interval,0.15,0.05,2.0,kept or steepened,0.016
R0_current,0.15,0.1,-0.75,missing,0.69875
R0_current,0.15,0.1,-0.75,reversed,0.30125
R1_half_bound,0.15,0.1,-0.75,reversed,0.99975
R1_half_bound,0.15,0.1,-0.75,missing,0.00025
R2_reorder,0.15,0.1,-0.75,missing,0.69875
R2_reorder,0.15,0.1,-0.75,reversed,0.30125
R3_interval,0.15,0.1,-0.75,reversed,0.99925
R3_interval,0.15,0.1,-0.75,reversed or missing,0.00075
R0_current,0.15,0.1,-0.725,missing,0.73675
R0_current,0.15,0.1,-0.725,reversed,0.26325
R1_half_bound,0.15,0.1,-0.725,reversed,0.999
R1_half_bound,0.15,0.1,-0.725,missing,0.001
R2_reorder,0.15,0.1,-0.725,missing,0.73675
R2_reorder,0.15,0.1,-0.725,reversed,0.26325
R3_interval,0.15,0.1,-0.725,reversed,0.9965
R3_interval,0.15,0.1,-0.725,reversed or missing,0.0035
R0_current,0.15,0.1,-0.7,missing,0.77325
R0_current,0.15,0.1,-0.7,reversed,0.22675
R1_half_bound,0.15,0.1,-0.7,reversed,0.99725
R1_half_bound,0.15,0.1,-0.7,missing,0.00275
R2_reorder,0.15,0.1,-0.7,missing,0.77325
R2_reorder,0.15,0.1,-0.7,reversed,0.22675
R3_interval,0.15,0.1,-0.7,reversed,0.995
R3_interval,0.15,0.1,-0.7,reversed or missing,0.005
R0_current,0.15,0.1,-0.675,missing,0.807
R0_current,0.15,0.1,-0.675,reversed,0.193
R1_half_bound,0.15,0.1,-0.675,reversed,0.9965
R1_half_bound,0.15,0.1,-0.675,missing,0.0035
R2_reorder,0.15,0.1,-0.675,missing,0.807
R2_reorder,0.15,0.1,-0.675,reversed,0.193
R3_interval,0.15,0.1,-0.675,reversed,0.989
R3_interval,0.15,0.1,-0.675,reversed or missing,0.011
R0_current,0.15,0.1,-0.65,missing,0.84375
R0_current,0.15,0.1,-0.65,reversed,0.15625
R1_half_bound,0.15,0.1,-0.65,reversed,0.9955
R1_half_bound,0.15,0.1,-0.65,missing,0.0045
R2_reorder,0.15,0.1,-0.65,missing,0.84375
R2_reorder,0.15,0.1,-0.65,reversed,0.15625
R3_interval,0.15,0.1,-0.65,reversed,0.98275
R3_interval,0.15,0.1,-0.65,reversed or missing,0.01725
R0_current,0.15,0.1,-0.625,missing,0.8815
R0_current,0.15,0.1,-0.625,reversed,0.1185
R1_half_bound,0.15,0.1,-0.625,reversed,0.9885
R1_half_bound,0.15,0.1,-0.625,missing,0.0115
R2_reorder,0.15,0.1,-0.625,missing,0.8815
R2_reorder,0.15,0.1,-0.625,reversed,0.1185
R3_interval,0.15,0.1,-0.625,reversed,0.97025
R3_interval,0.15,0.1,-0.625,reversed or missing,0.02975
R0_current,0.15,0.1,-0.6,missing,0.9085
R0_current,0.15,0.1,-0.6,reversed,0.0915
R1_half_bound,0.15,0.1,-0.6,reversed,0.98325
R1_half_bound,0.15,0.1,-0.6,missing,0.01675
R2_reorder,0.15,0.1,-0.6,missing,0.9085
R2_reorder,0.15,0.1,-0.6,reversed,0.0915
R3_interval,0.15,0.1,-0.6,reversed,0.94675
R3_interval,0.15,0.1,-0.6,reversed or missing,0.05325
R0_current,0.15,0.1,-0.575,missing,0.92275
R0_current,0.15,0.1,-0.575,reversed,0.07725
R1_half_bound,0.15,0.1,-0.575,reversed,0.96875
R1_half_bound,0.15,0.1,-0.575,missing,0.03125
R2_reorder,0.15,0.1,-0.575,missing,0.92275
R2_reorder,0.15,0.1,-0.575,reversed,0.07725
R3_interval,0.15,0.1,-0.575,reversed,0.909
R3_interval,0.15,0.1,-0.575,reversed or missing,0.091
R0_current,0.15,0.1,-0.55,missing,0.93475
R0_current,0.15,0.1,-0.55,reversed,0.06525
R1_half_bound,0.15,0.1,-0.55,reversed,0.96075
R1_half_bound,0.15,0.1,-0.55,missing,0.03925
R2_reorder,0.15,0.1,-0.55,missing,0.93475
R2_reorder,0.15,0.1,-0.55,reversed,0.06525
R3_interval,0.15,0.1,-0.55,reversed,0.88025
R3_interval,0.15,0.1,-0.55,reversed or missing,0.11975
R0_current,0.15,0.1,-0.525,missing,0.9535
R0_current,0.15,0.1,-0.525,reversed,0.0465
R1_half_bound,0.15,0.1,-0.525,reversed,0.92775
R1_half_bound,0.15,0.1,-0.525,missing,0.07225
R2_reorder,0.15,0.1,-0.525,missing,0.9535
R2_reorder,0.15,0.1,-0.525,reversed,0.0465
R3_interval,0.15,0.1,-0.525,reversed,0.80625
R3_interval,0.15,0.1,-0.525,reversed or missing,0.19375
R0_current,0.15,0.1,-0.5,missing,0.97175
R0_current,0.15,0.1,-0.5,reversed,0.02825
R1_half_bound,0.15,0.1,-0.5,reversed,0.904
R1_half_bound,0.15,0.1,-0.5,missing,0.096
R2_reorder,0.15,0.1,-0.5,missing,0.97175
R2_reorder,0.15,0.1,-0.5,reversed,0.02825
R3_interval,0.15,0.1,-0.5,reversed,0.7455
R3_interval,0.15,0.1,-0.5,reversed or missing,0.2545
R0_current,0.15,0.1,-0.475,missing,0.9755
R0_current,0.15,0.1,-0.475,reversed,0.0245
R1_half_bound,0.15,0.1,-0.475,reversed,0.86675
R1_half_bound,0.15,0.1,-0.475,missing,0.13325
R2_reorder,0.15,0.1,-0.475,missing,0.9755
R2_reorder,0.15,0.1,-0.475,reversed,0.0245
R3_interval,0.15,0.1,-0.475,reversed,0.67425
R3_interval,0.15,0.1,-0.475,reversed or missing,0.32575
R0_current,0.15,0.1,-0.45,missing,0.98425
R0_current,0.15,0.1,-0.45,reversed,0.01575
R1_half_bound,0.15,0.1,-0.45,reversed,0.81975
R1_half_bound,0.15,0.1,-0.45,missing,0.18025
R2_reorder,0.15,0.1,-0.45,missing,0.98425
R2_reorder,0.15,0.1,-0.45,reversed,0.01575
R3_interval,0.15,0.1,-0.45,reversed,0.583
R3_interval,0.15,0.1,-0.45,reversed or missing,0.41675
R3_interval,0.15,0.1,-0.45,missing,0.00025
R0_current,0.15,0.1,-0.425,missing,0.987
R0_current,0.15,0.1,-0.425,reversed,0.013
R1_half_bound,0.15,0.1,-0.425,reversed,0.76
R1_half_bound,0.15,0.1,-0.425,missing,0.24
R2_reorder,0.15,0.1,-0.425,missing,0.987
R2_reorder,0.15,0.1,-0.425,reversed,0.013
R3_interval,0.15,0.1,-0.425,reversed or missing,0.49975
R3_interval,0.15,0.1,-0.425,reversed,0.49975
R3_interval,0.15,0.1,-0.425,missing,0.0005
R0_current,0.15,0.1,-0.4,missing,0.98975
R0_current,0.15,0.1,-0.4,reversed,0.01025
R1_half_bound,0.15,0.1,-0.4,reversed,0.7015
R1_half_bound,0.15,0.1,-0.4,missing,0.2985
R2_reorder,0.15,0.1,-0.4,missing,0.98975
R2_reorder,0.15,0.1,-0.4,reversed,0.01025
R3_interval,0.15,0.1,-0.4,reversed or missing,0.59825
R3_interval,0.15,0.1,-0.4,reversed,0.40125
R3_interval,0.15,0.1,-0.4,missing,0.0005
R0_current,0.15,0.1,-0.375,missing,0.9955
R0_current,0.15,0.1,-0.375,reversed,0.0045
R1_half_bound,0.15,0.1,-0.375,reversed,0.6205
R1_half_bound,0.15,0.1,-0.375,missing,0.3795
R2_reorder,0.15,0.1,-0.375,missing,0.99525
R2_reorder,0.15,0.1,-0.375,reversed,0.0045
R2_reorder,0.15,0.1,-0.375,flattened,0.00025
R3_interval,0.15,0.1,-0.375,reversed or missing,0.68625
R3_interval,0.15,0.1,-0.375,reversed,0.312
R3_interval,0.15,0.1,-0.375,missing,0.00175
R0_current,0.15,0.1,-0.35,missing,0.99575
R0_current,0.15,0.1,-0.35,reversed,0.00425
R1_half_bound,0.15,0.1,-0.35,reversed,0.545
R1_half_bound,0.15,0.1,-0.35,missing,0.455
R2_reorder,0.15,0.1,-0.35,missing,0.9955
R2_reorder,0.15,0.1,-0.35,reversed,0.00425
R2_reorder,0.15,0.1,-0.35,flattened,0.00025
R3_interval,0.15,0.1,-0.35,reversed or missing,0.75
R3_interval,0.15,0.1,-0.35,reversed,0.2455
R3_interval,0.15,0.1,-0.35,missing,0.0045
R0_current,0.15,0.1,-0.325,missing,0.997
R0_current,0.15,0.1,-0.325,reversed,0.003
R1_half_bound,0.15,0.1,-0.325,missing,0.53475
R1_half_bound,0.15,0.1,-0.325,reversed,0.46525
R2_reorder,0.15,0.1,-0.325,missing,0.99675
R2_reorder,0.15,0.1,-0.325,reversed,0.003
R2_reorder,0.15,0.1,-0.325,flattened,0.00025
R3_interval,0.15,0.1,-0.325,reversed or missing,0.825
R3_interval,0.15,0.1,-0.325,reversed,0.16575
R3_interval,0.15,0.1,-0.325,missing,0.00925
R0_current,0.15,0.1,-0.3,missing,0.999
R0_current,0.15,0.1,-0.3,reversed,0.001
R1_half_bound,0.15,0.1,-0.3,missing,0.61675
R1_half_bound,0.15,0.1,-0.3,reversed,0.38325
R2_reorder,0.15,0.1,-0.3,missing,0.99775
R2_reorder,0.15,0.1,-0.3,flattened,0.00125
R2_reorder,0.15,0.1,-0.3,reversed,0.001
R3_interval,0.15,0.1,-0.3,reversed or missing,0.87025
R3_interval,0.15,0.1,-0.3,reversed,0.11225
R3_interval,0.15,0.1,-0.3,missing,0.01725
R3_interval,0.15,0.1,-0.3,missing or flattened,0.00025
R0_current,0.15,0.1,-0.275,missing,0.999
R0_current,0.15,0.1,-0.275,reversed,0.001
R1_half_bound,0.15,0.1,-0.275,missing,0.6865
R1_half_bound,0.15,0.1,-0.275,reversed,0.3135
R2_reorder,0.15,0.1,-0.275,missing,0.997
R2_reorder,0.15,0.1,-0.275,flattened,0.002
R2_reorder,0.15,0.1,-0.275,reversed,0.001
R3_interval,0.15,0.1,-0.275,reversed or missing,0.896
R3_interval,0.15,0.1,-0.275,reversed,0.07725
R3_interval,0.15,0.1,-0.275,missing,0.0265
R3_interval,0.15,0.1,-0.275,missing or flattened,0.00025
R0_current,0.15,0.1,-0.25,missing,0.9995
R0_current,0.15,0.1,-0.25,reversed,0.0005
R1_half_bound,0.15,0.1,-0.25,missing,0.746
R1_half_bound,0.15,0.1,-0.25,reversed,0.254
R2_reorder,0.15,0.1,-0.25,missing,0.9935
R2_reorder,0.15,0.1,-0.25,flattened,0.006
R2_reorder,0.15,0.1,-0.25,reversed,0.0005
R3_interval,0.15,0.1,-0.25,reversed or missing,0.90025
R3_interval,0.15,0.1,-0.25,reversed,0.05025
R3_interval,0.15,0.1,-0.25,missing,0.049
R3_interval,0.15,0.1,-0.25,missing or flattened,0.0005
R0_current,0.15,0.1,-0.225,missing,0.99975
R0_current,0.15,0.1,-0.225,reversed,0.00025
R1_half_bound,0.15,0.1,-0.225,missing,0.80975
R1_half_bound,0.15,0.1,-0.225,reversed,0.19025
R2_reorder,0.15,0.1,-0.225,missing,0.986
R2_reorder,0.15,0.1,-0.225,flattened,0.01375
R2_reorder,0.15,0.1,-0.225,reversed,0.00025
R3_interval,0.15,0.1,-0.225,reversed or missing,0.8895
R3_interval,0.15,0.1,-0.225,missing,0.077
R3_interval,0.15,0.1,-0.225,reversed,0.03
R3_interval,0.15,0.1,-0.225,missing or flattened,0.00325
R3_interval,0.15,0.1,-0.225,undetermined,0.00025
R0_current,0.15,0.1,-0.2,missing,0.99975
R0_current,0.15,0.1,-0.2,reversed,0.00025
R1_half_bound,0.15,0.1,-0.2,missing,0.85625
R1_half_bound,0.15,0.1,-0.2,reversed,0.14375
R2_reorder,0.15,0.1,-0.2,missing,0.9795
R2_reorder,0.15,0.1,-0.2,flattened,0.02025
R2_reorder,0.15,0.1,-0.2,reversed,0.00025
R3_interval,0.15,0.1,-0.2,reversed or missing,0.86675
R3_interval,0.15,0.1,-0.2,missing,0.11075
R3_interval,0.15,0.1,-0.2,reversed,0.017
R3_interval,0.15,0.1,-0.2,missing or flattened,0.005
R3_interval,0.15,0.1,-0.2,undetermined,0.0005
R0_current,0.15,0.1,-0.175,missing,0.99925
R0_current,0.15,0.1,-0.175,reversed,0.00075
R1_half_bound,0.15,0.1,-0.175,missing,0.90425
R1_half_bound,0.15,0.1,-0.175,reversed,0.09575
R2_reorder,0.15,0.1,-0.175,missing,0.95875
R2_reorder,0.15,0.1,-0.175,flattened,0.0405
R2_reorder,0.15,0.1,-0.175,reversed,0.00075
R3_interval,0.15,0.1,-0.175,reversed or missing,0.82
R3_interval,0.15,0.1,-0.175,missing,0.15975
R3_interval,0.15,0.1,-0.175,reversed,0.01025
R3_interval,0.15,0.1,-0.175,missing or flattened,0.009
R3_interval,0.15,0.1,-0.175,undetermined,0.001
R0_current,0.15,0.1,-0.15,missing,1.0
R1_half_bound,0.15,0.1,-0.15,missing,0.92825
R1_half_bound,0.15,0.1,-0.15,reversed,0.07175
R2_reorder,0.15,0.1,-0.15,missing,0.93
R2_reorder,0.15,0.1,-0.15,flattened,0.07
R3_interval,0.15,0.1,-0.15,reversed or missing,0.75175
R3_interval,0.15,0.1,-0.15,missing,0.22675
R3_interval,0.15,0.1,-0.15,missing or flattened,0.01625
R3_interval,0.15,0.1,-0.15,reversed,0.00475
R3_interval,0.15,0.1,-0.15,undetermined,0.0005
R0_current,0.15,0.1,-0.125,missing,1.0
R1_half_bound,0.15,0.1,-0.125,missing,0.95825
R1_half_bound,0.15,0.1,-0.125,reversed,0.04175
R2_reorder,0.15,0.1,-0.125,missing,0.899
R2_reorder,0.15,0.1,-0.125,flattened,0.101
R3_interval,0.15,0.1,-0.125,reversed or missing,0.67825
R3_interval,0.15,0.1,-0.125,missing,0.29
R3_interval,0.15,0.1,-0.125,missing or flattened,0.0275
R3_interval,0.15,0.1,-0.125,reversed,0.0025
R3_interval,0.15,0.1,-0.125,undetermined,0.00175
R0_current,0.15,0.1,-0.1,missing,1.0
R1_half_bound,0.15,0.1,-0.1,missing,0.96725
R1_half_bound,0.15,0.1,-0.1,reversed,0.0325
R1_half_bound,0.15,0.1,-0.1,flattened,0.00025
R2_reorder,0.15,0.1,-0.1,missing,0.83875
R2_reorder,0.15,0.1,-0.1,flattened,0.16125
R3_interval,0.15,0.1,-0.1,reversed or missing,0.5995
R3_interval,0.15,0.1,-0.1,missing,0.34325
R3_interval,0.15,0.1,-0.1,missing or flattened,0.0545
R3_interval,0.15,0.1,-0.1,undetermined,0.00175
R3_interval,0.15,0.1,-0.1,reversed,0.001
R0_current,0.15,0.1,-0.075,missing,1.0
R1_half_bound,0.15,0.1,-0.075,missing,0.98075
R1_half_bound,0.15,0.1,-0.075,reversed,0.0185
R1_half_bound,0.15,0.1,-0.075,flattened,0.00075
R2_reorder,0.15,0.1,-0.075,missing,0.7645
R2_reorder,0.15,0.1,-0.075,flattened,0.2355
R3_interval,0.15,0.1,-0.075,reversed or missing,0.49575
R3_interval,0.15,0.1,-0.075,missing,0.413
R3_interval,0.15,0.1,-0.075,missing or flattened,0.08775
R3_interval,0.15,0.1,-0.075,undetermined,0.003
R3_interval,0.15,0.1,-0.075,reversed,0.0005
R0_current,0.15,0.1,-0.05,missing,0.99975
R0_current,0.15,0.1,-0.05,undetermined,0.00025
R1_half_bound,0.15,0.1,-0.05,missing,0.98875
R1_half_bound,0.15,0.1,-0.05,reversed,0.01025
R1_half_bound,0.15,0.1,-0.05,flattened,0.00075
R1_half_bound,0.15,0.1,-0.05,undetermined,0.00025
R2_reorder,0.15,0.1,-0.05,missing,0.689
R2_reorder,0.15,0.1,-0.05,flattened,0.31075
R2_reorder,0.15,0.1,-0.05,undetermined,0.00025
R3_interval,0.15,0.1,-0.05,missing,0.46
R3_interval,0.15,0.1,-0.05,reversed or missing,0.41375
R3_interval,0.15,0.1,-0.05,missing or flattened,0.12325
R3_interval,0.15,0.1,-0.05,undetermined,0.003
R0_current,0.15,0.1,-0.025,missing,0.99975
R0_current,0.15,0.1,-0.025,undetermined,0.00025
R1_half_bound,0.15,0.1,-0.025,missing,0.99125
R1_half_bound,0.15,0.1,-0.025,reversed,0.007
R1_half_bound,0.15,0.1,-0.025,flattened,0.0015
R1_half_bound,0.15,0.1,-0.025,undetermined,0.00025
R2_reorder,0.15,0.1,-0.025,missing,0.595
R2_reorder,0.15,0.1,-0.025,flattened,0.40475
R2_reorder,0.15,0.1,-0.025,undetermined,0.00025
R3_interval,0.15,0.1,-0.025,missing,0.49975
R3_interval,0.15,0.1,-0.025,reversed or missing,0.31725
R3_interval,0.15,0.1,-0.025,missing or flattened,0.17825
R3_interval,0.15,0.1,-0.025,undetermined,0.00475
R0_current,0.15,0.1,0.0,missing,1.0
R1_half_bound,0.15,0.1,0.0,missing,0.99125
R1_half_bound,0.15,0.1,0.0,reversed,0.005
R1_half_bound,0.15,0.1,0.0,flattened,0.00375
R2_reorder,0.15,0.1,0.0,missing,0.504
R2_reorder,0.15,0.1,0.0,flattened,0.496
R3_interval,0.15,0.1,0.0,missing,0.5215
R3_interval,0.15,0.1,0.0,missing or flattened,0.242
R3_interval,0.15,0.1,0.0,reversed or missing,0.23475
R3_interval,0.15,0.1,0.0,undetermined,0.00175
R0_current,0.15,0.1,0.025,missing,1.0
R1_half_bound,0.15,0.1,0.025,missing,0.99225
R1_half_bound,0.15,0.1,0.025,flattened,0.00675
R1_half_bound,0.15,0.1,0.025,reversed,0.001
R2_reorder,0.15,0.1,0.025,flattened,0.59975
R2_reorder,0.15,0.1,0.025,missing,0.40025
R3_interval,0.15,0.1,0.025,missing,0.49825
R3_interval,0.15,0.1,0.025,missing or flattened,0.3165
R3_interval,0.15,0.1,0.025,reversed or missing,0.1805
R3_interval,0.15,0.1,0.025,undetermined,0.00475
R0_current,0.15,0.1,0.05,missing,1.0
R1_half_bound,0.15,0.1,0.05,missing,0.9895
R1_half_bound,0.15,0.1,0.05,flattened,0.00875
R1_half_bound,0.15,0.1,0.05,reversed,0.00175
R2_reorder,0.15,0.1,0.05,flattened,0.699
R2_reorder,0.15,0.1,0.05,missing,0.301
R3_interval,0.15,0.1,0.05,missing,0.465
R3_interval,0.15,0.1,0.05,missing or flattened,0.42075
R3_interval,0.15,0.1,0.05,reversed or missing,0.1125
R3_interval,0.15,0.1,0.05,undetermined,0.00175
R0_current,0.15,0.1,0.075,missing,0.99975
R0_current,0.15,0.1,0.075,kept,0.00025
R1_half_bound,0.15,0.1,0.075,missing,0.9815
R1_half_bound,0.15,0.1,0.075,flattened,0.01825
R1_half_bound,0.15,0.1,0.075,undetermined,0.00025
R2_reorder,0.15,0.1,0.075,flattened,0.77925
R2_reorder,0.15,0.1,0.075,missing,0.2205
R2_reorder,0.15,0.1,0.075,kept,0.00025
R3_interval,0.15,0.1,0.075,missing or flattened,0.4975
R3_interval,0.15,0.1,0.075,missing,0.41875
R3_interval,0.15,0.1,0.075,reversed or missing,0.08025
R3_interval,0.15,0.1,0.075,undetermined,0.003
R3_interval,0.15,0.1,0.075,flattened or kept,0.00025
R3_interval,0.15,0.1,0.075,flattened,0.00025
R0_current,0.15,0.1,0.1,missing,0.99925
R0_current,0.15,0.1,0.1,kept,0.0005
R0_current,0.15,0.1,0.1,undetermined,0.00025
R1_half_bound,0.15,0.1,0.1,missing,0.96975
R1_half_bound,0.15,0.1,0.1,flattened,0.029
R1_half_bound,0.15,0.1,0.1,undetermined,0.00075
R1_half_bound,0.15,0.1,0.1,reversed,0.0005
R2_reorder,0.15,0.1,0.1,flattened,0.83575
R2_reorder,0.15,0.1,0.1,missing,0.1635
R2_reorder,0.15,0.1,0.1,kept,0.0005
R2_reorder,0.15,0.1,0.1,undetermined,0.00025
R3_interval,0.15,0.1,0.1,missing or flattened,0.59
R3_interval,0.15,0.1,0.1,missing,0.357
R3_interval,0.15,0.1,0.1,reversed or missing,0.04875
R3_interval,0.15,0.1,0.1,undetermined,0.003
R3_interval,0.15,0.1,0.1,flattened or kept,0.00125
R0_current,0.15,0.1,0.125,missing,0.998
R0_current,0.15,0.1,0.125,undetermined,0.002
R1_half_bound,0.15,0.1,0.125,missing,0.95575
R1_half_bound,0.15,0.1,0.125,flattened,0.04225
R1_half_bound,0.15,0.1,0.125,undetermined,0.002
R2_reorder,0.15,0.1,0.125,flattened,0.8955
R2_reorder,0.15,0.1,0.125,missing,0.1025
R2_reorder,0.15,0.1,0.125,undetermined,0.002
R3_interval,0.15,0.1,0.125,missing or flattened,0.67925
R3_interval,0.15,0.1,0.125,missing,0.2825
R3_interval,0.15,0.1,0.125,reversed or missing,0.02875
R3_interval,0.15,0.1,0.125,undetermined,0.008
R3_interval,0.15,0.1,0.125,flattened or kept,0.00125
R3_interval,0.15,0.1,0.125,flattened,0.00025
R0_current,0.15,0.1,0.15,missing,0.99825
R0_current,0.15,0.1,0.15,kept,0.001
R0_current,0.15,0.1,0.15,undetermined,0.00075
R1_half_bound,0.15,0.1,0.15,missing,0.933
R1_half_bound,0.15,0.1,0.15,flattened,0.065
R1_half_bound,0.15,0.1,0.15,undetermined,0.00175
R1_half_bound,0.15,0.1,0.15,reversed,0.00025
R2_reorder,0.15,0.1,0.15,flattened,0.93625
R2_reorder,0.15,0.1,0.15,missing,0.062
R2_reorder,0.15,0.1,0.15,kept,0.001
R2_reorder,0.15,0.1,0.15,undetermined,0.00075
R3_interval,0.15,0.1,0.15,missing or flattened,0.761
R3_interval,0.15,0.1,0.15,missing,0.214
R3_interval,0.15,0.1,0.15,reversed or missing,0.01575
R3_interval,0.15,0.1,0.15,undetermined,0.006
R3_interval,0.15,0.1,0.15,flattened or kept,0.00175
R3_interval,0.15,0.1,0.15,flattened,0.0015
R0_current,0.15,0.1,0.175,missing,0.99625
R0_current,0.15,0.1,0.175,kept,0.00275
R0_current,0.15,0.1,0.175,undetermined,0.001
R1_half_bound,0.15,0.1,0.175,missing,0.9055
R1_half_bound,0.15,0.1,0.175,flattened,0.09075
R1_half_bound,0.15,0.1,0.175,undetermined,0.00375
R2_reorder,0.15,0.1,0.175,flattened,0.954
R2_reorder,0.15,0.1,0.175,missing,0.04225
R2_reorder,0.15,0.1,0.175,kept,0.00275
R2_reorder,0.15,0.1,0.175,undetermined,0.001
R3_interval,0.15,0.1,0.175,missing or flattened,0.821
R3_interval,0.15,0.1,0.175,missing,0.151
R3_interval,0.15,0.1,0.175,reversed or missing,0.01075
R3_interval,0.15,0.1,0.175,undetermined,0.00875
R3_interval,0.15,0.1,0.175,flattened or kept,0.00475
R3_interval,0.15,0.1,0.175,flattened,0.00375
R0_current,0.15,0.1,0.2,missing,0.99225
R0_current,0.15,0.1,0.2,kept,0.0055
R0_current,0.15,0.1,0.2,undetermined,0.00225
R1_half_bound,0.15,0.1,0.2,missing,0.85525
R1_half_bound,0.15,0.1,0.2,flattened,0.137
R1_half_bound,0.15,0.1,0.2,undetermined,0.00775
R2_reorder,0.15,0.1,0.2,flattened,0.96825
R2_reorder,0.15,0.1,0.2,missing,0.024
R2_reorder,0.15,0.1,0.2,kept,0.0055
R2_reorder,0.15,0.1,0.2,undetermined,0.00225
R3_interval,0.15,0.1,0.2,missing or flattened,0.843
R3_interval,0.15,0.1,0.2,missing,0.1175
R3_interval,0.15,0.1,0.2,undetermined,0.0145
R3_interval,0.15,0.1,0.2,flattened or kept,0.01225
R3_interval,0.15,0.1,0.2,flattened,0.007
R3_interval,0.15,0.1,0.2,reversed or missing,0.00575
R0_current,0.15,0.1,0.225,missing,0.98825
R0_current,0.15,0.1,0.225,kept,0.00925
R0_current,0.15,0.1,0.225,undetermined,0.0025
R1_half_bound,0.15,0.1,0.225,missing,0.805
R1_half_bound,0.15,0.1,0.225,flattened,0.18325
R1_half_bound,0.15,0.1,0.225,undetermined,0.01175
R2_reorder,0.15,0.1,0.225,flattened,0.97525
R2_reorder,0.15,0.1,0.225,missing,0.013
R2_reorder,0.15,0.1,0.225,kept,0.00925
R2_reorder,0.15,0.1,0.225,undetermined,0.0025
R3_interval,0.15,0.1,0.225,missing or flattened,0.8775
R3_interval,0.15,0.1,0.225,missing,0.07425
R3_interval,0.15,0.1,0.225,flattened or kept,0.01775
R3_interval,0.15,0.1,0.225,undetermined,0.01675
R3_interval,0.15,0.1,0.225,flattened,0.01075
R3_interval,0.15,0.1,0.225,reversed or missing,0.003
R0_current,0.15,0.1,0.25,missing,0.98225
R0_current,0.15,0.1,0.25,kept,0.01475
R0_current,0.15,0.1,0.25,undetermined,0.003
R1_half_bound,0.15,0.1,0.25,missing,0.75625
R1_half_bound,0.15,0.1,0.25,flattened,0.226
R1_half_bound,0.15,0.1,0.25,undetermined,0.01775
R2_reorder,0.15,0.1,0.25,flattened,0.97625
R2_reorder,0.15,0.1,0.25,kept,0.01475
R2_reorder,0.15,0.1,0.25,missing,0.006
R2_reorder,0.15,0.1,0.25,undetermined,0.003
R3_interval,0.15,0.1,0.25,missing or flattened,0.88775
R3_interval,0.15,0.1,0.25,missing,0.0465
R3_interval,0.15,0.1,0.25,flattened or kept,0.03
R3_interval,0.15,0.1,0.25,undetermined,0.02
R3_interval,0.15,0.1,0.25,flattened,0.01525
R3_interval,0.15,0.1,0.25,reversed or missing,0.0005
R0_current,0.15,0.1,0.275,missing,0.98275
R0_current,0.15,0.1,0.275,kept,0.01475
R0_current,0.15,0.1,0.275,undetermined,0.0025
R1_half_bound,0.15,0.1,0.275,missing,0.68275
R1_half_bound,0.15,0.1,0.275,flattened,0.3
R1_half_bound,0.15,0.1,0.275,undetermined,0.01725
R2_reorder,0.15,0.1,0.275,flattened,0.9795
R2_reorder,0.15,0.1,0.275,kept,0.01475
R2_reorder,0.15,0.1,0.275,missing,0.00325
R2_reorder,0.15,0.1,0.275,undetermined,0.0025
R3_interval,0.15,0.1,0.275,missing or flattened,0.871
R3_interval,0.15,0.1,0.275,flattened or kept,0.04525
R3_interval,0.15,0.1,0.275,flattened,0.02925
R3_interval,0.15,0.1,0.275,missing,0.0285
R3_interval,0.15,0.1,0.275,undetermined,0.0255
R3_interval,0.15,0.1,0.275,reversed or missing,0.0005
R0_current,0.15,0.1,0.3,missing,0.97025
R0_current,0.15,0.1,0.3,kept,0.028
R0_current,0.15,0.1,0.3,undetermined,0.00175
R1_half_bound,0.15,0.1,0.3,missing,0.6035
R1_half_bound,0.15,0.1,0.3,flattened,0.36675
R1_half_bound,0.15,0.1,0.3,undetermined,0.02975
R2_reorder,0.15,0.1,0.3,flattened,0.969
R2_reorder,0.15,0.1,0.3,kept,0.028
R2_reorder,0.15,0.1,0.3,undetermined,0.00175
R2_reorder,0.15,0.1,0.3,missing,0.00125
R3_interval,0.15,0.1,0.3,missing or flattened,0.84725
R3_interval,0.15,0.1,0.3,flattened or kept,0.06975
R3_interval,0.15,0.1,0.3,flattened,0.047
R3_interval,0.15,0.1,0.3,undetermined,0.02
R3_interval,0.15,0.1,0.3,missing,0.016
R0_current,0.15,0.1,0.325,missing,0.961
R0_current,0.15,0.1,0.325,kept,0.037
R0_current,0.15,0.1,0.325,undetermined,0.002
R1_half_bound,0.15,0.1,0.325,missing,0.52975
R1_half_bound,0.15,0.1,0.325,flattened,0.43125
R1_half_bound,0.15,0.1,0.325,undetermined,0.039
R2_reorder,0.15,0.1,0.325,flattened,0.95975
R2_reorder,0.15,0.1,0.325,kept,0.037
R2_reorder,0.15,0.1,0.325,undetermined,0.002
R2_reorder,0.15,0.1,0.325,missing,0.00125
R3_interval,0.15,0.1,0.325,missing or flattened,0.79475
R3_interval,0.15,0.1,0.325,flattened or kept,0.0915
R3_interval,0.15,0.1,0.325,flattened,0.07675
R3_interval,0.15,0.1,0.325,undetermined,0.0285
R3_interval,0.15,0.1,0.325,missing,0.00825
R3_interval,0.15,0.1,0.325,reversed or missing,0.00025
R0_current,0.15,0.1,0.35,missing,0.9515
R0_current,0.15,0.1,0.35,kept,0.04775
R0_current,0.15,0.1,0.35,undetermined,0.00075
R1_half_bound,0.15,0.1,0.35,flattened,0.504
R1_half_bound,0.15,0.1,0.35,missing,0.4475
R1_half_bound,0.15,0.1,0.35,undetermined,0.04825
R1_half_bound,0.15,0.1,0.35,kept,0.00025
R2_reorder,0.15,0.1,0.35,flattened,0.95125
R2_reorder,0.15,0.1,0.35,kept,0.04775
R2_reorder,0.15,0.1,0.35,undetermined,0.00075
R2_reorder,0.15,0.1,0.35,missing,0.00025
R3_interval,0.15,0.1,0.35,missing or flattened,0.73575
R3_interval,0.15,0.1,0.35,flattened or kept,0.136
R3_interval,0.15,0.1,0.35,flattened,0.1
R3_interval,0.15,0.1,0.35,undetermined,0.02425
R3_interval,0.15,0.1,0.35,missing,0.004
R0_current,0.15,0.1,0.375,missing,0.9415
R0_current,0.15,0.1,0.375,kept,0.05825
R0_current,0.15,0.1,0.375,undetermined,0.00025
R1_half_bound,0.15,0.1,0.375,flattened,0.56875
R1_half_bound,0.15,0.1,0.375,missing,0.37275
R1_half_bound,0.15,0.1,0.375,undetermined,0.0585
R2_reorder,0.15,0.1,0.375,flattened,0.9415
R2_reorder,0.15,0.1,0.375,kept,0.05825
R2_reorder,0.15,0.1,0.375,undetermined,0.00025
R3_interval,0.15,0.1,0.375,missing or flattened,0.67025
R3_interval,0.15,0.1,0.375,flattened or kept,0.17375
R3_interval,0.15,0.1,0.375,flattened,0.13225
R3_interval,0.15,0.1,0.375,undetermined,0.0215
R3_interval,0.15,0.1,0.375,missing,0.00225
R0_current,0.15,0.1,0.4,missing,0.9125
R0_current,0.15,0.1,0.4,kept,0.08625
R0_current,0.15,0.1,0.4,undetermined,0.00125
R1_half_bound,0.15,0.1,0.4,flattened,0.6195
R1_half_bound,0.15,0.1,0.4,missing,0.293
R1_half_bound,0.15,0.1,0.4,undetermined,0.08725
R1_half_bound,0.15,0.1,0.4,kept,0.00025
R2_reorder,0.15,0.1,0.4,flattened,0.9125
R2_reorder,0.15,0.1,0.4,kept,0.08625
R2_reorder,0.15,0.1,0.4,undetermined,0.00125
R3_interval,0.15,0.1,0.4,missing or flattened,0.5715
R3_interval,0.15,0.1,0.4,flattened or kept,0.2255
R3_interval,0.15,0.1,0.4,flattened,0.1765
R3_interval,0.15,0.1,0.4,undetermined,0.02525
R3_interval,0.15,0.1,0.4,missing,0.00125
R0_current,0.15,0.1,0.425,missing,0.89275
R0_current,0.15,0.1,0.425,kept,0.10675
R0_current,0.15,0.1,0.425,undetermined,0.0005
R1_half_bound,0.15,0.1,0.425,flattened,0.666
R1_half_bound,0.15,0.1,0.425,missing,0.22675
R1_half_bound,0.15,0.1,0.425,undetermined,0.107
R1_half_bound,0.15,0.1,0.425,kept,0.00025
R2_reorder,0.15,0.1,0.425,flattened,0.89275
R2_reorder,0.15,0.1,0.425,kept,0.10675
R2_reorder,0.15,0.1,0.425,undetermined,0.0005
R3_interval,0.15,0.1,0.425,missing or flattened,0.488
R3_interval,0.15,0.1,0.425,flattened or kept,0.2765
R3_interval,0.15,0.1,0.425,flattened,0.208
R3_interval,0.15,0.1,0.425,undetermined,0.0275
R0_current,0.15,0.1,0.45,missing,0.85925
R0_current,0.15,0.1,0.45,kept,0.14075
R1_half_bound,0.15,0.1,0.45,flattened,0.6815
R1_half_bound,0.15,0.1,0.45,missing,0.17775
R1_half_bound,0.15,0.1,0.45,undetermined,0.13825
R1_half_bound,0.15,0.1,0.45,kept,0.0025
R2_reorder,0.15,0.1,0.45,flattened,0.85925
R2_reorder,0.15,0.1,0.45,kept,0.14075
R3_interval,0.15,0.1,0.45,missing or flattened,0.39725
R3_interval,0.15,0.1,0.45,flattened or kept,0.346
R3_interval,0.15,0.1,0.45,flattened,0.2255
R3_interval,0.15,0.1,0.45,undetermined,0.03125
R0_current,0.15,0.1,0.475,missing,0.824
R0_current,0.15,0.1,0.475,kept,0.176
R1_half_bound,0.15,0.1,0.475,flattened,0.69475
R1_half_bound,0.15,0.1,0.475,undetermined,0.1725
R1_half_bound,0.15,0.1,0.475,missing,0.12925
R1_half_bound,0.15,0.1,0.475,kept,0.0035
R2_reorder,0.15,0.1,0.475,flattened,0.824
R2_reorder,0.15,0.1,0.475,kept,0.176
R3_interval,0.15,0.1,0.475,flattened or kept,0.406
R3_interval,0.15,0.1,0.475,missing or flattened,0.315
R3_interval,0.15,0.1,0.475,flattened,0.24875
R3_interval,0.15,0.1,0.475,undetermined,0.02925
R3_interval,0.15,0.1,0.475,kept or steepened,0.001
R0_current,0.15,0.1,0.5,missing,0.7965
R0_current,0.15,0.1,0.5,kept,0.20325
R0_current,0.15,0.1,0.5,undetermined,0.00025
R1_half_bound,0.15,0.1,0.5,flattened,0.70225
R1_half_bound,0.15,0.1,0.5,undetermined,0.195
R1_half_bound,0.15,0.1,0.5,missing,0.09425
R1_half_bound,0.15,0.1,0.5,kept,0.0085
R2_reorder,0.15,0.1,0.5,flattened,0.7965
R2_reorder,0.15,0.1,0.5,kept,0.20325
R2_reorder,0.15,0.1,0.5,undetermined,0.00025
R3_interval,0.15,0.1,0.5,flattened or kept,0.45
R3_interval,0.15,0.1,0.5,flattened,0.2745
R3_interval,0.15,0.1,0.5,missing or flattened,0.2355
R3_interval,0.15,0.1,0.5,undetermined,0.0395
R3_interval,0.15,0.1,0.5,kept or steepened,0.00025
R3_interval,0.15,0.1,0.5,missing,0.00025
R0_current,0.15,0.1,0.525,missing,0.736
R0_current,0.15,0.1,0.525,kept,0.264
R1_half_bound,0.15,0.1,0.525,flattened,0.6635
R1_half_bound,0.15,0.1,0.525,undetermined,0.2515
R1_half_bound,0.15,0.1,0.525,missing,0.0725
R1_half_bound,0.15,0.1,0.525,kept,0.0125
R2_reorder,0.15,0.1,0.525,flattened,0.736
R2_reorder,0.15,0.1,0.525,kept,0.264
R3_interval,0.15,0.1,0.525,flattened or kept,0.5155
R3_interval,0.15,0.1,0.525,flattened,0.26025
R3_interval,0.15,0.1,0.525,missing or flattened,0.18225
R3_interval,0.15,0.1,0.525,undetermined,0.0405
R3_interval,0.15,0.1,0.525,kept or steepened,0.0015
R0_current,0.15,0.1,0.55,missing,0.70425
R0_current,0.15,0.1,0.55,kept,0.2955
R0_current,0.15,0.1,0.55,undetermined,0.00025
R1_half_bound,0.15,0.1,0.55,flattened,0.66125
R1_half_bound,0.15,0.1,0.55,undetermined,0.27275
R1_half_bound,0.15,0.1,0.55,missing,0.043
R1_half_bound,0.15,0.1,0.55,kept,0.023
R2_reorder,0.15,0.1,0.55,flattened,0.70425
R2_reorder,0.15,0.1,0.55,kept,0.2955
R2_reorder,0.15,0.1,0.55,undetermined,0.00025
R3_interval,0.15,0.1,0.55,flattened or kept,0.57625
R3_interval,0.15,0.1,0.55,flattened,0.25825
R3_interval,0.15,0.1,0.55,missing or flattened,0.11575
R3_interval,0.15,0.1,0.55,undetermined,0.04875
R3_interval,0.15,0.1,0.55,kept or steepened,0.001
R0_current,0.15,0.1,0.575,missing,0.65975
R0_current,0.15,0.1,0.575,kept,0.34025
R1_half_bound,0.15,0.1,0.575,flattened,0.6345
R1_half_bound,0.15,0.1,0.575,undetermined,0.3015
R1_half_bound,0.15,0.1,0.575,kept,0.03875
R1_half_bound,0.15,0.1,0.575,missing,0.02525
R2_reorder,0.15,0.1,0.575,flattened,0.65975
R2_reorder,0.15,0.1,0.575,kept,0.34025
R3_interval,0.15,0.1,0.575,flattened or kept,0.6135
R3_interval,0.15,0.1,0.575,flattened,0.2415
R3_interval,0.15,0.1,0.575,missing or flattened,0.0815
R3_interval,0.15,0.1,0.575,undetermined,0.06075
R3_interval,0.15,0.1,0.575,kept or steepened,0.00275
R0_current,0.15,0.1,0.6,missing,0.59175
R0_current,0.15,0.1,0.6,kept,0.408
R0_current,0.15,0.1,0.6,undetermined,0.00025
R1_half_bound,0.15,0.1,0.6,flattened,0.572
R1_half_bound,0.15,0.1,0.6,undetermined,0.35925
R1_half_bound,0.15,0.1,0.6,kept,0.049
R1_half_bound,0.15,0.1,0.6,missing,0.01975
R2_reorder,0.15,0.1,0.6,flattened,0.59175
R2_reorder,0.15,0.1,0.6,kept,0.408
R2_reorder,0.15,0.1,0.6,undetermined,0.00025
R3_interval,0.15,0.1,0.6,flattened or kept,0.67025
R3_interval,0.15,0.1,0.6,flattened,0.19425
R3_interval,0.15,0.1,0.6,undetermined,0.08125
R3_interval,0.15,0.1,0.6,missing or flattened,0.0505
R3_interval,0.15,0.1,0.6,kept or steepened,0.00375
R0_current,0.15,0.1,0.625,missing,0.5445
R0_current,0.15,0.1,0.625,kept,0.45475
R0_current,0.15,0.1,0.625,undetermined,0.00075
R1_half_bound,0.15,0.1,0.625,flattened,0.53575
R1_half_bound,0.15,0.1,0.625,undetermined,0.38
R1_half_bound,0.15,0.1,0.625,kept,0.0755
R1_half_bound,0.15,0.1,0.625,missing,0.00875
R2_reorder,0.15,0.1,0.625,flattened,0.5445
R2_reorder,0.15,0.1,0.625,kept,0.45475
R2_reorder,0.15,0.1,0.625,undetermined,0.00075
R3_interval,0.15,0.1,0.625,flattened or kept,0.70475
R3_interval,0.15,0.1,0.625,flattened,0.171
R3_interval,0.15,0.1,0.625,undetermined,0.086
R3_interval,0.15,0.1,0.625,missing or flattened,0.03025
R3_interval,0.15,0.1,0.625,kept or steepened,0.008
R0_current,0.15,0.1,0.65,missing,0.50025
R0_current,0.15,0.1,0.65,kept,0.499
R0_current,0.15,0.1,0.65,undetermined,0.00075
R1_half_bound,0.15,0.1,0.65,flattened,0.49275
R1_half_bound,0.15,0.1,0.65,undetermined,0.39875
R1_half_bound,0.15,0.1,0.65,kept,0.101
R1_half_bound,0.15,0.1,0.65,missing,0.0075
R2_reorder,0.15,0.1,0.65,flattened,0.50025
R2_reorder,0.15,0.1,0.65,kept,0.499
R2_reorder,0.15,0.1,0.65,undetermined,0.00075
R3_interval,0.15,0.1,0.65,flattened or kept,0.72875
R3_interval,0.15,0.1,0.65,flattened,0.139
R3_interval,0.15,0.1,0.65,undetermined,0.103
R3_interval,0.15,0.1,0.65,missing or flattened,0.019
R3_interval,0.15,0.1,0.65,kept or steepened,0.01025
R0_current,0.15,0.1,0.675,kept,0.58875
R0_current,0.15,0.1,0.675,missing,0.41125
R1_half_bound,0.15,0.1,0.675,undetermined,0.44
R1_half_bound,0.15,0.1,0.675,flattened,0.407
R1_half_bound,0.15,0.1,0.675,kept,0.14875
R1_half_bound,0.15,0.1,0.675,missing,0.00425
R2_reorder,0.15,0.1,0.675,kept,0.58875
R2_reorder,0.15,0.1,0.675,flattened,0.41125
R3_interval,0.15,0.1,0.675,flattened or kept,0.7375
R3_interval,0.15,0.1,0.675,undetermined,0.12725
R3_interval,0.15,0.1,0.675,flattened,0.1115
R3_interval,0.15,0.1,0.675,kept or steepened,0.01575
R3_interval,0.15,0.1,0.675,missing or flattened,0.008
R0_current,0.15,0.1,0.7,kept,0.61975
R0_current,0.15,0.1,0.7,missing,0.379
R0_current,0.15,0.1,0.7,undetermined,0.001
R0_current,0.15,0.1,0.7,steepened,0.00025
R1_half_bound,0.15,0.1,0.7,undetermined,0.4315
R1_half_bound,0.15,0.1,0.7,flattened,0.37775
R1_half_bound,0.15,0.1,0.7,kept,0.18925
R1_half_bound,0.15,0.1,0.7,missing,0.00125
R1_half_bound,0.15,0.1,0.7,steepened,0.00025
R2_reorder,0.15,0.1,0.7,kept,0.61975
R2_reorder,0.15,0.1,0.7,flattened,0.379
R2_reorder,0.15,0.1,0.7,undetermined,0.001
R2_reorder,0.15,0.1,0.7,steepened,0.00025
R3_interval,0.15,0.1,0.7,flattened or kept,0.73675
R3_interval,0.15,0.1,0.7,undetermined,0.1455
R3_interval,0.15,0.1,0.7,flattened,0.08725
R3_interval,0.15,0.1,0.7,kept or steepened,0.02525
R3_interval,0.15,0.1,0.7,missing or flattened,0.00525
R0_current,0.15,0.1,0.725,kept,0.6735
R0_current,0.15,0.1,0.725,missing,0.3255
R0_current,0.15,0.1,0.725,undetermined,0.00075
R0_current,0.15,0.1,0.725,steepened,0.00025
R1_half_bound,0.15,0.1,0.725,undetermined,0.4085
R1_half_bound,0.15,0.1,0.725,flattened,0.324
R1_half_bound,0.15,0.1,0.725,kept,0.26575
R1_half_bound,0.15,0.1,0.725,missing,0.0015
R1_half_bound,0.15,0.1,0.725,steepened,0.00025
R2_reorder,0.15,0.1,0.725,kept,0.6735
R2_reorder,0.15,0.1,0.725,flattened,0.3255
R2_reorder,0.15,0.1,0.725,undetermined,0.00075
R2_reorder,0.15,0.1,0.725,steepened,0.00025
R3_interval,0.15,0.1,0.725,flattened or kept,0.721
R3_interval,0.15,0.1,0.725,undetermined,0.17675
R3_interval,0.15,0.1,0.725,flattened,0.067
R3_interval,0.15,0.1,0.725,kept or steepened,0.0325
R3_interval,0.15,0.1,0.725,missing or flattened,0.00275
R0_current,0.15,0.1,0.75,kept,0.72
R0_current,0.15,0.1,0.75,missing,0.27875
R0_current,0.15,0.1,0.75,undetermined,0.00075
R0_current,0.15,0.1,0.75,steepened,0.0005
R1_half_bound,0.15,0.1,0.75,undetermined,0.399
R1_half_bound,0.15,0.1,0.75,kept,0.32175
R1_half_bound,0.15,0.1,0.75,flattened,0.27825
R1_half_bound,0.15,0.1,0.75,missing,0.0005
R1_half_bound,0.15,0.1,0.75,steepened,0.0005
R2_reorder,0.15,0.1,0.75,kept,0.72
R2_reorder,0.15,0.1,0.75,flattened,0.27875
R2_reorder,0.15,0.1,0.75,undetermined,0.00075
R2_reorder,0.15,0.1,0.75,steepened,0.0005
R3_interval,0.15,0.1,0.75,flattened or kept,0.71075
R3_interval,0.15,0.1,0.75,undetermined,0.19325
R3_interval,0.15,0.1,0.75,kept or steepened,0.04825
R3_interval,0.15,0.1,0.75,flattened,0.047
R3_interval,0.15,0.1,0.75,missing or flattened,0.00075
R0_current,0.15,0.1,0.775,kept,0.76625
R0_current,0.15,0.1,0.775,missing,0.23075
R0_current,0.15,0.1,0.775,undetermined,0.00175
R0_current,0.15,0.1,0.775,steepened,0.00125
R1_half_bound,0.15,0.1,0.775,undetermined,0.39225
R1_half_bound,0.15,0.1,0.775,kept,0.37575
R1_half_bound,0.15,0.1,0.775,flattened,0.23025
R1_half_bound,0.15,0.1,0.775,steepened,0.00125
R1_half_bound,0.15,0.1,0.775,missing,0.0005
R2_reorder,0.15,0.1,0.775,kept,0.76625
R2_reorder,0.15,0.1,0.775,flattened,0.23075
R2_reorder,0.15,0.1,0.775,undetermined,0.00175
R2_reorder,0.15,0.1,0.775,steepened,0.00125
R3_interval,0.15,0.1,0.775,flattened or kept,0.6835
R3_interval,0.15,0.1,0.775,undetermined,0.2085
R3_interval,0.15,0.1,0.775,kept or steepened,0.07375
R3_interval,0.15,0.1,0.775,flattened,0.0335
R3_interval,0.15,0.1,0.775,missing or flattened,0.0005
R3_interval,0.15,0.1,0.775,steepened,0.00025
R0_current,0.15,0.1,0.8,kept,0.80375
R0_current,0.15,0.1,0.8,missing,0.1945
R0_current,0.15,0.1,0.8,undetermined,0.00125
R0_current,0.15,0.1,0.8,steepened,0.0005
R1_half_bound,0.15,0.1,0.8,kept,0.43925
R1_half_bound,0.15,0.1,0.8,undetermined,0.36575
R1_half_bound,0.15,0.1,0.8,flattened,0.1945
R1_half_bound,0.15,0.1,0.8,steepened,0.0005
R2_reorder,0.15,0.1,0.8,kept,0.80375
R2_reorder,0.15,0.1,0.8,flattened,0.1945
R2_reorder,0.15,0.1,0.8,undetermined,0.00125
R2_reorder,0.15,0.1,0.8,steepened,0.0005
R3_interval,0.15,0.1,0.8,flattened or kept,0.662
R3_interval,0.15,0.1,0.8,undetermined,0.22775
R3_interval,0.15,0.1,0.8,kept or steepened,0.08675
R3_interval,0.15,0.1,0.8,flattened,0.02325
R3_interval,0.15,0.1,0.8,steepened,0.00025
R0_current,0.15,0.1,0.825,kept,0.82825
R0_current,0.15,0.1,0.825,missing,0.168
R0_current,0.15,0.1,0.825,steepened,0.0025
R0_current,0.15,0.1,0.825,undetermined,0.00125
R1_half_bound,0.15,0.1,0.825,kept,0.51725
R1_half_bound,0.15,0.1,0.825,undetermined,0.31225
R1_half_bound,0.15,0.1,0.825,flattened,0.168
R1_half_bound,0.15,0.1,0.825,steepened,0.0025
R2_reorder,0.15,0.1,0.825,kept,0.82825
R2_reorder,0.15,0.1,0.825,flattened,0.168
R2_reorder,0.15,0.1,0.825,steepened,0.0025
R2_reorder,0.15,0.1,0.825,undetermined,0.00125
R3_interval,0.15,0.1,0.825,flattened or kept,0.62625
R3_interval,0.15,0.1,0.825,undetermined,0.23525
R3_interval,0.15,0.1,0.825,kept or steepened,0.12175
R3_interval,0.15,0.1,0.825,flattened,0.01675
R0_current,0.15,0.1,0.85,kept,0.86675
R0_current,0.15,0.1,0.85,missing,0.1305
R0_current,0.15,0.1,0.85,steepened,0.0015
R0_current,0.15,0.1,0.85,undetermined,0.00125
R1_half_bound,0.15,0.1,0.85,kept,0.588
R1_half_bound,0.15,0.1,0.85,undetermined,0.28
R1_half_bound,0.15,0.1,0.85,flattened,0.1305
R1_half_bound,0.15,0.1,0.85,steepened,0.0015
R2_reorder,0.15,0.1,0.85,kept,0.86675
R2_reorder,0.15,0.1,0.85,flattened,0.1305
R2_reorder,0.15,0.1,0.85,steepened,0.0015
R2_reorder,0.15,0.1,0.85,undetermined,0.00125
R3_interval,0.15,0.1,0.85,flattened or kept,0.58425
R3_interval,0.15,0.1,0.85,undetermined,0.248
R3_interval,0.15,0.1,0.85,kept or steepened,0.15775
R3_interval,0.15,0.1,0.85,flattened,0.01
R0_current,0.15,0.1,0.875,kept,0.892
R0_current,0.15,0.1,0.875,missing,0.105
R0_current,0.15,0.1,0.875,steepened,0.00225
R0_current,0.15,0.1,0.875,undetermined,0.00075
R1_half_bound,0.15,0.1,0.875,kept,0.6445
R1_half_bound,0.15,0.1,0.875,undetermined,0.24825
R1_half_bound,0.15,0.1,0.875,flattened,0.105
R1_half_bound,0.15,0.1,0.875,steepened,0.00225
R2_reorder,0.15,0.1,0.875,kept,0.892
R2_reorder,0.15,0.1,0.875,flattened,0.105
R2_reorder,0.15,0.1,0.875,steepened,0.00225
R2_reorder,0.15,0.1,0.875,undetermined,0.00075
R3_interval,0.15,0.1,0.875,flattened or kept,0.5535
R3_interval,0.15,0.1,0.875,undetermined,0.245
R3_interval,0.15,0.1,0.875,kept or steepened,0.195
R3_interval,0.15,0.1,0.875,flattened,0.0065
R0_current,0.15,0.1,0.9,kept,0.92375
R0_current,0.15,0.1,0.9,missing,0.0705
R0_current,0.15,0.1,0.9,steepened,0.00475
R0_current,0.15,0.1,0.9,undetermined,0.001
R1_half_bound,0.15,0.1,0.9,kept,0.69075
R1_half_bound,0.15,0.1,0.9,undetermined,0.234
R1_half_bound,0.15,0.1,0.9,flattened,0.07025
R1_half_bound,0.15,0.1,0.9,steepened,0.00475
R1_half_bound,0.15,0.1,0.9,missing,0.00025
R2_reorder,0.15,0.1,0.9,kept,0.92375
R2_reorder,0.15,0.1,0.9,flattened,0.0705
R2_reorder,0.15,0.1,0.9,steepened,0.00475
R2_reorder,0.15,0.1,0.9,undetermined,0.001
R3_interval,0.15,0.1,0.9,flattened or kept,0.4905
R3_interval,0.15,0.1,0.9,kept or steepened,0.2665
R3_interval,0.15,0.1,0.9,undetermined,0.2395
R3_interval,0.15,0.1,0.9,flattened,0.00275
R3_interval,0.15,0.1,0.9,steepened,0.0005
R3_interval,0.15,0.1,0.9,missing or flattened,0.00025
R0_current,0.15,0.1,0.925,kept,0.9285
R0_current,0.15,0.1,0.925,missing,0.0585
R0_current,0.15,0.1,0.925,steepened,0.00975
R0_current,0.15,0.1,0.925,undetermined,0.00325
R1_half_bound,0.15,0.1,0.925,kept,0.7025
R1_half_bound,0.15,0.1,0.925,undetermined,0.22925
R1_half_bound,0.15,0.1,0.925,flattened,0.0585
R1_half_bound,0.15,0.1,0.925,steepened,0.00975
R2_reorder,0.15,0.1,0.925,kept,0.9285
R2_reorder,0.15,0.1,0.925,flattened,0.0585
R2_reorder,0.15,0.1,0.925,steepened,0.00975
R2_reorder,0.15,0.1,0.925,undetermined,0.00325
R3_interval,0.15,0.1,0.925,flattened or kept,0.4515
R3_interval,0.15,0.1,0.925,kept or steepened,0.311
R3_interval,0.15,0.1,0.925,undetermined,0.23375
R3_interval,0.15,0.1,0.925,flattened,0.002
R3_interval,0.15,0.1,0.925,steepened,0.00175
R0_current,0.15,0.1,0.95,kept,0.94
R0_current,0.15,0.1,0.95,missing,0.0495
R0_current,0.15,0.1,0.95,steepened,0.00925
R0_current,0.15,0.1,0.95,undetermined,0.00125
R1_half_bound,0.15,0.1,0.95,kept,0.7385
R1_half_bound,0.15,0.1,0.95,undetermined,0.20275
R1_half_bound,0.15,0.1,0.95,flattened,0.0495
R1_half_bound,0.15,0.1,0.95,steepened,0.00925
R2_reorder,0.15,0.1,0.95,kept,0.94
R2_reorder,0.15,0.1,0.95,flattened,0.0495
R2_reorder,0.15,0.1,0.95,steepened,0.00925
R2_reorder,0.15,0.1,0.95,undetermined,0.00125
R3_interval,0.15,0.1,0.95,flattened or kept,0.4025
R3_interval,0.15,0.1,0.95,kept or steepened,0.3705
R3_interval,0.15,0.1,0.95,undetermined,0.22475
R3_interval,0.15,0.1,0.95,flattened,0.0015
R3_interval,0.15,0.1,0.95,steepened,0.00075
R0_current,0.15,0.1,0.975,kept,0.953
R0_current,0.15,0.1,0.975,missing,0.02875
R0_current,0.15,0.1,0.975,steepened,0.01725
R0_current,0.15,0.1,0.975,undetermined,0.001
R1_half_bound,0.15,0.1,0.975,kept,0.74425
R1_half_bound,0.15,0.1,0.975,undetermined,0.20975
R1_half_bound,0.15,0.1,0.975,flattened,0.02875
R1_half_bound,0.15,0.1,0.975,steepened,0.01725
R2_reorder,0.15,0.1,0.975,kept,0.953
R2_reorder,0.15,0.1,0.975,flattened,0.02875
R2_reorder,0.15,0.1,0.975,steepened,0.01725
R2_reorder,0.15,0.1,0.975,undetermined,0.001
R3_interval,0.15,0.1,0.975,kept or steepened,0.4315
R3_interval,0.15,0.1,0.975,flattened or kept,0.365
R3_interval,0.15,0.1,0.975,undetermined,0.201
R3_interval,0.15,0.1,0.975,steepened,0.00175
R3_interval,0.15,0.1,0.975,flattened,0.0005
R3_interval,0.15,0.1,0.975,kept,0.00025
R0_current,0.15,0.1,1.0,kept,0.9515
R0_current,0.15,0.1,1.0,missing,0.024
R0_current,0.15,0.1,1.0,steepened,0.02375
R0_current,0.15,0.1,1.0,undetermined,0.00075
R1_half_bound,0.15,0.1,1.0,kept,0.73975
R1_half_bound,0.15,0.1,1.0,undetermined,0.2125
R1_half_bound,0.15,0.1,1.0,flattened,0.024
R1_half_bound,0.15,0.1,1.0,steepened,0.02375
R2_reorder,0.15,0.1,1.0,kept,0.9515
R2_reorder,0.15,0.1,1.0,flattened,0.024
R2_reorder,0.15,0.1,1.0,steepened,0.02375
R2_reorder,0.15,0.1,1.0,undetermined,0.00075
R3_interval,0.15,0.1,1.0,kept or steepened,0.50075
R3_interval,0.15,0.1,1.0,flattened or kept,0.314
R3_interval,0.15,0.1,1.0,undetermined,0.1815
R3_interval,0.15,0.1,1.0,steepened,0.003
R3_interval,0.15,0.1,1.0,kept,0.00075
R0_current,0.15,0.1,1.025,kept,0.946
R0_current,0.15,0.1,1.025,steepened,0.03975
R0_current,0.15,0.1,1.025,missing,0.0135
R0_current,0.15,0.1,1.025,undetermined,0.00075
R1_half_bound,0.15,0.1,1.025,kept,0.72725
R1_half_bound,0.15,0.1,1.025,undetermined,0.2195
R1_half_bound,0.15,0.1,1.025,steepened,0.03975
R1_half_bound,0.15,0.1,1.025,flattened,0.0135
R2_reorder,0.15,0.1,1.025,kept,0.946
R2_reorder,0.15,0.1,1.025,steepened,0.03975
R2_reorder,0.15,0.1,1.025,flattened,0.0135
R2_reorder,0.15,0.1,1.025,undetermined,0.00075
R3_interval,0.15,0.1,1.025,kept or steepened,0.57475
R3_interval,0.15,0.1,1.025,flattened or kept,0.2635
R3_interval,0.15,0.1,1.025,undetermined,0.15575
R3_interval,0.15,0.1,1.025,steepened,0.00425
R3_interval,0.15,0.1,1.025,kept,0.0015
R3_interval,0.15,0.1,1.025,flattened,0.00025
R0_current,0.15,0.1,1.05,kept,0.9385
R0_current,0.15,0.1,1.05,steepened,0.04725
R0_current,0.15,0.1,1.05,missing,0.0135
R0_current,0.15,0.1,1.05,undetermined,0.00075
R1_half_bound,0.15,0.1,1.05,kept,0.694
R1_half_bound,0.15,0.1,1.05,undetermined,0.24525
R1_half_bound,0.15,0.1,1.05,steepened,0.04725
R1_half_bound,0.15,0.1,1.05,flattened,0.0135
R2_reorder,0.15,0.1,1.05,kept,0.9385
R2_reorder,0.15,0.1,1.05,steepened,0.04725
R2_reorder,0.15,0.1,1.05,flattened,0.0135
R2_reorder,0.15,0.1,1.05,undetermined,0.00075
R3_interval,0.15,0.1,1.05,kept or steepened,0.61975
R3_interval,0.15,0.1,1.05,flattened or kept,0.2455
R3_interval,0.15,0.1,1.05,undetermined,0.1255
R3_interval,0.15,0.1,1.05,steepened,0.0065
R3_interval,0.15,0.1,1.05,kept,0.00275
R0_current,0.15,0.1,1.075,kept,0.93175
R0_current,0.15,0.1,1.075,steepened,0.05825
R0_current,0.15,0.1,1.075,missing,0.01
R1_half_bound,0.15,0.1,1.075,kept,0.68925
R1_half_bound,0.15,0.1,1.075,undetermined,0.2425
R1_half_bound,0.15,0.1,1.075,steepened,0.05825
R1_half_bound,0.15,0.1,1.075,flattened,0.01
R2_reorder,0.15,0.1,1.075,kept,0.93175
R2_reorder,0.15,0.1,1.075,steepened,0.05825
R2_reorder,0.15,0.1,1.075,flattened,0.01
R3_interval,0.15,0.1,1.075,kept or steepened,0.6795
R3_interval,0.15,0.1,1.075,flattened or kept,0.2015
R3_interval,0.15,0.1,1.075,undetermined,0.1095
R3_interval,0.15,0.1,1.075,steepened,0.005
R3_interval,0.15,0.1,1.075,kept,0.0045
R0_current,0.15,0.1,1.1,kept,0.9175
R0_current,0.15,0.1,1.1,steepened,0.07775
R0_current,0.15,0.1,1.1,missing,0.00475
R1_half_bound,0.15,0.1,1.1,kept,0.66075
R1_half_bound,0.15,0.1,1.1,undetermined,0.25675
R1_half_bound,0.15,0.1,1.1,steepened,0.07775
R1_half_bound,0.15,0.1,1.1,flattened,0.00475
R2_reorder,0.15,0.1,1.1,kept,0.9175
R2_reorder,0.15,0.1,1.1,steepened,0.07775
R2_reorder,0.15,0.1,1.1,flattened,0.00475
R3_interval,0.15,0.1,1.1,kept or steepened,0.73225
R3_interval,0.15,0.1,1.1,flattened or kept,0.16875
R3_interval,0.15,0.1,1.1,undetermined,0.08575
R3_interval,0.15,0.1,1.1,steepened,0.01025
R3_interval,0.15,0.1,1.1,kept,0.003
R0_current,0.15,0.1,1.125,kept,0.89125
R0_current,0.15,0.1,1.125,steepened,0.1035
R0_current,0.15,0.1,1.125,missing,0.005
R0_current,0.15,0.1,1.125,undetermined,0.00025
R1_half_bound,0.15,0.1,1.125,kept,0.61025
R1_half_bound,0.15,0.1,1.125,undetermined,0.28125
R1_half_bound,0.15,0.1,1.125,steepened,0.1035
R1_half_bound,0.15,0.1,1.125,flattened,0.005
R2_reorder,0.15,0.1,1.125,kept,0.89125
R2_reorder,0.15,0.1,1.125,steepened,0.1035
R2_reorder,0.15,0.1,1.125,flattened,0.005
R2_reorder,0.15,0.1,1.125,undetermined,0.00025
R3_interval,0.15,0.1,1.125,kept or steepened,0.77975
R3_interval,0.15,0.1,1.125,flattened or kept,0.13825
R3_interval,0.15,0.1,1.125,undetermined,0.06225
R3_interval,0.15,0.1,1.125,steepened,0.0145
R3_interval,0.15,0.1,1.125,kept,0.00525
R0_current,0.15,0.1,1.15,kept,0.86525
R0_current,0.15,0.1,1.15,steepened,0.13275
R0_current,0.15,0.1,1.15,missing,0.002
R1_half_bound,0.15,0.1,1.15,kept,0.56825
R1_half_bound,0.15,0.1,1.15,undetermined,0.297
R1_half_bound,0.15,0.1,1.15,steepened,0.13275
R1_half_bound,0.15,0.1,1.15,flattened,0.002
R2_reorder,0.15,0.1,1.15,kept,0.86525
R2_reorder,0.15,0.1,1.15,steepened,0.13275
R2_reorder,0.15,0.1,1.15,flattened,0.002
R3_interval,0.15,0.1,1.15,kept or steepened,0.82425
R3_interval,0.15,0.1,1.15,flattened or kept,0.1075
R3_interval,0.15,0.1,1.15,undetermined,0.04225
R3_interval,0.15,0.1,1.15,steepened,0.02075
R3_interval,0.15,0.1,1.15,kept,0.00525
R0_current,0.15,0.1,1.175,kept,0.82525
R0_current,0.15,0.1,1.175,steepened,0.17325
R0_current,0.15,0.1,1.175,missing,0.0015
R1_half_bound,0.15,0.1,1.175,kept,0.52875
R1_half_bound,0.15,0.1,1.175,undetermined,0.2965
R1_half_bound,0.15,0.1,1.175,steepened,0.17325
R1_half_bound,0.15,0.1,1.175,flattened,0.0015
R2_reorder,0.15,0.1,1.175,kept,0.82525
R2_reorder,0.15,0.1,1.175,steepened,0.17325
R2_reorder,0.15,0.1,1.175,flattened,0.0015
R3_interval,0.15,0.1,1.175,kept or steepened,0.85475
R3_interval,0.15,0.1,1.175,flattened or kept,0.07925
R3_interval,0.15,0.1,1.175,undetermined,0.034
R3_interval,0.15,0.1,1.175,steepened,0.0245
R3_interval,0.15,0.1,1.175,kept,0.0075
R0_current,0.15,0.1,1.2,kept,0.813
R0_current,0.15,0.1,1.2,steepened,0.1855
R0_current,0.15,0.1,1.2,missing,0.00125
R0_current,0.15,0.1,1.2,undetermined,0.00025
R1_half_bound,0.15,0.1,1.2,kept,0.51125
R1_half_bound,0.15,0.1,1.2,undetermined,0.302
R1_half_bound,0.15,0.1,1.2,steepened,0.1855
R1_half_bound,0.15,0.1,1.2,flattened,0.00125
R2_reorder,0.15,0.1,1.2,kept,0.813
R2_reorder,0.15,0.1,1.2,steepened,0.1855
R2_reorder,0.15,0.1,1.2,flattened,0.00125
R2_reorder,0.15,0.1,1.2,undetermined,0.00025
R3_interval,0.15,0.1,1.2,kept or steepened,0.8745
R3_interval,0.15,0.1,1.2,flattened or kept,0.067
R3_interval,0.15,0.1,1.2,steepened,0.0265
R3_interval,0.15,0.1,1.2,undetermined,0.0235
R3_interval,0.15,0.1,1.2,kept,0.0085
R0_current,0.15,0.1,1.225,kept,0.76625
R0_current,0.15,0.1,1.225,steepened,0.2335
R0_current,0.15,0.1,1.225,missing,0.00025
R1_half_bound,0.15,0.1,1.225,kept,0.45325
R1_half_bound,0.15,0.1,1.225,undetermined,0.313
R1_half_bound,0.15,0.1,1.225,steepened,0.2335
R1_half_bound,0.15,0.1,1.225,flattened,0.00025
R2_reorder,0.15,0.1,1.225,kept,0.76625
R2_reorder,0.15,0.1,1.225,steepened,0.2335
R2_reorder,0.15,0.1,1.225,flattened,0.00025
R3_interval,0.15,0.1,1.225,kept or steepened,0.88775
R3_interval,0.15,0.1,1.225,flattened or kept,0.049
R3_interval,0.15,0.1,1.225,steepened,0.03875
R3_interval,0.15,0.1,1.225,undetermined,0.0155
R3_interval,0.15,0.1,1.225,kept,0.009
R0_current,0.15,0.1,1.25,kept,0.71875
R0_current,0.15,0.1,1.25,steepened,0.2805
R0_current,0.15,0.1,1.25,missing,0.00075
R1_half_bound,0.15,0.1,1.25,kept,0.4285
R1_half_bound,0.15,0.1,1.25,undetermined,0.29025
R1_half_bound,0.15,0.1,1.25,steepened,0.2805
R1_half_bound,0.15,0.1,1.25,flattened,0.00075
R2_reorder,0.15,0.1,1.25,kept,0.71875
R2_reorder,0.15,0.1,1.25,steepened,0.2805
R2_reorder,0.15,0.1,1.25,flattened,0.00075
R3_interval,0.15,0.1,1.25,kept or steepened,0.89
R3_interval,0.15,0.1,1.25,steepened,0.04975
R3_interval,0.15,0.1,1.25,flattened or kept,0.04
R3_interval,0.15,0.1,1.25,kept,0.013
R3_interval,0.15,0.1,1.25,undetermined,0.00725
R0_current,0.15,0.1,1.275,kept,0.66975
R0_current,0.15,0.1,1.275,steepened,0.33025
R1_half_bound,0.15,0.1,1.275,kept,0.388
R1_half_bound,0.15,0.1,1.275,steepened,0.33025
R1_half_bound,0.15,0.1,1.275,undetermined,0.28175
R2_reorder,0.15,0.1,1.275,kept,0.66975
R2_reorder,0.15,0.1,1.275,steepened,0.33025
R3_interval,0.15,0.1,1.275,kept or steepened,0.8965
R3_interval,0.15,0.1,1.275,steepened,0.06225
R3_interval,0.15,0.1,1.275,flattened or kept,0.0255
R3_interval,0.15,0.1,1.275,kept,0.01125
R3_interval,0.15,0.1,1.275,undetermined,0.0045
R0_current,0.15,0.1,1.3,kept,0.62175
R0_current,0.15,0.1,1.3,steepened,0.37825
R1_half_bound,0.15,0.1,1.3,steepened,0.37825
R1_half_bound,0.15,0.1,1.3,kept,0.34525
R1_half_bound,0.15,0.1,1.3,undetermined,0.2765
R2_reorder,0.15,0.1,1.3,kept,0.62175
R2_reorder,0.15,0.1,1.3,steepened,0.37825
R3_interval,0.15,0.1,1.3,kept or steepened,0.89425
R3_interval,0.15,0.1,1.3,steepened,0.073
R3_interval,0.15,0.1,1.3,flattened or kept,0.02075
R3_interval,0.15,0.1,1.3,kept,0.00825
R3_interval,0.15,0.1,1.3,undetermined,0.00375
R0_current,0.15,0.1,1.325,kept,0.57225
R0_current,0.15,0.1,1.325,steepened,0.42775
R1_half_bound,0.15,0.1,1.325,steepened,0.42775
R1_half_bound,0.15,0.1,1.325,kept,0.3065
R1_half_bound,0.15,0.1,1.325,undetermined,0.26575
R2_reorder,0.15,0.1,1.325,kept,0.57225
R2_reorder,0.15,0.1,1.325,steepened,0.42775
R3_interval,0.15,0.1,1.325,kept or steepened,0.8825
R3_interval,0.15,0.1,1.325,steepened,0.09475
R3_interval,0.15,0.1,1.325,kept,0.01175
R3_interval,0.15,0.1,1.325,flattened or kept,0.00925
R3_interval,0.15,0.1,1.325,undetermined,0.00175
R0_current,0.15,0.1,1.35,kept,0.51825
R0_current,0.15,0.1,1.35,steepened,0.48175
R1_half_bound,0.15,0.1,1.35,steepened,0.48175
R1_half_bound,0.15,0.1,1.35,kept,0.27525
R1_half_bound,0.15,0.1,1.35,undetermined,0.243
R2_reorder,0.15,0.1,1.35,kept,0.51825
R2_reorder,0.15,0.1,1.35,steepened,0.48175
R3_interval,0.15,0.1,1.35,kept or steepened,0.86125
R3_interval,0.15,0.1,1.35,steepened,0.1235
R3_interval,0.15,0.1,1.35,flattened or kept,0.0075
R3_interval,0.15,0.1,1.35,kept,0.00675
R3_interval,0.15,0.1,1.35,undetermined,0.001
R0_current,0.15,0.1,1.375,steepened,0.5545
R0_current,0.15,0.1,1.375,kept,0.4455
R1_half_bound,0.15,0.1,1.375,steepened,0.5545
R1_half_bound,0.15,0.1,1.375,kept,0.23725
R1_half_bound,0.15,0.1,1.375,undetermined,0.20825
R2_reorder,0.15,0.1,1.375,steepened,0.5545
R2_reorder,0.15,0.1,1.375,kept,0.4455
R3_interval,0.15,0.1,1.375,kept or steepened,0.8305
R3_interval,0.15,0.1,1.375,steepened,0.154
R3_interval,0.15,0.1,1.375,flattened or kept,0.0085
R3_interval,0.15,0.1,1.375,kept,0.00675
R3_interval,0.15,0.1,1.375,undetermined,0.00025
R0_current,0.15,0.1,1.4,steepened,0.60525
R0_current,0.15,0.1,1.4,kept,0.39475
R1_half_bound,0.15,0.1,1.4,steepened,0.60525
R1_half_bound,0.15,0.1,1.4,kept,0.20475
R1_half_bound,0.15,0.1,1.4,undetermined,0.19
R2_reorder,0.15,0.1,1.4,steepened,0.60525
R2_reorder,0.15,0.1,1.4,kept,0.39475
R3_interval,0.15,0.1,1.4,kept or steepened,0.8185
R3_interval,0.15,0.1,1.4,steepened,0.17325
R3_interval,0.15,0.1,1.4,flattened or kept,0.004
R3_interval,0.15,0.1,1.4,kept,0.00375
R3_interval,0.15,0.1,1.4,undetermined,0.0005
R0_current,0.15,0.1,1.425,steepened,0.65825
R0_current,0.15,0.1,1.425,kept,0.34175
R1_half_bound,0.15,0.1,1.425,steepened,0.65825
R1_half_bound,0.15,0.1,1.425,kept,0.18375
R1_half_bound,0.15,0.1,1.425,undetermined,0.158
R2_reorder,0.15,0.1,1.425,steepened,0.65825
R2_reorder,0.15,0.1,1.425,kept,0.34175
R3_interval,0.15,0.1,1.425,kept or steepened,0.7865
R3_interval,0.15,0.1,1.425,steepened,0.20625
R3_interval,0.15,0.1,1.425,kept,0.00475
R3_interval,0.15,0.1,1.425,flattened or kept,0.00225
R3_interval,0.15,0.1,1.425,undetermined,0.00025
R0_current,0.15,0.1,1.45,steepened,0.7
R0_current,0.15,0.1,1.45,kept,0.3
R1_half_bound,0.15,0.1,1.45,steepened,0.7
R1_half_bound,0.15,0.1,1.45,kept,0.1535
R1_half_bound,0.15,0.1,1.45,undetermined,0.1465
R2_reorder,0.15,0.1,1.45,steepened,0.7
R2_reorder,0.15,0.1,1.45,kept,0.3
R3_interval,0.15,0.1,1.45,kept or steepened,0.7535
R3_interval,0.15,0.1,1.45,steepened,0.24175
R3_interval,0.15,0.1,1.45,kept,0.004
R3_interval,0.15,0.1,1.45,flattened or kept,0.00075
R0_current,0.15,0.1,1.475,steepened,0.75075
R0_current,0.15,0.1,1.475,kept,0.24925
R1_half_bound,0.15,0.1,1.475,steepened,0.75075
R1_half_bound,0.15,0.1,1.475,kept,0.13525
R1_half_bound,0.15,0.1,1.475,undetermined,0.114
R2_reorder,0.15,0.1,1.475,steepened,0.75075
R2_reorder,0.15,0.1,1.475,kept,0.24925
R3_interval,0.15,0.1,1.475,kept or steepened,0.71625
R3_interval,0.15,0.1,1.475,steepened,0.281
R3_interval,0.15,0.1,1.475,flattened or kept,0.0015
R3_interval,0.15,0.1,1.475,kept,0.00125
R0_current,0.15,0.1,1.5,steepened,0.77375
R0_current,0.15,0.1,1.5,kept,0.22625
R1_half_bound,0.15,0.1,1.5,steepened,0.77375
R1_half_bound,0.15,0.1,1.5,kept,0.121
R1_half_bound,0.15,0.1,1.5,undetermined,0.10525
R2_reorder,0.15,0.1,1.5,steepened,0.77375
R2_reorder,0.15,0.1,1.5,kept,0.22625
R3_interval,0.15,0.1,1.5,kept or steepened,0.67525
R3_interval,0.15,0.1,1.5,steepened,0.3215
R3_interval,0.15,0.1,1.5,kept,0.00275
R3_interval,0.15,0.1,1.5,flattened or kept,0.0005
R0_current,0.15,0.1,1.525,steepened,0.8255
R0_current,0.15,0.1,1.525,kept,0.1745
R1_half_bound,0.15,0.1,1.525,steepened,0.8255
R1_half_bound,0.15,0.1,1.525,kept,0.094
R1_half_bound,0.15,0.1,1.525,undetermined,0.0805
R2_reorder,0.15,0.1,1.525,steepened,0.8255
R2_reorder,0.15,0.1,1.525,kept,0.1745
R3_interval,0.15,0.1,1.525,kept or steepened,0.63725
R3_interval,0.15,0.1,1.525,steepened,0.36225
R3_interval,0.15,0.1,1.525,kept,0.0005
R0_current,0.15,0.1,1.55,steepened,0.86325
R0_current,0.15,0.1,1.55,kept,0.13675
R1_half_bound,0.15,0.1,1.55,steepened,0.86325
R1_half_bound,0.15,0.1,1.55,kept,0.07375
R1_half_bound,0.15,0.1,1.55,undetermined,0.063
R2_reorder,0.15,0.1,1.55,steepened,0.86325
R2_reorder,0.15,0.1,1.55,kept,0.13675
R3_interval,0.15,0.1,1.55,kept or steepened,0.59
R3_interval,0.15,0.1,1.55,steepened,0.40975
R3_interval,0.15,0.1,1.55,kept,0.00025
R0_current,0.15,0.1,1.575,steepened,0.892
R0_current,0.15,0.1,1.575,kept,0.108
R1_half_bound,0.15,0.1,1.575,steepened,0.892
R1_half_bound,0.15,0.1,1.575,kept,0.062
R1_half_bound,0.15,0.1,1.575,undetermined,0.046
R2_reorder,0.15,0.1,1.575,steepened,0.892
R2_reorder,0.15,0.1,1.575,kept,0.108
R3_interval,0.15,0.1,1.575,kept or steepened,0.5535
R3_interval,0.15,0.1,1.575,steepened,0.4455
R3_interval,0.15,0.1,1.575,kept,0.00075
R3_interval,0.15,0.1,1.575,flattened or kept,0.00025
R0_current,0.15,0.1,1.6,steepened,0.9145
R0_current,0.15,0.1,1.6,kept,0.0855
R1_half_bound,0.15,0.1,1.6,steepened,0.9145
R1_half_bound,0.15,0.1,1.6,kept,0.05425
R1_half_bound,0.15,0.1,1.6,undetermined,0.03125
R2_reorder,0.15,0.1,1.6,steepened,0.9145
R2_reorder,0.15,0.1,1.6,kept,0.0855
R3_interval,0.15,0.1,1.6,steepened,0.50075
R3_interval,0.15,0.1,1.6,kept or steepened,0.4985
R3_interval,0.15,0.1,1.6,kept,0.00075
R0_current,0.15,0.1,1.625,steepened,0.9335
R0_current,0.15,0.1,1.625,kept,0.0665
R1_half_bound,0.15,0.1,1.625,steepened,0.9335
R1_half_bound,0.15,0.1,1.625,kept,0.04225
R1_half_bound,0.15,0.1,1.625,undetermined,0.02425
R2_reorder,0.15,0.1,1.625,steepened,0.9335
R2_reorder,0.15,0.1,1.625,kept,0.0665
R3_interval,0.15,0.1,1.625,steepened,0.534
R3_interval,0.15,0.1,1.625,kept or steepened,0.4655
R3_interval,0.15,0.1,1.625,kept,0.0005
R0_current,0.15,0.1,1.65,steepened,0.94825
R0_current,0.15,0.1,1.65,kept,0.05175
R1_half_bound,0.15,0.1,1.65,steepened,0.94825
R1_half_bound,0.15,0.1,1.65,kept,0.0375
R1_half_bound,0.15,0.1,1.65,undetermined,0.01425
R2_reorder,0.15,0.1,1.65,steepened,0.94825
R2_reorder,0.15,0.1,1.65,kept,0.05175
R3_interval,0.15,0.1,1.65,steepened,0.592
R3_interval,0.15,0.1,1.65,kept or steepened,0.408
R0_current,0.15,0.1,1.675,steepened,0.96175
R0_current,0.15,0.1,1.675,kept,0.03825
R1_half_bound,0.15,0.1,1.675,steepened,0.96175
R1_half_bound,0.15,0.1,1.675,kept,0.02475
R1_half_bound,0.15,0.1,1.675,undetermined,0.0135
R2_reorder,0.15,0.1,1.675,steepened,0.96175
R2_reorder,0.15,0.1,1.675,kept,0.03825
R3_interval,0.15,0.1,1.675,steepened,0.6295
R3_interval,0.15,0.1,1.675,kept or steepened,0.37
R3_interval,0.15,0.1,1.675,kept,0.0005
R0_current,0.15,0.1,1.7,steepened,0.9725
R0_current,0.15,0.1,1.7,kept,0.0275
R1_half_bound,0.15,0.1,1.7,steepened,0.9725
R1_half_bound,0.15,0.1,1.7,kept,0.02
R1_half_bound,0.15,0.1,1.7,undetermined,0.0075
R2_reorder,0.15,0.1,1.7,steepened,0.9725
R2_reorder,0.15,0.1,1.7,kept,0.0275
R3_interval,0.15,0.1,1.7,steepened,0.6815
R3_interval,0.15,0.1,1.7,kept or steepened,0.3185
R0_current,0.15,0.1,1.725,steepened,0.98075
R0_current,0.15,0.1,1.725,kept,0.01925
R1_half_bound,0.15,0.1,1.725,steepened,0.98075
R1_half_bound,0.15,0.1,1.725,kept,0.0135
R1_half_bound,0.15,0.1,1.725,undetermined,0.00575
R2_reorder,0.15,0.1,1.725,steepened,0.98075
R2_reorder,0.15,0.1,1.725,kept,0.01925
R3_interval,0.15,0.1,1.725,steepened,0.72
R3_interval,0.15,0.1,1.725,kept or steepened,0.27975
R3_interval,0.15,0.1,1.725,kept,0.00025
R0_current,0.15,0.1,1.75,steepened,0.98375
R0_current,0.15,0.1,1.75,kept,0.01625
R1_half_bound,0.15,0.1,1.75,steepened,0.98375
R1_half_bound,0.15,0.1,1.75,kept,0.0125
R1_half_bound,0.15,0.1,1.75,undetermined,0.00375
R2_reorder,0.15,0.1,1.75,steepened,0.98375
R2_reorder,0.15,0.1,1.75,kept,0.01625
R3_interval,0.15,0.1,1.75,steepened,0.757
R3_interval,0.15,0.1,1.75,kept or steepened,0.243
R0_current,0.15,0.1,1.775,steepened,0.99075
R0_current,0.15,0.1,1.775,kept,0.00925
R1_half_bound,0.15,0.1,1.775,steepened,0.99075
R1_half_bound,0.15,0.1,1.775,kept,0.00775
R1_half_bound,0.15,0.1,1.775,undetermined,0.0015
R2_reorder,0.15,0.1,1.775,steepened,0.99075
R2_reorder,0.15,0.1,1.775,kept,0.00925
R3_interval,0.15,0.1,1.775,steepened,0.8005
R3_interval,0.15,0.1,1.775,kept or steepened,0.1995
R0_current,0.15,0.1,1.8,steepened,0.99325
R0_current,0.15,0.1,1.8,kept,0.00675
R1_half_bound,0.15,0.1,1.8,steepened,0.99325
R1_half_bound,0.15,0.1,1.8,kept,0.006
R1_half_bound,0.15,0.1,1.8,undetermined,0.00075
R2_reorder,0.15,0.1,1.8,steepened,0.99325
R2_reorder,0.15,0.1,1.8,kept,0.00675
R3_interval,0.15,0.1,1.8,steepened,0.82425
R3_interval,0.15,0.1,1.8,kept or steepened,0.17575
R0_current,0.15,0.1,1.825,steepened,0.99525
R0_current,0.15,0.1,1.825,kept,0.00475
R1_half_bound,0.15,0.1,1.825,steepened,0.99525
R1_half_bound,0.15,0.1,1.825,kept,0.0045
R1_half_bound,0.15,0.1,1.825,undetermined,0.00025
R2_reorder,0.15,0.1,1.825,steepened,0.99525
R2_reorder,0.15,0.1,1.825,kept,0.00475
R3_interval,0.15,0.1,1.825,steepened,0.85775
R3_interval,0.15,0.1,1.825,kept or steepened,0.14225
R0_current,0.15,0.1,1.85,steepened,0.9965
R0_current,0.15,0.1,1.85,kept,0.0035
R1_half_bound,0.15,0.1,1.85,steepened,0.9965
R1_half_bound,0.15,0.1,1.85,kept,0.00325
R1_half_bound,0.15,0.1,1.85,undetermined,0.00025
R2_reorder,0.15,0.1,1.85,steepened,0.9965
R2_reorder,0.15,0.1,1.85,kept,0.0035
R3_interval,0.15,0.1,1.85,steepened,0.87125
R3_interval,0.15,0.1,1.85,kept or steepened,0.12875
R0_current,0.15,0.1,1.875,steepened,0.9985
R0_current,0.15,0.1,1.875,kept,0.0015
R1_half_bound,0.15,0.1,1.875,steepened,0.9985
R1_half_bound,0.15,0.1,1.875,kept,0.0015
R2_reorder,0.15,0.1,1.875,steepened,0.9985
R2_reorder,0.15,0.1,1.875,kept,0.0015
R3_interval,0.15,0.1,1.875,steepened,0.89775
R3_interval,0.15,0.1,1.875,kept or steepened,0.10225
R0_current,0.15,0.1,1.9,steepened,0.9985
R0_current,0.15,0.1,1.9,kept,0.0015
R1_half_bound,0.15,0.1,1.9,steepened,0.9985
R1_half_bound,0.15,0.1,1.9,kept,0.0015
R2_reorder,0.15,0.1,1.9,steepened,0.9985
R2_reorder,0.15,0.1,1.9,kept,0.0015
R3_interval,0.15,0.1,1.9,steepened,0.915
R3_interval,0.15,0.1,1.9,kept or steepened,0.085
R0_current,0.15,0.1,1.925,steepened,0.9995
R0_current,0.15,0.1,1.925,kept,0.0005
R1_half_bound,0.15,0.1,1.925,steepened,0.9995
R1_half_bound,0.15,0.1,1.925,kept,0.0005
R2_reorder,0.15,0.1,1.925,steepened,0.9995
R2_reorder,0.15,0.1,1.925,kept,0.0005
R3_interval,0.15,0.1,1.925,steepened,0.9405
R3_interval,0.15,0.1,1.925,kept or steepened,0.0595
R0_current,0.15,0.1,1.95,steepened,0.99975
R0_current,0.15,0.1,1.95,kept,0.00025
R1_half_bound,0.15,0.1,1.95,steepened,0.99975
R1_half_bound,0.15,0.1,1.95,kept,0.00025
R2_reorder,0.15,0.1,1.95,steepened,0.99975
R2_reorder,0.15,0.1,1.95,kept,0.00025
R3_interval,0.15,0.1,1.95,steepened,0.94375
R3_interval,0.15,0.1,1.95,kept or steepened,0.05625
R0_current,0.15,0.1,1.975,steepened,0.99975
R0_current,0.15,0.1,1.975,kept,0.00025
R1_half_bound,0.15,0.1,1.975,steepened,0.99975
R1_half_bound,0.15,0.1,1.975,kept,0.00025
R2_reorder,0.15,0.1,1.975,steepened,0.99975
R2_reorder,0.15,0.1,1.975,kept,0.00025
R3_interval,0.15,0.1,1.975,steepened,0.95675
R3_interval,0.15,0.1,1.975,kept or steepened,0.04325
R0_current,0.15,0.1,2.0,steepened,0.99975
R0_current,0.15,0.1,2.0,kept,0.00025
R1_half_bound,0.15,0.1,2.0,steepened,0.99975
R1_half_bound,0.15,0.1,2.0,kept,0.00025
R2_reorder,0.15,0.1,2.0,steepened,0.99975
R2_reorder,0.15,0.1,2.0,kept,0.00025
R3_interval,0.15,0.1,2.0,steepened,0.97
R3_interval,0.15,0.1,2.0,kept or steepened,0.03
R0_current,0.15,0.2,-0.75,reversed,0.62925
R0_current,0.15,0.2,-0.75,missing,0.37075
R1_half_bound,0.15,0.2,-0.75,reversed,0.996
R1_half_bound,0.15,0.2,-0.75,missing,0.004
R2_reorder,0.15,0.2,-0.75,reversed,0.62925
R2_reorder,0.15,0.2,-0.75,missing,0.37025
R2_reorder,0.15,0.2,-0.75,flattened,0.0005
R3_interval,0.15,0.2,-0.75,reversed,0.78025
R3_interval,0.15,0.2,-0.75,reversed or missing,0.21875
R3_interval,0.15,0.2,-0.75,undetermined,0.001
R0_current,0.15,0.2,-0.725,reversed,0.591
R0_current,0.15,0.2,-0.725,missing,0.409
R1_half_bound,0.15,0.2,-0.725,reversed,0.996
R1_half_bound,0.15,0.2,-0.725,missing,0.004
R2_reorder,0.15,0.2,-0.725,reversed,0.591
R2_reorder,0.15,0.2,-0.725,missing,0.409
R3_interval,0.15,0.2,-0.725,reversed,0.762
R3_interval,0.15,0.2,-0.725,reversed or missing,0.238
R0_current,0.15,0.2,-0.7,reversed,0.5415
R0_current,0.15,0.2,-0.7,missing,0.4585
R1_half_bound,0.15,0.2,-0.7,reversed,0.99325
R1_half_bound,0.15,0.2,-0.7,missing,0.00675
R2_reorder,0.15,0.2,-0.7,reversed,0.5415
R2_reorder,0.15,0.2,-0.7,missing,0.4585
R3_interval,0.15,0.2,-0.7,reversed,0.69825
R3_interval,0.15,0.2,-0.7,reversed or missing,0.2995
R3_interval,0.15,0.2,-0.7,undetermined,0.00225
R0_current,0.15,0.2,-0.675,reversed,0.519
R0_current,0.15,0.2,-0.675,missing,0.481
R1_half_bound,0.15,0.2,-0.675,reversed,0.989
R1_half_bound,0.15,0.2,-0.675,missing,0.011
R2_reorder,0.15,0.2,-0.675,reversed,0.519
R2_reorder,0.15,0.2,-0.675,missing,0.48075
R2_reorder,0.15,0.2,-0.675,flattened,0.00025
R3_interval,0.15,0.2,-0.675,reversed,0.6795
R3_interval,0.15,0.2,-0.675,reversed or missing,0.318
R3_interval,0.15,0.2,-0.675,undetermined,0.0025
R0_current,0.15,0.2,-0.65,missing,0.5355
R0_current,0.15,0.2,-0.65,reversed,0.4645
R1_half_bound,0.15,0.2,-0.65,reversed,0.98575
R1_half_bound,0.15,0.2,-0.65,missing,0.01425
R2_reorder,0.15,0.2,-0.65,missing,0.535
R2_reorder,0.15,0.2,-0.65,reversed,0.4645
R2_reorder,0.15,0.2,-0.65,flattened,0.0005
R3_interval,0.15,0.2,-0.65,reversed,0.61725
R3_interval,0.15,0.2,-0.65,reversed or missing,0.38
R3_interval,0.15,0.2,-0.65,undetermined,0.0025
R3_interval,0.15,0.2,-0.65,missing,0.00025
R0_current,0.15,0.2,-0.625,missing,0.584
R0_current,0.15,0.2,-0.625,reversed,0.416
R1_half_bound,0.15,0.2,-0.625,reversed,0.9845
R1_half_bound,0.15,0.2,-0.625,missing,0.01525
R1_half_bound,0.15,0.2,-0.625,flattened,0.00025
R2_reorder,0.15,0.2,-0.625,missing,0.58275
R2_reorder,0.15,0.2,-0.625,reversed,0.416
R2_reorder,0.15,0.2,-0.625,flattened,0.00125
R3_interval,0.15,0.2,-0.625,reversed,0.57075
R3_interval,0.15,0.2,-0.625,reversed or missing,0.424
R3_interval,0.15,0.2,-0.625,undetermined,0.005
R3_interval,0.15,0.2,-0.625,missing or flattened,0.00025
R0_current,0.15,0.2,-0.6,missing,0.61475
R0_current,0.15,0.2,-0.6,reversed,0.38525
R1_half_bound,0.15,0.2,-0.6,reversed,0.97625
R1_half_bound,0.15,0.2,-0.6,missing,0.02375
R2_reorder,0.15,0.2,-0.6,missing,0.613
R2_reorder,0.15,0.2,-0.6,reversed,0.38525
R2_reorder,0.15,0.2,-0.6,flattened,0.00175
R3_interval,0.15,0.2,-0.6,reversed,0.521
R3_interval,0.15,0.2,-0.6,reversed or missing,0.47075
R3_interval,0.15,0.2,-0.6,undetermined,0.0075
R3_interval,0.15,0.2,-0.6,missing or flattened,0.00075
R0_current,0.15,0.2,-0.575,missing,0.645
R0_current,0.15,0.2,-0.575,reversed,0.355
R1_half_bound,0.15,0.2,-0.575,reversed,0.96775
R1_half_bound,0.15,0.2,-0.575,missing,0.032
R1_half_bound,0.15,0.2,-0.575,flattened,0.00025
R2_reorder,0.15,0.2,-0.575,missing,0.64325
R2_reorder,0.15,0.2,-0.575,reversed,0.355
R2_reorder,0.15,0.2,-0.575,flattened,0.00175
R3_interval,0.15,0.2,-0.575,reversed or missing,0.51475
R3_interval,0.15,0.2,-0.575,reversed,0.47625
R3_interval,0.15,0.2,-0.575,undetermined,0.00875
R3_interval,0.15,0.2,-0.575,missing or flattened,0.00025
R0_current,0.15,0.2,-0.55,missing,0.68675
R0_current,0.15,0.2,-0.55,reversed,0.31325
R1_half_bound,0.15,0.2,-0.55,reversed,0.95925
R1_half_bound,0.15,0.2,-0.55,missing,0.04075
R2_reorder,0.15,0.2,-0.55,missing,0.6845
R2_reorder,0.15,0.2,-0.55,reversed,0.31325
R2_reorder,0.15,0.2,-0.55,flattened,0.00225
R3_interval,0.15,0.2,-0.55,reversed or missing,0.56
R3_interval,0.15,0.2,-0.55,reversed,0.42775
R3_interval,0.15,0.2,-0.55,undetermined,0.011
R3_interval,0.15,0.2,-0.55,missing or flattened,0.001
R3_interval,0.15,0.2,-0.55,missing,0.00025
R0_current,0.15,0.2,-0.525,missing,0.71625
R0_current,0.15,0.2,-0.525,reversed,0.28375
R1_half_bound,0.15,0.2,-0.525,reversed,0.9495
R1_half_bound,0.15,0.2,-0.525,missing,0.04975
R1_half_bound,0.15,0.2,-0.525,flattened,0.00075
R2_reorder,0.15,0.2,-0.525,missing,0.70925
R2_reorder,0.15,0.2,-0.525,reversed,0.28375
R2_reorder,0.15,0.2,-0.525,flattened,0.007
R3_interval,0.15,0.2,-0.525,reversed or missing,0.596
R3_interval,0.15,0.2,-0.525,reversed,0.38825
R3_interval,0.15,0.2,-0.525,undetermined,0.01375
R3_interval,0.15,0.2,-0.525,missing or flattened,0.002
R0_current,0.15,0.2,-0.5,missing,0.7575
R0_current,0.15,0.2,-0.5,reversed,0.24225
R0_current,0.15,0.2,-0.5,undetermined,0.00025
R1_half_bound,0.15,0.2,-0.5,reversed,0.933
R1_half_bound,0.15,0.2,-0.5,missing,0.0665
R1_half_bound,0.15,0.2,-0.5,flattened,0.00025
R1_half_bound,0.15,0.2,-0.5,undetermined,0.00025
R2_reorder,0.15,0.2,-0.5,missing,0.75125
R2_reorder,0.15,0.2,-0.5,reversed,0.24225
R2_reorder,0.15,0.2,-0.5,flattened,0.00625
R2_reorder,0.15,0.2,-0.5,undetermined,0.00025
R3_interval,0.15,0.2,-0.5,reversed or missing,0.64225
R3_interval,0.15,0.2,-0.5,reversed,0.33475
R3_interval,0.15,0.2,-0.5,undetermined,0.02125
R3_interval,0.15,0.2,-0.5,missing or flattened,0.00175
R0_current,0.15,0.2,-0.475,missing,0.784
R0_current,0.15,0.2,-0.475,reversed,0.216
R1_half_bound,0.15,0.2,-0.475,reversed,0.9285
R1_half_bound,0.15,0.2,-0.475,missing,0.07
R1_half_bound,0.15,0.2,-0.475,flattened,0.0015
R2_reorder,0.15,0.2,-0.475,missing,0.77525
R2_reorder,0.15,0.2,-0.475,reversed,0.216
R2_reorder,0.15,0.2,-0.475,flattened,0.00875
R3_interval,0.15,0.2,-0.475,reversed or missing,0.67925
R3_interval,0.15,0.2,-0.475,reversed,0.2965
R3_interval,0.15,0.2,-0.475,undetermined,0.0215
R3_interval,0.15,0.2,-0.475,missing or flattened,0.00275
R0_current,0.15,0.2,-0.45,missing,0.80525
R0_current,0.15,0.2,-0.45,reversed,0.19475
R1_half_bound,0.15,0.2,-0.45,reversed,0.90825
R1_half_bound,0.15,0.2,-0.45,missing,0.09025
R1_half_bound,0.15,0.2,-0.45,flattened,0.0015
R2_reorder,0.15,0.2,-0.45,missing,0.7935
R2_reorder,0.15,0.2,-0.45,reversed,0.19475
R2_reorder,0.15,0.2,-0.45,flattened,0.01175
R3_interval,0.15,0.2,-0.45,reversed or missing,0.69875
R3_interval,0.15,0.2,-0.45,reversed,0.26375
R3_interval,0.15,0.2,-0.45,undetermined,0.03325
R3_interval,0.15,0.2,-0.45,missing or flattened,0.00425
R0_current,0.15,0.2,-0.425,missing,0.83475
R0_current,0.15,0.2,-0.425,reversed,0.16525
R1_half_bound,0.15,0.2,-0.425,reversed,0.87625
R1_half_bound,0.15,0.2,-0.425,missing,0.12075
R1_half_bound,0.15,0.2,-0.425,flattened,0.003
R2_reorder,0.15,0.2,-0.425,missing,0.81625
R2_reorder,0.15,0.2,-0.425,reversed,0.16525
R2_reorder,0.15,0.2,-0.425,flattened,0.0185
R3_interval,0.15,0.2,-0.425,reversed or missing,0.7315
R3_interval,0.15,0.2,-0.425,reversed,0.2145
R3_interval,0.15,0.2,-0.425,undetermined,0.046
R3_interval,0.15,0.2,-0.425,missing or flattened,0.00775
R3_interval,0.15,0.2,-0.425,missing,0.00025
R0_current,0.15,0.2,-0.4,missing,0.85875
R0_current,0.15,0.2,-0.4,reversed,0.141
R0_current,0.15,0.2,-0.4,undetermined,0.00025
R1_half_bound,0.15,0.2,-0.4,reversed,0.8675
R1_half_bound,0.15,0.2,-0.4,missing,0.129
R1_half_bound,0.15,0.2,-0.4,flattened,0.00325
R1_half_bound,0.15,0.2,-0.4,undetermined,0.00025
R2_reorder,0.15,0.2,-0.4,missing,0.8385
R2_reorder,0.15,0.2,-0.4,reversed,0.141
R2_reorder,0.15,0.2,-0.4,flattened,0.02025
R2_reorder,0.15,0.2,-0.4,undetermined,0.00025
R3_interval,0.15,0.2,-0.4,reversed or missing,0.7575
R3_interval,0.15,0.2,-0.4,reversed,0.184
R3_interval,0.15,0.2,-0.4,undetermined,0.0505
R3_interval,0.15,0.2,-0.4,missing or flattened,0.00775
R3_interval,0.15,0.2,-0.4,missing,0.00025
R0_current,0.15,0.2,-0.375,missing,0.8805
R0_current,0.15,0.2,-0.375,reversed,0.1195
R1_half_bound,0.15,0.2,-0.375,reversed,0.83125
R1_half_bound,0.15,0.2,-0.375,missing,0.16325
R1_half_bound,0.15,0.2,-0.375,flattened,0.0055
R2_reorder,0.15,0.2,-0.375,missing,0.8455
R2_reorder,0.15,0.2,-0.375,reversed,0.1195
R2_reorder,0.15,0.2,-0.375,flattened,0.035
R3_interval,0.15,0.2,-0.375,reversed or missing,0.77025
R3_interval,0.15,0.2,-0.375,reversed,0.1475
R3_interval,0.15,0.2,-0.375,undetermined,0.069
R3_interval,0.15,0.2,-0.375,missing or flattened,0.01325
R0_current,0.15,0.2,-0.35,missing,0.9035
R0_current,0.15,0.2,-0.35,reversed,0.09625
R0_current,0.15,0.2,-0.35,undetermined,0.00025
R1_half_bound,0.15,0.2,-0.35,reversed,0.79275
R1_half_bound,0.15,0.2,-0.35,missing,0.202
R1_half_bound,0.15,0.2,-0.35,flattened,0.005
R1_half_bound,0.15,0.2,-0.35,undetermined,0.00025
R2_reorder,0.15,0.2,-0.35,missing,0.8665
R2_reorder,0.15,0.2,-0.35,reversed,0.09625
R2_reorder,0.15,0.2,-0.35,flattened,0.037
R2_reorder,0.15,0.2,-0.35,undetermined,0.00025
R3_interval,0.15,0.2,-0.35,reversed or missing,0.78025
R3_interval,0.15,0.2,-0.35,reversed,0.1195
R3_interval,0.15,0.2,-0.35,undetermined,0.08575
R3_interval,0.15,0.2,-0.35,missing or flattened,0.0145
R0_current,0.15,0.2,-0.325,missing,0.918
R0_current,0.15,0.2,-0.325,reversed,0.0815
R0_current,0.15,0.2,-0.325,kept,0.0005
R1_half_bound,0.15,0.2,-0.325,reversed,0.75375
R1_half_bound,0.15,0.2,-0.325,missing,0.237
R1_half_bound,0.15,0.2,-0.325,flattened,0.00875
R1_half_bound,0.15,0.2,-0.325,undetermined,0.0005
R2_reorder,0.15,0.2,-0.325,missing,0.86925
R2_reorder,0.15,0.2,-0.325,reversed,0.0815
R2_reorder,0.15,0.2,-0.325,flattened,0.04875
R2_reorder,0.15,0.2,-0.325,kept,0.0005
R3_interval,0.15,0.2,-0.325,reversed or missing,0.7725
R3_interval,0.15,0.2,-0.325,undetermined,0.10475
R3_interval,0.15,0.2,-0.325,reversed,0.10425
R3_interval,0.15,0.2,-0.325,missing or flattened,0.0185
R0_current,0.15,0.2,-0.3,missing,0.92425
R0_current,0.15,0.2,-0.3,reversed,0.075
R0_current,0.15,0.2,-0.3,undetermined,0.0005
R0_current,0.15,0.2,-0.3,kept,0.00025
R1_half_bound,0.15,0.2,-0.3,reversed,0.73175
R1_half_bound,0.15,0.2,-0.3,missing,0.254
R1_half_bound,0.15,0.2,-0.3,flattened,0.0135
R1_half_bound,0.15,0.2,-0.3,undetermined,0.00075
R2_reorder,0.15,0.2,-0.3,missing,0.8625
R2_reorder,0.15,0.2,-0.3,reversed,0.075
R2_reorder,0.15,0.2,-0.3,flattened,0.06175
R2_reorder,0.15,0.2,-0.3,undetermined,0.0005
R2_reorder,0.15,0.2,-0.3,kept,0.00025
R3_interval,0.15,0.2,-0.3,reversed or missing,0.7705
R3_interval,0.15,0.2,-0.3,undetermined,0.119
R3_interval,0.15,0.2,-0.3,reversed,0.08175
R3_interval,0.15,0.2,-0.3,missing or flattened,0.028
R3_interval,0.15,0.2,-0.3,missing,0.00075
R0_current,0.15,0.2,-0.275,missing,0.9405
R0_current,0.15,0.2,-0.275,reversed,0.058
R0_current,0.15,0.2,-0.275,undetermined,0.00125
R0_current,0.15,0.2,-0.275,kept,0.00025
R1_half_bound,0.15,0.2,-0.275,reversed,0.68425
R1_half_bound,0.15,0.2,-0.275,missing,0.295
R1_half_bound,0.15,0.2,-0.275,flattened,0.01925
R1_half_bound,0.15,0.2,-0.275,undetermined,0.0015
R2_reorder,0.15,0.2,-0.275,missing,0.856
R2_reorder,0.15,0.2,-0.275,flattened,0.0845
R2_reorder,0.15,0.2,-0.275,reversed,0.058
R2_reorder,0.15,0.2,-0.275,undetermined,0.00125
R2_reorder,0.15,0.2,-0.275,kept,0.00025
R3_interval,0.15,0.2,-0.275,reversed or missing,0.7615
R3_interval,0.15,0.2,-0.275,undetermined,0.143
R3_interval,0.15,0.2,-0.275,reversed,0.06075
R3_interval,0.15,0.2,-0.275,missing or flattened,0.0345
R3_interval,0.15,0.2,-0.275,flattened or kept,0.00025
R0_current,0.15,0.2,-0.25,missing,0.95325
R0_current,0.15,0.2,-0.25,reversed,0.046
R0_current,0.15,0.2,-0.25,undetermined,0.00075
R1_half_bound,0.15,0.2,-0.25,reversed,0.641
R1_half_bound,0.15,0.2,-0.25,missing,0.3335
R1_half_bound,0.15,0.2,-0.25,flattened,0.02475
R1_half_bound,0.15,0.2,-0.25,undetermined,0.00075
R2_reorder,0.15,0.2,-0.25,missing,0.84525
R2_reorder,0.15,0.2,-0.25,flattened,0.108
R2_reorder,0.15,0.2,-0.25,reversed,0.046
R2_reorder,0.15,0.2,-0.25,undetermined,0.00075
R3_interval,0.15,0.2,-0.25,reversed or missing,0.73625
R3_interval,0.15,0.2,-0.25,undetermined,0.16625
R3_interval,0.15,0.2,-0.25,reversed,0.0495
R3_interval,0.15,0.2,-0.25,missing or flattened,0.04775
R3_interval,0.15,0.2,-0.25,missing,0.00025
R0_current,0.15,0.2,-0.225,missing,0.958
R0_current,0.15,0.2,-0.225,reversed,0.04025
R0_current,0.15,0.2,-0.225,undetermined,0.0015
R0_current,0.15,0.2,-0.225,kept,0.00025
R1_half_bound,0.15,0.2,-0.225,reversed,0.588
R1_half_bound,0.15,0.2,-0.225,missing,0.378
R1_half_bound,0.15,0.2,-0.225,flattened,0.03225
R1_half_bound,0.15,0.2,-0.225,undetermined,0.00175
R2_reorder,0.15,0.2,-0.225,missing,0.8225
R2_reorder,0.15,0.2,-0.225,flattened,0.1355
R2_reorder,0.15,0.2,-0.225,reversed,0.04025
R2_reorder,0.15,0.2,-0.225,undetermined,0.0015
R2_reorder,0.15,0.2,-0.225,kept,0.00025
R3_interval,0.15,0.2,-0.225,reversed or missing,0.7025
R3_interval,0.15,0.2,-0.225,undetermined,0.189
R3_interval,0.15,0.2,-0.225,missing or flattened,0.06575
R3_interval,0.15,0.2,-0.225,reversed,0.04225
R3_interval,0.15,0.2,-0.225,missing,0.0005
R0_current,0.15,0.2,-0.2,missing,0.96775
R0_current,0.15,0.2,-0.2,reversed,0.0295
R0_current,0.15,0.2,-0.2,undetermined,0.00225
R0_current,0.15,0.2,-0.2,kept,0.0005
R1_half_bound,0.15,0.2,-0.2,reversed,0.5495
R1_half_bound,0.15,0.2,-0.2,missing,0.413
R1_half_bound,0.15,0.2,-0.2,flattened,0.03475
R1_half_bound,0.15,0.2,-0.2,undetermined,0.00275
R2_reorder,0.15,0.2,-0.2,missing,0.81425
R2_reorder,0.15,0.2,-0.2,flattened,0.1535
R2_reorder,0.15,0.2,-0.2,reversed,0.0295
R2_reorder,0.15,0.2,-0.2,undetermined,0.00225
R2_reorder,0.15,0.2,-0.2,kept,0.0005
R3_interval,0.15,0.2,-0.2,reversed or missing,0.67475
R3_interval,0.15,0.2,-0.2,undetermined,0.2205
R3_interval,0.15,0.2,-0.2,missing or flattened,0.073
R3_interval,0.15,0.2,-0.2,reversed,0.031
R3_interval,0.15,0.2,-0.2,missing,0.00075
R0_current,0.15,0.2,-0.175,missing,0.97275
R0_current,0.15,0.2,-0.175,reversed,0.02425
R0_current,0.15,0.2,-0.175,undetermined,0.002
R0_current,0.15,0.2,-0.175,kept,0.001
R1_half_bound,0.15,0.2,-0.175,reversed,0.512
R1_half_bound,0.15,0.2,-0.175,missing,0.43325
R1_half_bound,0.15,0.2,-0.175,flattened,0.05175
R1_half_bound,0.15,0.2,-0.175,undetermined,0.003
R2_reorder,0.15,0.2,-0.175,missing,0.78975
R2_reorder,0.15,0.2,-0.175,flattened,0.183
R2_reorder,0.15,0.2,-0.175,reversed,0.02425
R2_reorder,0.15,0.2,-0.175,undetermined,0.002
R2_reorder,0.15,0.2,-0.175,kept,0.001
R3_interval,0.15,0.2,-0.175,reversed or missing,0.65575
R3_interval,0.15,0.2,-0.175,undetermined,0.229
R3_interval,0.15,0.2,-0.175,missing or flattened,0.08975
R3_interval,0.15,0.2,-0.175,reversed,0.0245
R3_interval,0.15,0.2,-0.175,missing,0.001
R0_current,0.15,0.2,-0.15,missing,0.98025
R0_current,0.15,0.2,-0.15,reversed,0.0155
R0_current,0.15,0.2,-0.15,undetermined,0.003
R0_current,0.15,0.2,-0.15,kept,0.00125
R1_half_bound,0.15,0.2,-0.15,missing,0.4815
R1_half_bound,0.15,0.2,-0.15,reversed,0.45025
R1_half_bound,0.15,0.2,-0.15,flattened,0.064
R1_half_bound,0.15,0.2,-0.15,undetermined,0.00425
R2_reorder,0.15,0.2,-0.15,missing,0.75375
R2_reorder,0.15,0.2,-0.15,flattened,0.2265
R2_reorder,0.15,0.2,-0.15,reversed,0.0155
R2_reorder,0.15,0.2,-0.15,undetermined,0.003
R2_reorder,0.15,0.2,-0.15,kept,0.00125
R3_interval,0.15,0.2,-0.15,reversed or missing,0.60975
R3_interval,0.15,0.2,-0.15,undetermined,0.26025
R3_interval,0.15,0.2,-0.15,missing or flattened,0.1155
R3_interval,0.15,0.2,-0.15,reversed,0.0145
R0_current,0.15,0.2,-0.125,missing,0.97575
R0_current,0.15,0.2,-0.125,reversed,0.0165
R0_current,0.15,0.2,-0.125,undetermined,0.0055
R0_current,0.15,0.2,-0.125,kept,0.00225
R1_half_bound,0.15,0.2,-0.125,missing,0.4895
R1_half_bound,0.15,0.2,-0.125,reversed,0.42625
R1_half_bound,0.15,0.2,-0.125,flattened,0.0765
R1_half_bound,0.15,0.2,-0.125,undetermined,0.00775
R2_reorder,0.15,0.2,-0.125,missing,0.7285
R2_reorder,0.15,0.2,-0.125,flattened,0.24725
R2_reorder,0.15,0.2,-0.125,reversed,0.0165
R2_reorder,0.15,0.2,-0.125,undetermined,0.0055
R2_reorder,0.15,0.2,-0.125,kept,0.00225
R3_interval,0.15,0.2,-0.125,reversed or missing,0.56525
R3_interval,0.15,0.2,-0.125,undetermined,0.28975
R3_interval,0.15,0.2,-0.125,missing or flattened,0.13225
R3_interval,0.15,0.2,-0.125,reversed,0.0125
R3_interval,0.15,0.2,-0.125,missing,0.00025
R0_current,0.15,0.2,-0.1,missing,0.975
R0_current,0.15,0.2,-0.1,reversed,0.017
R0_current,0.15,0.2,-0.1,undetermined,0.00525
R0_current,0.15,0.2,-0.1,kept,0.00275
R1_half_bound,0.15,0.2,-0.1,missing,0.5175
R1_half_bound,0.15,0.2,-0.1,reversed,0.37325
R1_half_bound,0.15,0.2,-0.1,flattened,0.10125
R1_half_bound,0.15,0.2,-0.1,undetermined,0.008
R2_reorder,0.15,0.2,-0.1,missing,0.673
R2_reorder,0.15,0.2,-0.1,flattened,0.302
R2_reorder,0.15,0.2,-0.1,reversed,0.017
R2_reorder,0.15,0.2,-0.1,undetermined,0.00525
R2_reorder,0.15,0.2,-0.1,kept,0.00275
R3_interval,0.15,0.2,-0.1,reversed or missing,0.51825
R3_interval,0.15,0.2,-0.1,undetermined,0.3085
R3_interval,0.15,0.2,-0.1,missing or flattened,0.1625
R3_interval,0.15,0.2,-0.1,reversed,0.00975
R3_interval,0.15,0.2,-0.1,flattened or kept,0.00075
R3_interval,0.15,0.2,-0.1,missing,0.00025
R0_current,0.15,0.2,-0.075,missing,0.977
R0_current,0.15,0.2,-0.075,reversed,0.01025
R0_current,0.15,0.2,-0.075,undetermined,0.0085
R0_current,0.15,0.2,-0.075,kept,0.00425
R1_half_bound,0.15,0.2,-0.075,missing,0.55
R1_half_bound,0.15,0.2,-0.075,reversed,0.32475
R1_half_bound,0.15,0.2,-0.075,flattened,0.1125
R1_half_bound,0.15,0.2,-0.075,undetermined,0.01275
R2_reorder,0.15,0.2,-0.075,missing,0.63725
R2_reorder,0.15,0.2,-0.075,flattened,0.33975
R2_reorder,0.15,0.2,-0.075,reversed,0.01025
R2_reorder,0.15,0.2,-0.075,undetermined,0.0085
R2_reorder,0.15,0.2,-0.075,kept,0.00425
R3_interval,0.15,0.2,-0.075,reversed or missing,0.4675
R3_interval,0.15,0.2,-0.075,undetermined,0.34175
R3_interval,0.15,0.2,-0.075,missing or flattened,0.183
R3_interval,0.15,0.2,-0.075,reversed,0.00675
R3_interval,0.15,0.2,-0.075,missing,0.00075
R3_interval,0.15,0.2,-0.075,flattened or kept,0.00025
R0_current,0.15,0.2,-0.05,missing,0.97825
R0_current,0.15,0.2,-0.05,reversed,0.00825
R0_current,0.15,0.2,-0.05,undetermined,0.00775
R0_current,0.15,0.2,-0.05,kept,0.00575
R1_half_bound,0.15,0.2,-0.05,missing,0.57325
R1_half_bound,0.15,0.2,-0.05,reversed,0.27125
R1_half_bound,0.15,0.2,-0.05,flattened,0.142
R1_half_bound,0.15,0.2,-0.05,undetermined,0.0135
R2_reorder,0.15,0.2,-0.05,missing,0.58125
R2_reorder,0.15,0.2,-0.05,flattened,0.397
R2_reorder,0.15,0.2,-0.05,reversed,0.00825
R2_reorder,0.15,0.2,-0.05,undetermined,0.00775
R2_reorder,0.15,0.2,-0.05,kept,0.00575
R3_interval,0.15,0.2,-0.05,reversed or missing,0.41175
R3_interval,0.15,0.2,-0.05,undetermined,0.36225
R3_interval,0.15,0.2,-0.05,missing or flattened,0.22075
R3_interval,0.15,0.2,-0.05,reversed,0.00425
R3_interval,0.15,0.2,-0.05,missing,0.0005
R3_interval,0.15,0.2,-0.05,flattened or kept,0.0005
R0_current,0.15,0.2,-0.025,missing,0.97525
R0_current,0.15,0.2,-0.025,undetermined,0.01125
R0_current,0.15,0.2,-0.025,kept,0.0085
R0_current,0.15,0.2,-0.025,reversed,0.005
R1_half_bound,0.15,0.2,-0.025,missing,0.5635
R1_half_bound,0.15,0.2,-0.025,reversed,0.24175
R1_half_bound,0.15,0.2,-0.025,flattened,0.175
R1_half_bound,0.15,0.2,-0.025,undetermined,0.01975
R2_reorder,0.15,0.2,-0.025,missing,0.52425
R2_reorder,0.15,0.2,-0.025,flattened,0.451
R2_reorder,0.15,0.2,-0.025,undetermined,0.01125
R2_reorder,0.15,0.2,-0.025,kept,0.0085
R2_reorder,0.15,0.2,-0.025,reversed,0.005
R3_interval,0.15,0.2,-0.025,undetermined,0.365
R3_interval,0.15,0.2,-0.025,reversed or missing,0.3595
R3_interval,0.15,0.2,-0.025,missing or flattened,0.27075
R3_interval,0.15,0.2,-0.025,reversed,0.00325
R3_interval,0.15,0.2,-0.025,flattened or kept,0.00125
R3_interval,0.15,0.2,-0.025,missing,0.00025
R0_current,0.15,0.2,0.0,missing,0.9795
R0_current,0.15,0.2,0.0,undetermined,0.01125
R0_current,0.15,0.2,0.0,kept,0.008
R0_current,0.15,0.2,0.0,reversed,0.00125
R1_half_bound,0.15,0.2,0.0,missing,0.5785
R1_half_bound,0.15,0.2,0.0,reversed,0.21075
R1_half_bound,0.15,0.2,0.0,flattened,0.1915
R1_half_bound,0.15,0.2,0.0,undetermined,0.01925
R2_reorder,0.15,0.2,0.0,missing,0.49425
R2_reorder,0.15,0.2,0.0,flattened,0.48525
R2_reorder,0.15,0.2,0.0,undetermined,0.01125
R2_reorder,0.15,0.2,0.0,kept,0.008
R2_reorder,0.15,0.2,0.0,reversed,0.00125
R3_interval,0.15,0.2,0.0,undetermined,0.378
R3_interval,0.15,0.2,0.0,reversed or missing,0.3285
R3_interval,0.15,0.2,0.0,missing or flattened,0.292
R3_interval,0.15,0.2,0.0,reversed,0.001
R3_interval,0.15,0.2,0.0,flattened or kept,0.0005
R0_current,0.15,0.2,0.025,missing,0.9715
R0_current,0.15,0.2,0.025,undetermined,0.0165
R0_current,0.15,0.2,0.025,kept,0.00925
R0_current,0.15,0.2,0.025,reversed,0.00275
R1_half_bound,0.15,0.2,0.025,missing,0.5725
R1_half_bound,0.15,0.2,0.025,flattened,0.2295
R1_half_bound,0.15,0.2,0.025,reversed,0.17225
R1_half_bound,0.15,0.2,0.025,undetermined,0.02575
R2_reorder,0.15,0.2,0.025,flattened,0.533
R2_reorder,0.15,0.2,0.025,missing,0.4385
R2_reorder,0.15,0.2,0.025,undetermined,0.0165
R2_reorder,0.15,0.2,0.025,kept,0.00925
R2_reorder,0.15,0.2,0.025,reversed,0.00275
R3_interval,0.15,0.2,0.025,undetermined,0.37275
R3_interval,0.15,0.2,0.025,missing or flattened,0.333
R3_interval,0.15,0.2,0.025,reversed or missing,0.291
R3_interval,0.15,0.2,0.025,flattened or kept,0.0015
R3_interval,0.15,0.2,0.025,reversed,0.00125
R3_interval,0.15,0.2,0.025,missing,0.0005
R0_current,0.15,0.2,0.05,missing,0.96025
R0_current,0.15,0.2,0.05,undetermined,0.02275
R0_current,0.15,0.2,0.05,kept,0.0155
R0_current,0.15,0.2,0.05,reversed,0.0015
R1_half_bound,0.15,0.2,0.05,missing,0.55025
R1_half_bound,0.15,0.2,0.05,flattened,0.2635
R1_half_bound,0.15,0.2,0.05,reversed,0.148
R1_half_bound,0.15,0.2,0.05,undetermined,0.03825
R2_reorder,0.15,0.2,0.05,flattened,0.57225
R2_reorder,0.15,0.2,0.05,missing,0.388
R2_reorder,0.15,0.2,0.05,undetermined,0.02275
R2_reorder,0.15,0.2,0.05,kept,0.0155
R2_reorder,0.15,0.2,0.05,reversed,0.0015
R3_interval,0.15,0.2,0.05,undetermined,0.3895
R3_interval,0.15,0.2,0.05,missing or flattened,0.358
R3_interval,0.15,0.2,0.05,reversed or missing,0.2475
R3_interval,0.15,0.2,0.05,flattened or kept,0.00375
R3_interval,0.15,0.2,0.05,reversed,0.001
R3_interval,0.15,0.2,0.05,missing,0.00025
R0_current,0.15,0.2,0.075,missing,0.95525
R0_current,0.15,0.2,0.075,undetermined,0.0215
R0_current,0.15,0.2,0.075,kept,0.02125
R0_current,0.15,0.2,0.075,reversed,0.002
R1_half_bound,0.15,0.2,0.075,missing,0.54775
R1_half_bound,0.15,0.2,0.075,flattened,0.28575
R1_half_bound,0.15,0.2,0.075,reversed,0.12375
R1_half_bound,0.15,0.2,0.075,undetermined,0.04275
R2_reorder,0.15,0.2,0.075,flattened,0.612
R2_reorder,0.15,0.2,0.075,missing,0.34325
R2_reorder,0.15,0.2,0.075,undetermined,0.0215
R2_reorder,0.15,0.2,0.075,kept,0.02125
R2_reorder,0.15,0.2,0.075,reversed,0.002
R3_interval,0.15,0.2,0.075,undetermined,0.4
R3_interval,0.15,0.2,0.075,missing or flattened,0.38525
R3_interval,0.15,0.2,0.075,reversed or missing,0.2085
R3_interval,0.15,0.2,0.075,flattened or kept,0.00375
R3_interval,0.15,0.2,0.075,missing,0.00125
R3_interval,0.15,0.2,0.075,reversed,0.00125
R0_current,0.15,0.2,0.1,missing,0.94325
R0_current,0.15,0.2,0.1,kept,0.03
R0_current,0.15,0.2,0.1,undetermined,0.02575
R0_current,0.15,0.2,0.1,reversed,0.001
R1_half_bound,0.15,0.2,0.1,missing,0.52675
R1_half_bound,0.15,0.2,0.1,flattened,0.31925
R1_half_bound,0.15,0.2,0.1,reversed,0.09825
R1_half_bound,0.15,0.2,0.1,undetermined,0.05575
R2_reorder,0.15,0.2,0.1,flattened,0.6365
R2_reorder,0.15,0.2,0.1,missing,0.30675
R2_reorder,0.15,0.2,0.1,kept,0.03
R2_reorder,0.15,0.2,0.1,undetermined,0.02575
R2_reorder,0.15,0.2,0.1,reversed,0.001
R3_interval,0.15,0.2,0.1,undetermined,0.411
R3_interval,0.15,0.2,0.1,missing or flattened,0.40775
R3_interval,0.15,0.2,0.1,reversed or missing,0.17375
R3_interval,0.15,0.2,0.1,flattened or kept,0.00675
R3_interval,0.15,0.2,0.1,reversed,0.0005
R3_interval,0.15,0.2,0.1,missing,0.00025
R0_current,0.15,0.2,0.125,missing,0.93125
R0_current,0.15,0.2,0.125,kept,0.04175
R0_current,0.15,0.2,0.125,undetermined,0.026
R0_current,0.15,0.2,0.125,reversed,0.001
R1_half_bound,0.15,0.2,0.125,missing,0.4955
R1_half_bound,0.15,0.2,0.125,flattened,0.353
R1_half_bound,0.15,0.2,0.125,reversed,0.08375
R1_half_bound,0.15,0.2,0.125,undetermined,0.06775
R2_reorder,0.15,0.2,0.125,flattened,0.67125
R2_reorder,0.15,0.2,0.125,missing,0.26
R2_reorder,0.15,0.2,0.125,kept,0.04175
R2_reorder,0.15,0.2,0.125,undetermined,0.026
R2_reorder,0.15,0.2,0.125,reversed,0.001
R3_interval,0.15,0.2,0.125,missing or flattened,0.445
R3_interval,0.15,0.2,0.125,undetermined,0.404
R3_interval,0.15,0.2,0.125,reversed or missing,0.1425
R3_interval,0.15,0.2,0.125,flattened or kept,0.00825
R3_interval,0.15,0.2,0.125,reversed,0.00025
R0_current,0.15,0.2,0.15,missing,0.9215
R0_current,0.15,0.2,0.15,kept,0.046
R0_current,0.15,0.2,0.15,undetermined,0.032
R0_current,0.15,0.2,0.15,reversed,0.0005
R1_half_bound,0.15,0.2,0.15,missing,0.4585
R1_half_bound,0.15,0.2,0.15,flattened,0.396
R1_half_bound,0.15,0.2,0.15,undetermined,0.078
R1_half_bound,0.15,0.2,0.15,reversed,0.0675
R2_reorder,0.15,0.2,0.15,flattened,0.6975
R2_reorder,0.15,0.2,0.15,missing,0.224
R2_reorder,0.15,0.2,0.15,kept,0.046
R2_reorder,0.15,0.2,0.15,undetermined,0.032
R2_reorder,0.15,0.2,0.15,reversed,0.0005
R3_interval,0.15,0.2,0.15,missing or flattened,0.4625
R3_interval,0.15,0.2,0.15,undetermined,0.41
R3_interval,0.15,0.2,0.15,reversed or missing,0.11975
R3_interval,0.15,0.2,0.15,flattened or kept,0.00775
R0_current,0.15,0.2,0.175,missing,0.90475
R0_current,0.15,0.2,0.175,kept,0.059
R0_current,0.15,0.2,0.175,undetermined,0.0355
R0_current,0.15,0.2,0.175,reversed,0.00075
R1_half_bound,0.15,0.2,0.175,missing,0.44975
R1_half_bound,0.15,0.2,0.175,flattened,0.4045
R1_half_bound,0.15,0.2,0.175,undetermined,0.09425
R1_half_bound,0.15,0.2,0.175,reversed,0.05125
R1_half_bound,0.15,0.2,0.175,kept,0.00025
R2_reorder,0.15,0.2,0.175,flattened,0.70825
R2_reorder,0.15,0.2,0.175,missing,0.1965
R2_reorder,0.15,0.2,0.175,kept,0.059
R2_reorder,0.15,0.2,0.175,undetermined,0.0355
R2_reorder,0.15,0.2,0.175,reversed,0.00075
R3_interval,0.15,0.2,0.175,missing or flattened,0.4635
R3_interval,0.15,0.2,0.175,undetermined,0.4205
R3_interval,0.15,0.2,0.175,reversed or missing,0.10175
R3_interval,0.15,0.2,0.175,flattened or kept,0.01375
R3_interval,0.15,0.2,0.175,kept or steepened,0.00025
R3_interval,0.15,0.2,0.175,missing,0.00025
R0_current,0.15,0.2,0.2,missing,0.88775
R0_current,0.15,0.2,0.2,kept,0.07575
R0_current,0.15,0.2,0.2,undetermined,0.036
R0_current,0.15,0.2,0.2,reversed,0.0005
R1_half_bound,0.15,0.2,0.2,flattened,0.45525
R1_half_bound,0.15,0.2,0.2,missing,0.391
R1_half_bound,0.15,0.2,0.2,undetermined,0.11175
R1_half_bound,0.15,0.2,0.2,reversed,0.042
R2_reorder,0.15,0.2,0.2,flattened,0.72675
R2_reorder,0.15,0.2,0.2,missing,0.161
R2_reorder,0.15,0.2,0.2,kept,0.07575
R2_reorder,0.15,0.2,0.2,undetermined,0.036
R2_reorder,0.15,0.2,0.2,reversed,0.0005
R3_interval,0.15,0.2,0.2,missing or flattened,0.4795
R3_interval,0.15,0.2,0.2,undetermined,0.4255
R3_interval,0.15,0.2,0.2,reversed or missing,0.0725
R3_interval,0.15,0.2,0.2,flattened or kept,0.02175
R3_interval,0.15,0.2,0.2,missing,0.0005
R3_interval,0.15,0.2,0.2,kept or steepened,0.00025
R0_current,0.15,0.2,0.225,missing,0.87775
R0_current,0.15,0.2,0.225,kept,0.0815
R0_current,0.15,0.2,0.225,undetermined,0.04075
R1_half_bound,0.15,0.2,0.225,flattened,0.48525
R1_half_bound,0.15,0.2,0.225,missing,0.35575
R1_half_bound,0.15,0.2,0.225,undetermined,0.12225
R1_half_bound,0.15,0.2,0.225,reversed,0.03675
R2_reorder,0.15,0.2,0.225,flattened,0.7465
R2_reorder,0.15,0.2,0.225,missing,0.13125
R2_reorder,0.15,0.2,0.225,kept,0.0815
R2_reorder,0.15,0.2,0.225,undetermined,0.04075
R3_interval,0.15,0.2,0.225,missing or flattened,0.5065
R3_interval,0.15,0.2,0.225,undetermined,0.4045
R3_interval,0.15,0.2,0.225,reversed or missing,0.06575
R3_interval,0.15,0.2,0.225,flattened or kept,0.02275
R3_interval,0.15,0.2,0.225,missing,0.00025
R3_interval,0.15,0.2,0.225,kept or steepened,0.00025
R0_current,0.15,0.2,0.25,missing,0.848
R0_current,0.15,0.2,0.25,kept,0.11375
R0_current,0.15,0.2,0.25,undetermined,0.038
R0_current,0.15,0.2,0.25,reversed,0.00025
R1_half_bound,0.15,0.2,0.25,flattened,0.49475
R1_half_bound,0.15,0.2,0.25,missing,0.33125
R1_half_bound,0.15,0.2,0.25,undetermined,0.15175
R1_half_bound,0.15,0.2,0.25,reversed,0.02225
R2_reorder,0.15,0.2,0.25,flattened,0.73975
R2_reorder,0.15,0.2,0.25,kept,0.11375
R2_reorder,0.15,0.2,0.25,missing,0.10825
R2_reorder,0.15,0.2,0.25,undetermined,0.038
R2_reorder,0.15,0.2,0.25,reversed,0.00025
R3_interval,0.15,0.2,0.25,missing or flattened,0.50275
R3_interval,0.15,0.2,0.25,undetermined,0.411
R3_interval,0.15,0.2,0.25,reversed or missing,0.051
R3_interval,0.15,0.2,0.25,flattened or kept,0.03475
R3_interval,0.15,0.2,0.25,missing,0.0005
R0_current,0.15,0.2,0.275,missing,0.8115
R0_current,0.15,0.2,0.275,kept,0.14075
R0_current,0.15,0.2,0.275,undetermined,0.0475
R0_current,0.15,0.2,0.275,reversed,0.00025
R1_half_bound,0.15,0.2,0.275,flattened,0.50125
R1_half_bound,0.15,0.2,0.275,missing,0.288
R1_half_bound,0.15,0.2,0.275,undetermined,0.18675
R1_half_bound,0.15,0.2,0.275,reversed,0.0225
R1_half_bound,0.15,0.2,0.275,kept,0.0015
R2_reorder,0.15,0.2,0.275,flattened,0.73075
R2_reorder,0.15,0.2,0.275,kept,0.14075
R2_reorder,0.15,0.2,0.275,missing,0.08075
R2_reorder,0.15,0.2,0.275,undetermined,0.0475
R2_reorder,0.15,0.2,0.275,reversed,0.00025
R3_interval,0.15,0.2,0.275,missing or flattened,0.47925
R3_interval,0.15,0.2,0.275,undetermined,0.4365
R3_interval,0.15,0.2,0.275,flattened or kept,0.0455
R3_interval,0.15,0.2,0.275,reversed or missing,0.03825
R3_interval,0.15,0.2,0.275,missing,0.00025
R3_interval,0.15,0.2,0.275,kept or steepened,0.00025
R0_current,0.15,0.2,0.3,missing,0.808
R0_current,0.15,0.2,0.3,kept,0.1505
R0_current,0.15,0.2,0.3,undetermined,0.0415
R1_half_bound,0.15,0.2,0.3,flattened,0.54725
R1_half_bound,0.15,0.2,0.3,missing,0.24975
R1_half_bound,0.15,0.2,0.3,undetermined,0.19175
R1_half_bound,0.15,0.2,0.3,reversed,0.011
R1_half_bound,0.15,0.2,0.3,kept,0.00025
R2_reorder,0.15,0.2,0.3,flattened,0.74275
R2_reorder,0.15,0.2,0.3,kept,0.1505
R2_reorder,0.15,0.2,0.3,missing,0.06525
R2_reorder,0.15,0.2,0.3,undetermined,0.0415
R3_interval,0.15,0.2,0.3,missing or flattened,0.478
R3_interval,0.15,0.2,0.3,undetermined,0.448
R3_interval,0.15,0.2,0.3,flattened or kept,0.04825
R3_interval,0.15,0.2,0.3,reversed or missing,0.02575
R0_current,0.15,0.2,0.325,missing,0.76475
R0_current,0.15,0.2,0.325,kept,0.18975
R0_current,0.15,0.2,0.325,undetermined,0.0455
R1_half_bound,0.15,0.2,0.325,flattened,0.52475
R1_half_bound,0.15,0.2,0.325,undetermined,0.234
R1_half_bound,0.15,0.2,0.325,missing,0.2295
R1_half_bound,0.15,0.2,0.325,reversed,0.0105
R1_half_bound,0.15,0.2,0.325,kept,0.00125
R2_reorder,0.15,0.2,0.325,flattened,0.712
R2_reorder,0.15,0.2,0.325,kept,0.18975
R2_reorder,0.15,0.2,0.325,missing,0.05275
R2_reorder,0.15,0.2,0.325,undetermined,0.0455
R3_interval,0.15,0.2,0.325,missing or flattened,0.46
R3_interval,0.15,0.2,0.325,undetermined,0.452
R3_interval,0.15,0.2,0.325,flattened or kept,0.06525
R3_interval,0.15,0.2,0.325,reversed or missing,0.0225
R3_interval,0.15,0.2,0.325,kept or steepened,0.00025
R0_current,0.15,0.2,0.35,missing,0.73375
R0_current,0.15,0.2,0.35,kept,0.21925
R0_current,0.15,0.2,0.35,undetermined,0.04675
R0_current,0.15,0.2,0.35,reversed,0.00025
R1_half_bound,0.15,0.2,0.35,flattened,0.53725
R1_half_bound,0.15,0.2,0.35,undetermined,0.26525
R1_half_bound,0.15,0.2,0.35,missing,0.19
R1_half_bound,0.15,0.2,0.35,reversed,0.00675
R1_half_bound,0.15,0.2,0.35,kept,0.00075
R2_reorder,0.15,0.2,0.35,flattened,0.6895
R2_reorder,0.15,0.2,0.35,kept,0.21925
R2_reorder,0.15,0.2,0.35,undetermined,0.04675
R2_reorder,0.15,0.2,0.35,missing,0.04425
R2_reorder,0.15,0.2,0.35,reversed,0.00025
R3_interval,0.15,0.2,0.35,undetermined,0.4665
R3_interval,0.15,0.2,0.35,missing or flattened,0.43825
R3_interval,0.15,0.2,0.35,flattened or kept,0.074
R3_interval,0.15,0.2,0.35,reversed or missing,0.021
R3_interval,0.15,0.2,0.35,kept or steepened,0.00025
R0_current,0.15,0.2,0.375,missing,0.70275
R0_current,0.15,0.2,0.375,kept,0.25125
R0_current,0.15,0.2,0.375,undetermined,0.046
R1_half_bound,0.15,0.2,0.375,flattened,0.536
R1_half_bound,0.15,0.2,0.375,undetermined,0.29475
R1_half_bound,0.15,0.2,0.375,missing,0.16125
R1_half_bound,0.15,0.2,0.375,reversed,0.0055
R1_half_bound,0.15,0.2,0.375,kept,0.0025
R2_reorder,0.15,0.2,0.375,flattened,0.6735
R2_reorder,0.15,0.2,0.375,kept,0.25125
R2_reorder,0.15,0.2,0.375,undetermined,0.046
R2_reorder,0.15,0.2,0.375,missing,0.02925
R3_interval,0.15,0.2,0.375,undetermined,0.47325
R3_interval,0.15,0.2,0.375,missing or flattened,0.414
R3_interval,0.15,0.2,0.375,flattened or kept,0.1
R3_interval,0.15,0.2,0.375,reversed or missing,0.01225
R3_interval,0.15,0.2,0.375,kept or steepened,0.0005
R0_current,0.15,0.2,0.4,missing,0.671
R0_current,0.15,0.2,0.4,kept,0.27825
R0_current,0.15,0.2,0.4,undetermined,0.05075
R1_half_bound,0.15,0.2,0.4,flattened,0.529
R1_half_bound,0.15,0.2,0.4,undetermined,0.3255
R1_half_bound,0.15,0.2,0.4,missing,0.1395
R1_half_bound,0.15,0.2,0.4,kept,0.0035
R1_half_bound,0.15,0.2,0.4,reversed,0.0025
R2_reorder,0.15,0.2,0.4,flattened,0.6485
R2_reorder,0.15,0.2,0.4,kept,0.27825
R2_reorder,0.15,0.2,0.4,undetermined,0.05075
R2_reorder,0.15,0.2,0.4,missing,0.0225
R3_interval,0.15,0.2,0.4,undetermined,0.48475
R3_interval,0.15,0.2,0.4,missing or flattened,0.3975
R3_interval,0.15,0.2,0.4,flattened or kept,0.10925
R3_interval,0.15,0.2,0.4,reversed or missing,0.0075
R3_interval,0.15,0.2,0.4,kept or steepened,0.00075
R3_interval,0.15,0.2,0.4,missing,0.00025
R0_current,0.15,0.2,0.425,missing,0.62675
R0_current,0.15,0.2,0.425,kept,0.33675
R0_current,0.15,0.2,0.425,undetermined,0.0365
R1_half_bound,0.15,0.2,0.425,flattened,0.508
R1_half_bound,0.15,0.2,0.425,undetermined,0.3685
R1_half_bound,0.15,0.2,0.425,missing,0.1165
R1_half_bound,0.15,0.2,0.425,kept,0.00475
R1_half_bound,0.15,0.2,0.425,reversed,0.00225
R2_reorder,0.15,0.2,0.425,flattened,0.61025
R2_reorder,0.15,0.2,0.425,kept,0.33675
R2_reorder,0.15,0.2,0.425,undetermined,0.0365
R2_reorder,0.15,0.2,0.425,missing,0.0165
R3_interval,0.15,0.2,0.425,undetermined,0.494
R3_interval,0.15,0.2,0.425,missing or flattened,0.35775
R3_interval,0.15,0.2,0.425,flattened or kept,0.14
R3_interval,0.15,0.2,0.425,reversed or missing,0.00675
R3_interval,0.15,0.2,0.425,kept or steepened,0.001
R3_interval,0.15,0.2,0.425,missing,0.0005
R0_current,0.15,0.2,0.45,missing,0.58625
R0_current,0.15,0.2,0.45,kept,0.36425
R0_current,0.15,0.2,0.45,undetermined,0.0495
R1_half_bound,0.15,0.2,0.45,flattened,0.4915
R1_half_bound,0.15,0.2,0.45,undetermined,0.40675
R1_half_bound,0.15,0.2,0.45,missing,0.0925
R1_half_bound,0.15,0.2,0.45,kept,0.007
R1_half_bound,0.15,0.2,0.45,reversed,0.00225
R2_reorder,0.15,0.2,0.45,flattened,0.57625
R2_reorder,0.15,0.2,0.45,kept,0.36425
R2_reorder,0.15,0.2,0.45,undetermined,0.0495
R2_reorder,0.15,0.2,0.45,missing,0.01
R3_interval,0.15,0.2,0.45,undetermined,0.531
R3_interval,0.15,0.2,0.45,missing or flattened,0.3185
R3_interval,0.15,0.2,0.45,flattened or kept,0.1445
R3_interval,0.15,0.2,0.45,reversed or missing,0.00475
R3_interval,0.15,0.2,0.45,kept or steepened,0.00125
R0_current,0.15,0.2,0.475,missing,0.546
R0_current,0.15,0.2,0.475,kept,0.4145
R0_current,0.15,0.2,0.475,undetermined,0.0395
R1_half_bound,0.15,0.2,0.475,flattened,0.47075
R1_half_bound,0.15,0.2,0.475,undetermined,0.44675
R1_half_bound,0.15,0.2,0.475,missing,0.07375
R1_half_bound,0.15,0.2,0.475,kept,0.00725
R1_half_bound,0.15,0.2,0.475,reversed,0.0015
R2_reorder,0.15,0.2,0.475,flattened,0.53775
R2_reorder,0.15,0.2,0.475,kept,0.4145
R2_reorder,0.15,0.2,0.475,undetermined,0.0395
R2_reorder,0.15,0.2,0.475,missing,0.00825
R3_interval,0.15,0.2,0.475,undetermined,0.52025
R3_interval,0.15,0.2,0.475,missing or flattened,0.29625
R3_interval,0.15,0.2,0.475,flattened or kept,0.1795
R3_interval,0.15,0.2,0.475,reversed or missing,0.0025
R3_interval,0.15,0.2,0.475,kept or steepened,0.0015
R0_current,0.15,0.2,0.5,missing,0.51675
R0_current,0.15,0.2,0.5,kept,0.44975
R0_current,0.15,0.2,0.5,undetermined,0.0335
R1_half_bound,0.15,0.2,0.5,undetermined,0.47325
R1_half_bound,0.15,0.2,0.5,flattened,0.4525
R1_half_bound,0.15,0.2,0.5,missing,0.0625
R1_half_bound,0.15,0.2,0.5,kept,0.01
R1_half_bound,0.15,0.2,0.5,reversed,0.00175
R2_reorder,0.15,0.2,0.5,flattened,0.50725
R2_reorder,0.15,0.2,0.5,kept,0.44975
R2_reorder,0.15,0.2,0.5,undetermined,0.0335
R2_reorder,0.15,0.2,0.5,missing,0.0095
R3_interval,0.15,0.2,0.5,undetermined,0.5165
R3_interval,0.15,0.2,0.5,missing or flattened,0.26775
R3_interval,0.15,0.2,0.5,flattened or kept,0.2105
R3_interval,0.15,0.2,0.5,reversed or missing,0.00325
R3_interval,0.15,0.2,0.5,kept or steepened,0.002
R0_current,0.15,0.2,0.525,kept,0.50175
R0_current,0.15,0.2,0.525,missing,0.463
R0_current,0.15,0.2,0.525,undetermined,0.035
R0_current,0.15,0.2,0.525,steepened,0.00025
R1_half_bound,0.15,0.2,0.525,undetermined,0.522
R1_half_bound,0.15,0.2,0.525,flattened,0.41625
R1_half_bound,0.15,0.2,0.525,missing,0.04575
R1_half_bound,0.15,0.2,0.525,kept,0.01475
R1_half_bound,0.15,0.2,0.525,reversed,0.001
R1_half_bound,0.15,0.2,0.525,steepened,0.00025
R2_reorder,0.15,0.2,0.525,kept,0.50175
R2_reorder,0.15,0.2,0.525,flattened,0.45725
R2_reorder,0.15,0.2,0.525,undetermined,0.035
R2_reorder,0.15,0.2,0.525,missing,0.00575
R2_reorder,0.15,0.2,0.525,steepened,0.00025
R3_interval,0.15,0.2,0.525,undetermined,0.531
R3_interval,0.15,0.2,0.525,flattened or kept,0.23225
R3_interval,0.15,0.2,0.525,missing or flattened,0.22825
R3_interval,0.15,0.2,0.525,kept or steepened,0.0065
R3_interval,0.15,0.2,0.525,reversed or missing,0.002
R0_current,0.15,0.2,0.55,kept,0.5355
R0_current,0.15,0.2,0.55,missing,0.43525
R0_current,0.15,0.2,0.55,undetermined,0.02925
R1_half_bound,0.15,0.2,0.55,undetermined,0.54325
R1_half_bound,0.15,0.2,0.55,flattened,0.39275
R1_half_bound,0.15,0.2,0.55,missing,0.04225
R1_half_bound,0.15,0.2,0.55,kept,0.0215
R1_half_bound,0.15,0.2,0.55,reversed,0.00025
R2_reorder,0.15,0.2,0.55,kept,0.5355
R2_reorder,0.15,0.2,0.55,flattened,0.43025
R2_reorder,0.15,0.2,0.55,undetermined,0.02925
R2_reorder,0.15,0.2,0.55,missing,0.005
R3_interval,0.15,0.2,0.55,undetermined,0.53325
R3_interval,0.15,0.2,0.55,flattened or kept,0.25525
R3_interval,0.15,0.2,0.55,missing or flattened,0.20275
R3_interval,0.15,0.2,0.55,kept or steepened,0.007
R3_interval,0.15,0.2,0.55,reversed or missing,0.00175
R0_current,0.15,0.2,0.575,kept,0.576
R0_current,0.15,0.2,0.575,missing,0.3945
R0_current,0.15,0.2,0.575,undetermined,0.029
R0_current,0.15,0.2,0.575,steepened,0.0005
R1_half_bound,0.15,0.2,0.575,undetermined,0.582
R1_half_bound,0.15,0.2,0.575,flattened,0.36
R1_half_bound,0.15,0.2,0.575,missing,0.0345
R1_half_bound,0.15,0.2,0.575,kept,0.023
R1_half_bound,0.15,0.2,0.575,steepened,0.0005
R2_reorder,0.15,0.2,0.575,kept,0.576
R2_reorder,0.15,0.2,0.575,flattened,0.39125
R2_reorder,0.15,0.2,0.575,undetermined,0.029
R2_reorder,0.15,0.2,0.575,missing,0.00325
R2_reorder,0.15,0.2,0.575,steepened,0.0005
R3_interval,0.15,0.2,0.575,undetermined,0.5195
R3_interval,0.15,0.2,0.575,flattened or kept,0.28575
R3_interval,0.15,0.2,0.575,missing or flattened,0.18725
R3_interval,0.15,0.2,0.575,kept or steepened,0.00725
R3_interval,0.15,0.2,0.575,reversed or missing,0.00025
R0_current,0.15,0.2,0.6,kept,0.61925
R0_current,0.15,0.2,0.6,missing,0.353
R0_current,0.15,0.2,0.6,undetermined,0.02775
R1_half_bound,0.15,0.2,0.6,undetermined,0.615
R1_half_bound,0.15,0.2,0.6,flattened,0.33225
R1_half_bound,0.15,0.2,0.6,kept,0.032
R1_half_bound,0.15,0.2,0.6,missing,0.0205
R1_half_bound,0.15,0.2,0.6,reversed,0.00025
R2_reorder,0.15,0.2,0.6,kept,0.61925
R2_reorder,0.15,0.2,0.6,flattened,0.3515
R2_reorder,0.15,0.2,0.6,undetermined,0.02775
R2_reorder,0.15,0.2,0.6,missing,0.0015
R3_interval,0.15,0.2,0.6,undetermined,0.534
R3_interval,0.15,0.2,0.6,flattened or kept,0.3
R3_interval,0.15,0.2,0.6,missing or flattened,0.155
R3_interval,0.15,0.2,0.6,kept or steepened,0.011
R0_current,0.15,0.2,0.625,kept,0.66875
R0_current,0.15,0.2,0.625,missing,0.313
R0_current,0.15,0.2,0.625,undetermined,0.01825
R1_half_bound,0.15,0.2,0.625,undetermined,0.6475
R1_half_bound,0.15,0.2,0.625,flattened,0.29725
R1_half_bound,0.15,0.2,0.625,kept,0.0395
R1_half_bound,0.15,0.2,0.625,missing,0.01525
R1_half_bound,0.15,0.2,0.625,reversed,0.0005
R2_reorder,0.15,0.2,0.625,kept,0.66875
R2_reorder,0.15,0.2,0.625,flattened,0.3115
R2_reorder,0.15,0.2,0.625,undetermined,0.01825
R2_reorder,0.15,0.2,0.625,missing,0.0015
R3_interval,0.15,0.2,0.625,undetermined,0.5265
R3_interval,0.15,0.2,0.625,flattened or kept,0.3275
R3_interval,0.15,0.2,0.625,missing or flattened,0.132
R3_interval,0.15,0.2,0.625,kept or steepened,0.01275
R3_interval,0.15,0.2,0.625,reversed or missing,0.001
R3_interval,0.15,0.2,0.625,flattened,0.00025
R0_current,0.15,0.2,0.65,kept,0.7015
R0_current,0.15,0.2,0.65,missing,0.27625
R0_current,0.15,0.2,0.65,undetermined,0.02175
R0_current,0.15,0.2,0.65,steepened,0.0005
R1_half_bound,0.15,0.2,0.65,undetermined,0.67475
R1_half_bound,0.15,0.2,0.65,flattened,0.26375
R1_half_bound,0.15,0.2,0.65,kept,0.0485
R1_half_bound,0.15,0.2,0.65,missing,0.0125
R1_half_bound,0.15,0.2,0.65,steepened,0.0005
R2_reorder,0.15,0.2,0.65,kept,0.7015
R2_reorder,0.15,0.2,0.65,flattened,0.2755
R2_reorder,0.15,0.2,0.65,undetermined,0.02175
R2_reorder,0.15,0.2,0.65,missing,0.00075
R2_reorder,0.15,0.2,0.65,steepened,0.0005
R3_interval,0.15,0.2,0.65,undetermined,0.5465
R3_interval,0.15,0.2,0.65,flattened or kept,0.33425
R3_interval,0.15,0.2,0.65,missing or flattened,0.101
R3_interval,0.15,0.2,0.65,kept or steepened,0.017
R3_interval,0.15,0.2,0.65,flattened,0.0005
R3_interval,0.15,0.2,0.65,steepened,0.0005
R3_interval,0.15,0.2,0.65,reversed or missing,0.00025
R0_current,0.15,0.2,0.675,kept,0.7195
R0_current,0.15,0.2,0.675,missing,0.25725
R0_current,0.15,0.2,0.675,undetermined,0.02225
R0_current,0.15,0.2,0.675,steepened,0.001
R1_half_bound,0.15,0.2,0.675,undetermined,0.6785
R1_half_bound,0.15,0.2,0.675,flattened,0.24675
R1_half_bound,0.15,0.2,0.675,kept,0.06325
R1_half_bound,0.15,0.2,0.675,missing,0.0105
R1_half_bound,0.15,0.2,0.675,steepened,0.001
R2_reorder,0.15,0.2,0.675,kept,0.7195
R2_reorder,0.15,0.2,0.675,flattened,0.25725
R2_reorder,0.15,0.2,0.675,undetermined,0.02225
R2_reorder,0.15,0.2,0.675,steepened,0.001
R3_interval,0.15,0.2,0.675,undetermined,0.539
R3_interval,0.15,0.2,0.675,flattened or kept,0.34375
R3_interval,0.15,0.2,0.675,missing or flattened,0.0915
R3_interval,0.15,0.2,0.675,kept or steepened,0.02575
R0_current,0.15,0.2,0.7,kept,0.775
R0_current,0.15,0.2,0.7,missing,0.2045
R0_current,0.15,0.2,0.7,undetermined,0.01925
R0_current,0.15,0.2,0.7,steepened,0.00125
R1_half_bound,0.15,0.2,0.7,undetermined,0.71275
R1_half_bound,0.15,0.2,0.7,flattened,0.19725
R1_half_bound,0.15,0.2,0.7,kept,0.0815
R1_half_bound,0.15,0.2,0.7,missing,0.00725
R1_half_bound,0.15,0.2,0.7,steepened,0.00125
R2_reorder,0.15,0.2,0.7,kept,0.775
R2_reorder,0.15,0.2,0.7,flattened,0.204
R2_reorder,0.15,0.2,0.7,undetermined,0.01925
R2_reorder,0.15,0.2,0.7,steepened,0.00125
R2_reorder,0.15,0.2,0.7,missing,0.0005
R3_interval,0.15,0.2,0.7,undetermined,0.5395
R3_interval,0.15,0.2,0.7,flattened or kept,0.353
R3_interval,0.15,0.2,0.7,missing or flattened,0.0705
R3_interval,0.15,0.2,0.7,kept or steepened,0.037
R0_current,0.15,0.2,0.725,kept,0.79475
R0_current,0.15,0.2,0.725,missing,0.18975
R0_current,0.15,0.2,0.725,undetermined,0.0145
R0_current,0.15,0.2,0.725,steepened,0.001
R1_half_bound,0.15,0.2,0.725,undetermined,0.725
R1_half_bound,0.15,0.2,0.725,flattened,0.18525
R1_half_bound,0.15,0.2,0.725,kept,0.08425
R1_half_bound,0.15,0.2,0.725,missing,0.0045
R1_half_bound,0.15,0.2,0.725,steepened,0.001
R2_reorder,0.15,0.2,0.725,kept,0.79475
R2_reorder,0.15,0.2,0.725,flattened,0.18975
R2_reorder,0.15,0.2,0.725,undetermined,0.0145
R2_reorder,0.15,0.2,0.725,steepened,0.001
R3_interval,0.15,0.2,0.725,undetermined,0.532
R3_interval,0.15,0.2,0.725,flattened or kept,0.3685
R3_interval,0.15,0.2,0.725,missing or flattened,0.059
R3_interval,0.15,0.2,0.725,kept or steepened,0.0405
R0_current,0.15,0.2,0.75,kept,0.80725
R0_current,0.15,0.2,0.75,missing,0.1745
R0_current,0.15,0.2,0.75,undetermined,0.017
R0_current,0.15,0.2,0.75,steepened,0.00125
R1_half_bound,0.15,0.2,0.75,undetermined,0.719
R1_half_bound,0.15,0.2,0.75,flattened,0.171
R1_half_bound,0.15,0.2,0.75,kept,0.10525
R1_half_bound,0.15,0.2,0.75,missing,0.0035
R1_half_bound,0.15,0.2,0.75,steepened,0.00125
R2_reorder,0.15,0.2,0.75,kept,0.80725
R2_reorder,0.15,0.2,0.75,flattened,0.1745
R2_reorder,0.15,0.2,0.75,undetermined,0.017
R2_reorder,0.15,0.2,0.75,steepened,0.00125
R3_interval,0.15,0.2,0.75,undetermined,0.54475
R3_interval,0.15,0.2,0.75,flattened or kept,0.355
R3_interval,0.15,0.2,0.75,missing or flattened,0.05225
R3_interval,0.15,0.2,0.75,kept or steepened,0.0475
R3_interval,0.15,0.2,0.75,steepened,0.00025
R3_interval,0.15,0.2,0.75,flattened,0.00025
R0_current,0.15,0.2,0.775,kept,0.83675
R0_current,0.15,0.2,0.775,missing,0.143
R0_current,0.15,0.2,0.775,undetermined,0.017
R0_current,0.15,0.2,0.775,steepened,0.00325
R1_half_bound,0.15,0.2,0.775,undetermined,0.72325
R1_half_bound,0.15,0.2,0.775,flattened,0.1415
R1_half_bound,0.15,0.2,0.775,kept,0.1305
R1_half_bound,0.15,0.2,0.775,steepened,0.00325
R1_half_bound,0.15,0.2,0.775,missing,0.0015
R2_reorder,0.15,0.2,0.775,kept,0.83675
R2_reorder,0.15,0.2,0.775,flattened,0.143
R2_reorder,0.15,0.2,0.775,undetermined,0.017
R2_reorder,0.15,0.2,0.775,steepened,0.00325
R3_interval,0.15,0.2,0.775,undetermined,0.54875
R3_interval,0.15,0.2,0.775,flattened or kept,0.3445
R3_interval,0.15,0.2,0.775,kept or steepened,0.0665
R3_interval,0.15,0.2,0.775,missing or flattened,0.0395
R3_interval,0.15,0.2,0.775,steepened,0.00075
R0_current,0.15,0.2,0.8,kept,0.861
R0_current,0.15,0.2,0.8,missing,0.11675
R0_current,0.15,0.2,0.8,undetermined,0.0175
R0_current,0.15,0.2,0.8,steepened,0.00475
R1_half_bound,0.15,0.2,0.8,undetermined,0.73025
R1_half_bound,0.15,0.2,0.8,kept,0.14825
R1_half_bound,0.15,0.2,0.8,flattened,0.11525
R1_half_bound,0.15,0.2,0.8,steepened,0.00475
R1_half_bound,0.15,0.2,0.8,missing,0.0015
R2_reorder,0.15,0.2,0.8,kept,0.861
R2_reorder,0.15,0.2,0.8,flattened,0.11675
R2_reorder,0.15,0.2,0.8,undetermined,0.0175
R2_reorder,0.15,0.2,0.8,steepened,0.00475
R3_interval,0.15,0.2,0.8,undetermined,0.545
R3_interval,0.15,0.2,0.8,flattened or kept,0.3425
R3_interval,0.15,0.2,0.8,kept or steepened,0.0805
R3_interval,0.15,0.2,0.8,missing or flattened,0.03075
R3_interval,0.15,0.2,0.8,steepened,0.00125
R0_current,0.15,0.2,0.825,kept,0.875
R0_current,0.15,0.2,0.825,missing,0.10575
R0_current,0.15,0.2,0.825,undetermined,0.0145
R0_current,0.15,0.2,0.825,steepened,0.00475
R1_half_bound,0.15,0.2,0.825,undetermined,0.72675
R1_half_bound,0.15,0.2,0.825,kept,0.16275
R1_half_bound,0.15,0.2,0.825,flattened,0.10475
R1_half_bound,0.15,0.2,0.825,steepened,0.00475
R1_half_bound,0.15,0.2,0.825,missing,0.001
R2_reorder,0.15,0.2,0.825,kept,0.875
R2_reorder,0.15,0.2,0.825,flattened,0.10575
R2_reorder,0.15,0.2,0.825,undetermined,0.0145
R2_reorder,0.15,0.2,0.825,steepened,0.00475
R3_interval,0.15,0.2,0.825,undetermined,0.54375
R3_interval,0.15,0.2,0.825,flattened or kept,0.338
R3_interval,0.15,0.2,0.825,kept or steepened,0.09325
R3_interval,0.15,0.2,0.825,missing or flattened,0.02425
R3_interval,0.15,0.2,0.825,steepened,0.0005
R3_interval,0.15,0.2,0.825,flattened,0.00025
R0_current,0.15,0.2,0.85,kept,0.881
R0_current,0.15,0.2,0.85,missing,0.089
R0_current,0.15,0.2,0.85,undetermined,0.02375
R0_current,0.15,0.2,0.85,steepened,0.00625
R1_half_bound,0.15,0.2,0.85,undetermined,0.72375
R1_half_bound,0.15,0.2,0.85,kept,0.181
R1_half_bound,0.15,0.2,0.85,flattened,0.08875
R1_half_bound,0.15,0.2,0.85,steepened,0.00625
R1_half_bound,0.15,0.2,0.85,missing,0.00025
R2_reorder,0.15,0.2,0.85,kept,0.881
R2_reorder,0.15,0.2,0.85,flattened,0.089
R2_reorder,0.15,0.2,0.85,undetermined,0.02375
R2_reorder,0.15,0.2,0.85,steepened,0.00625
R3_interval,0.15,0.2,0.85,undetermined,0.55375
R3_interval,0.15,0.2,0.85,flattened or kept,0.31475
R3_interval,0.15,0.2,0.85,kept or steepened,0.11175
R3_interval,0.15,0.2,0.85,missing or flattened,0.018
R3_interval,0.15,0.2,0.85,steepened,0.00175
R0_current,0.15,0.2,0.875,kept,0.90425
R0_current,0.15,0.2,0.875,missing,0.07075
R0_current,0.15,0.2,0.875,undetermined,0.01875
R0_current,0.15,0.2,0.875,steepened,0.00625
R1_half_bound,0.15,0.2,0.875,undetermined,0.71675
R1_half_bound,0.15,0.2,0.875,kept,0.20625
R1_half_bound,0.15,0.2,0.875,flattened,0.07025
R1_half_bound,0.15,0.2,0.875,steepened,0.00625
R1_half_bound,0.15,0.2,0.875,missing,0.0005
R2_reorder,0.15,0.2,0.875,kept,0.90425
R2_reorder,0.15,0.2,0.875,flattened,0.07075
R2_reorder,0.15,0.2,0.875,undetermined,0.01875
R2_reorder,0.15,0.2,0.875,steepened,0.00625
R3_interval,0.15,0.2,0.875,undetermined,0.542
R3_interval,0.15,0.2,0.875,flattened or kept,0.3055
R3_interval,0.15,0.2,0.875,kept or steepened,0.1355
R3_interval,0.15,0.2,0.875,missing or flattened,0.01525
R3_interval,0.15,0.2,0.875,steepened,0.0015
R3_interval,0.15,0.2,0.875,flattened,0.00025
R0_current,0.15,0.2,0.9,kept,0.90825
R0_current,0.15,0.2,0.9,missing,0.0635
R0_current,0.15,0.2,0.9,undetermined,0.01925
R0_current,0.15,0.2,0.9,steepened,0.009
R1_half_bound,0.15,0.2,0.9,undetermined,0.71275
R1_half_bound,0.15,0.2,0.9,kept,0.21475
R1_half_bound,0.15,0.2,0.9,flattened,0.063
R1_half_bound,0.15,0.2,0.9,steepened,0.009
R1_half_bound,0.15,0.2,0.9,missing,0.0005
R2_reorder,0.15,0.2,0.9,kept,0.90825
R2_reorder,0.15,0.2,0.9,flattened,0.0635
R2_reorder,0.15,0.2,0.9,undetermined,0.01925
R2_reorder,0.15,0.2,0.9,steepened,0.009
R3_interval,0.15,0.2,0.9,undetermined,0.55025
R3_interval,0.15,0.2,0.9,flattened or kept,0.296
R3_interval,0.15,0.2,0.9,kept or steepened,0.1405
R3_interval,0.15,0.2,0.9,missing or flattened,0.01125
R3_interval,0.15,0.2,0.9,steepened,0.002
R0_current,0.15,0.2,0.925,kept,0.91275
R0_current,0.15,0.2,0.925,missing,0.04975
R0_current,0.15,0.2,0.925,undetermined,0.024
R0_current,0.15,0.2,0.925,steepened,0.0135
R1_half_bound,0.15,0.2,0.925,undetermined,0.706
R1_half_bound,0.15,0.2,0.925,kept,0.23075
R1_half_bound,0.15,0.2,0.925,flattened,0.0495
R1_half_bound,0.15,0.2,0.925,steepened,0.0135
R1_half_bound,0.15,0.2,0.925,missing,0.00025
R2_reorder,0.15,0.2,0.925,kept,0.91275
R2_reorder,0.15,0.2,0.925,flattened,0.04975
R2_reorder,0.15,0.2,0.925,undetermined,0.024
R2_reorder,0.15,0.2,0.925,steepened,0.0135
R3_interval,0.15,0.2,0.925,undetermined,0.53625
R3_interval,0.15,0.2,0.925,flattened or kept,0.27475
R3_interval,0.15,0.2,0.925,kept or steepened,0.1805
R3_interval,0.15,0.2,0.925,missing or flattened,0.0065
R3_interval,0.15,0.2,0.925,steepened,0.002
R0_current,0.15,0.2,0.95,kept,0.9135
R0_current,0.15,0.2,0.95,missing,0.04025
R0_current,0.15,0.2,0.95,undetermined,0.02825
R0_current,0.15,0.2,0.95,steepened,0.018
R1_half_bound,0.15,0.2,0.95,undetermined,0.682
R1_half_bound,0.15,0.2,0.95,kept,0.25975
R1_half_bound,0.15,0.2,0.95,flattened,0.04
R1_half_bound,0.15,0.2,0.95,steepened,0.018
R1_half_bound,0.15,0.2,0.95,missing,0.00025
R2_reorder,0.15,0.2,0.95,kept,0.9135
R2_reorder,0.15,0.2,0.95,flattened,0.04025
R2_reorder,0.15,0.2,0.95,undetermined,0.02825
R2_reorder,0.15,0.2,0.95,steepened,0.018
R3_interval,0.15,0.2,0.95,undetermined,0.53275
R3_interval,0.15,0.2,0.95,flattened or kept,0.24425
R3_interval,0.15,0.2,0.95,kept or steepened,0.21125
R3_interval,0.15,0.2,0.95,missing or flattened,0.00775
R3_interval,0.15,0.2,0.95,steepened,0.004
R0_current,0.15,0.2,0.975,kept,0.92375
R0_current,0.15,0.2,0.975,missing,0.03275
R0_current,0.15,0.2,0.975,undetermined,0.02625
R0_current,0.15,0.2,0.975,steepened,0.01725
R1_half_bound,0.15,0.2,0.975,undetermined,0.6745
R1_half_bound,0.15,0.2,0.975,kept,0.2755
R1_half_bound,0.15,0.2,0.975,flattened,0.03225
R1_half_bound,0.15,0.2,0.975,steepened,0.01725
R1_half_bound,0.15,0.2,0.975,missing,0.0005
R2_reorder,0.15,0.2,0.975,kept,0.92375
R2_reorder,0.15,0.2,0.975,flattened,0.03275
R2_reorder,0.15,0.2,0.975,undetermined,0.02625
R2_reorder,0.15,0.2,0.975,steepened,0.01725
R3_interval,0.15,0.2,0.975,undetermined,0.528
R3_interval,0.15,0.2,0.975,kept or steepened,0.232
R3_interval,0.15,0.2,0.975,flattened or kept,0.22975
R3_interval,0.15,0.2,0.975,missing or flattened,0.00675
R3_interval,0.15,0.2,0.975,steepened,0.0035
R0_current,0.15,0.2,1.0,kept,0.9225
R0_current,0.15,0.2,1.0,undetermined,0.03075
R0_current,0.15,0.2,1.0,missing,0.0255
R0_current,0.15,0.2,1.0,steepened,0.02125
R1_half_bound,0.15,0.2,1.0,undetermined,0.6745
R1_half_bound,0.15,0.2,1.0,kept,0.27875
R1_half_bound,0.15,0.2,1.0,flattened,0.0255
R1_half_bound,0.15,0.2,1.0,steepened,0.02125
R2_reorder,0.15,0.2,1.0,kept,0.9225
R2_reorder,0.15,0.2,1.0,undetermined,0.03075
R2_reorder,0.15,0.2,1.0,flattened,0.0255
R2_reorder,0.15,0.2,1.0,steepened,0.02125
R3_interval,0.15,0.2,1.0,undetermined,0.5025
R3_interval,0.15,0.2,1.0,kept or steepened,0.2825
R3_interval,0.15,0.2,1.0,flattened or kept,0.20925
R3_interval,0.15,0.2,1.0,steepened,0.004
R3_interval,0.15,0.2,1.0,missing or flattened,0.00175
R0_current,0.15,0.2,1.025,kept,0.91275
R0_current,0.15,0.2,1.025,undetermined,0.035
R0_current,0.15,0.2,1.025,steepened,0.033
R0_current,0.15,0.2,1.025,missing,0.01925
R1_half_bound,0.15,0.2,1.025,undetermined,0.6635
R1_half_bound,0.15,0.2,1.025,kept,0.28425
R1_half_bound,0.15,0.2,1.025,steepened,0.033
R1_half_bound,0.15,0.2,1.025,flattened,0.01925
R2_reorder,0.15,0.2,1.025,kept,0.91275
R2_reorder,0.15,0.2,1.025,undetermined,0.035
R2_reorder,0.15,0.2,1.025,steepened,0.033
R2_reorder,0.15,0.2,1.025,flattened,0.01925
R3_interval,0.15,0.2,1.025,undetermined,0.484
R3_interval,0.15,0.2,1.025,kept or steepened,0.32525
R3_interval,0.15,0.2,1.025,flattened or kept,0.18375
R3_interval,0.15,0.2,1.025,steepened,0.0055
R3_interval,0.15,0.2,1.025,missing or flattened,0.0015
R0_current,0.15,0.2,1.05,kept,0.91725
R0_current,0.15,0.2,1.05,steepened,0.03825
R0_current,0.15,0.2,1.05,undetermined,0.02975
R0_current,0.15,0.2,1.05,missing,0.01475
R1_half_bound,0.15,0.2,1.05,undetermined,0.663
R1_half_bound,0.15,0.2,1.05,kept,0.284
R1_half_bound,0.15,0.2,1.05,steepened,0.03825
R1_half_bound,0.15,0.2,1.05,flattened,0.01475
R2_reorder,0.15,0.2,1.05,kept,0.91725
R2_reorder,0.15,0.2,1.05,steepened,0.03825
R2_reorder,0.15,0.2,1.05,undetermined,0.02975
R2_reorder,0.15,0.2,1.05,flattened,0.01475
R3_interval,0.15,0.2,1.05,undetermined,0.46525
R3_interval,0.15,0.2,1.05,kept or steepened,0.35325
R3_interval,0.15,0.2,1.05,flattened or kept,0.16975
R3_interval,0.15,0.2,1.05,steepened,0.00975
R3_interval,0.15,0.2,1.05,missing or flattened,0.00175
R3_interval,0.15,0.2,1.05,flattened,0.00025
R0_current,0.15,0.2,1.075,kept,0.90025
R0_current,0.15,0.2,1.075,steepened,0.0495
R0_current,0.15,0.2,1.075,undetermined,0.038
R0_current,0.15,0.2,1.075,missing,0.01225
R1_half_bound,0.15,0.2,1.075,undetermined,0.6485
R1_half_bound,0.15,0.2,1.075,kept,0.28975
R1_half_bound,0.15,0.2,1.075,steepened,0.0495
R1_half_bound,0.15,0.2,1.075,flattened,0.01225
R2_reorder,0.15,0.2,1.075,kept,0.90025
R2_reorder,0.15,0.2,1.075,steepened,0.0495
R2_reorder,0.15,0.2,1.075,undetermined,0.038
R2_reorder,0.15,0.2,1.075,flattened,0.01225
R3_interval,0.15,0.2,1.075,undetermined,0.44725
R3_interval,0.15,0.2,1.075,kept or steepened,0.3915
R3_interval,0.15,0.2,1.075,flattened or kept,0.14825
R3_interval,0.15,0.2,1.075,steepened,0.0125
R3_interval,0.15,0.2,1.075,missing or flattened,0.0005
R0_current,0.15,0.2,1.1,kept,0.887
R0_current,0.15,0.2,1.1,steepened,0.064
R0_current,0.15,0.2,1.1,undetermined,0.03825
R0_current,0.15,0.2,1.1,missing,0.01075
R1_half_bound,0.15,0.2,1.1,undetermined,0.62775
R1_half_bound,0.15,0.2,1.1,kept,0.2975
R1_half_bound,0.15,0.2,1.1,steepened,0.064
R1_half_bound,0.15,0.2,1.1,flattened,0.01075
R2_reorder,0.15,0.2,1.1,kept,0.887
R2_reorder,0.15,0.2,1.1,steepened,0.064
R2_reorder,0.15,0.2,1.1,undetermined,0.03825
R2_reorder,0.15,0.2,1.1,flattened,0.01075
R3_interval,0.15,0.2,1.1,kept or steepened,0.43125
R3_interval,0.15,0.2,1.1,undetermined,0.42575
R3_interval,0.15,0.2,1.1,flattened or kept,0.1255
R3_interval,0.15,0.2,1.1,steepened,0.01575
R3_interval,0.15,0.2,1.1,missing or flattened,0.00175
R0_current,0.15,0.2,1.125,kept,0.87425
R0_current,0.15,0.2,1.125,steepened,0.074
R0_current,0.15,0.2,1.125,undetermined,0.04275
R0_current,0.15,0.2,1.125,missing,0.009
R1_half_bound,0.15,0.2,1.125,undetermined,0.63925
R1_half_bound,0.15,0.2,1.125,kept,0.27775
R1_half_bound,0.15,0.2,1.125,steepened,0.074
R1_half_bound,0.15,0.2,1.125,flattened,0.009
R2_reorder,0.15,0.2,1.125,kept,0.87425
R2_reorder,0.15,0.2,1.125,steepened,0.074
R2_reorder,0.15,0.2,1.125,undetermined,0.04275
R2_reorder,0.15,0.2,1.125,flattened,0.009
R3_interval,0.15,0.2,1.125,kept or steepened,0.4855
R3_interval,0.15,0.2,1.125,undetermined,0.38725
R3_interval,0.15,0.2,1.125,flattened or kept,0.1065
R3_interval,0.15,0.2,1.125,steepened,0.0205
R3_interval,0.15,0.2,1.125,missing or flattened,0.00025
R0_current,0.15,0.2,1.15,kept,0.872
R0_current,0.15,0.2,1.15,steepened,0.08375
R0_current,0.15,0.2,1.15,undetermined,0.03925
R0_current,0.15,0.2,1.15,missing,0.005
R1_half_bound,0.15,0.2,1.15,undetermined,0.6255
R1_half_bound,0.15,0.2,1.15,kept,0.28575
R1_half_bound,0.15,0.2,1.15,steepened,0.08375
R1_half_bound,0.15,0.2,1.15,flattened,0.005
R2_reorder,0.15,0.2,1.15,kept,0.872
R2_reorder,0.15,0.2,1.15,steepened,0.08375
R2_reorder,0.15,0.2,1.15,undetermined,0.03925
R2_reorder,0.15,0.2,1.15,flattened,0.005
R3_interval,0.15,0.2,1.15,kept or steepened,0.51025
R3_interval,0.15,0.2,1.15,undetermined,0.36725
R3_interval,0.15,0.2,1.15,flattened or kept,0.0965
R3_interval,0.15,0.2,1.15,steepened,0.02575
R3_interval,0.15,0.2,1.15,missing or flattened,0.00025
R0_current,0.15,0.2,1.175,kept,0.86025
R0_current,0.15,0.2,1.175,steepened,0.1035
R0_current,0.15,0.2,1.175,undetermined,0.03375
R0_current,0.15,0.2,1.175,missing,0.0025
R1_half_bound,0.15,0.2,1.175,undetermined,0.62325
R1_half_bound,0.15,0.2,1.175,kept,0.27075
R1_half_bound,0.15,0.2,1.175,steepened,0.1035
R1_half_bound,0.15,0.2,1.175,flattened,0.0025
R2_reorder,0.15,0.2,1.175,kept,0.86025
R2_reorder,0.15,0.2,1.175,steepened,0.1035
R2_reorder,0.15,0.2,1.175,undetermined,0.03375
R2_reorder,0.15,0.2,1.175,flattened,0.0025
R3_interval,0.15,0.2,1.175,kept or steepened,0.557
R3_interval,0.15,0.2,1.175,undetermined,0.331
R3_interval,0.15,0.2,1.175,flattened or kept,0.08575
R3_interval,0.15,0.2,1.175,steepened,0.02625
R0_current,0.15,0.2,1.2,kept,0.84025
R0_current,0.15,0.2,1.2,steepened,0.11575
R0_current,0.15,0.2,1.2,undetermined,0.041
R0_current,0.15,0.2,1.2,missing,0.003
R1_half_bound,0.15,0.2,1.2,undetermined,0.61375
R1_half_bound,0.15,0.2,1.2,kept,0.2675
R1_half_bound,0.15,0.2,1.2,steepened,0.11575
R1_half_bound,0.15,0.2,1.2,flattened,0.003
R2_reorder,0.15,0.2,1.2,kept,0.84025
R2_reorder,0.15,0.2,1.2,steepened,0.11575
R2_reorder,0.15,0.2,1.2,undetermined,0.041
R2_reorder,0.15,0.2,1.2,flattened,0.003
R3_interval,0.15,0.2,1.2,kept or steepened,0.59125
R3_interval,0.15,0.2,1.2,undetermined,0.2995
R3_interval,0.15,0.2,1.2,flattened or kept,0.0735
R3_interval,0.15,0.2,1.2,steepened,0.0355
R3_interval,0.15,0.2,1.2,missing or flattened,0.00025
R0_current,0.15,0.2,1.225,kept,0.81975
R0_current,0.15,0.2,1.225,steepened,0.13675
R0_current,0.15,0.2,1.225,undetermined,0.0395
R0_current,0.15,0.2,1.225,missing,0.004
R1_half_bound,0.15,0.2,1.225,undetermined,0.6075
R1_half_bound,0.15,0.2,1.225,kept,0.25175
R1_half_bound,0.15,0.2,1.225,steepened,0.13675
R1_half_bound,0.15,0.2,1.225,flattened,0.004
R2_reorder,0.15,0.2,1.225,kept,0.81975
R2_reorder,0.15,0.2,1.225,steepened,0.13675
R2_reorder,0.15,0.2,1.225,undetermined,0.0395
R2_reorder,0.15,0.2,1.225,flattened,0.004
R3_interval,0.15,0.2,1.225,kept or steepened,0.6195
R3_interval,0.15,0.2,1.225,undetermined,0.275
R3_interval,0.15,0.2,1.225,flattened or kept,0.06575
R3_interval,0.15,0.2,1.225,steepened,0.039
R3_interval,0.15,0.2,1.225,missing or flattened,0.00075
R0_current,0.15,0.2,1.25,kept,0.7895
R0_current,0.15,0.2,1.25,steepened,0.16975
R0_current,0.15,0.2,1.25,undetermined,0.039
R0_current,0.15,0.2,1.25,missing,0.00175
R1_half_bound,0.15,0.2,1.25,undetermined,0.5885
R1_half_bound,0.15,0.2,1.25,kept,0.24
R1_half_bound,0.15,0.2,1.25,steepened,0.16975
R1_half_bound,0.15,0.2,1.25,flattened,0.00175
R2_reorder,0.15,0.2,1.25,kept,0.7895
R2_reorder,0.15,0.2,1.25,steepened,0.16975
R2_reorder,0.15,0.2,1.25,undetermined,0.039
R2_reorder,0.15,0.2,1.25,flattened,0.00175
R3_interval,0.15,0.2,1.25,kept or steepened,0.651
R3_interval,0.15,0.2,1.25,undetermined,0.245
R3_interval,0.15,0.2,1.25,flattened or kept,0.05225
R3_interval,0.15,0.2,1.25,steepened,0.05175
R0_current,0.15,0.2,1.275,kept,0.7795
R0_current,0.15,0.2,1.275,steepened,0.18825
R0_current,0.15,0.2,1.275,undetermined,0.0315
R0_current,0.15,0.2,1.275,missing,0.00075
R1_half_bound,0.15,0.2,1.275,undetermined,0.5885
R1_half_bound,0.15,0.2,1.275,kept,0.2225
R1_half_bound,0.15,0.2,1.275,steepened,0.18825
R1_half_bound,0.15,0.2,1.275,flattened,0.00075
R2_reorder,0.15,0.2,1.275,kept,0.7795
R2_reorder,0.15,0.2,1.275,steepened,0.18825
R2_reorder,0.15,0.2,1.275,undetermined,0.0315
R2_reorder,0.15,0.2,1.275,flattened,0.00075
R3_interval,0.15,0.2,1.275,kept or steepened,0.6715
R3_interval,0.15,0.2,1.275,undetermined,0.227
R3_interval,0.15,0.2,1.275,steepened,0.059
R3_interval,0.15,0.2,1.275,flattened or kept,0.0425
R0_current,0.15,0.2,1.3,kept,0.74375
R0_current,0.15,0.2,1.3,steepened,0.218
R0_current,0.15,0.2,1.3,undetermined,0.038
R0_current,0.15,0.2,1.3,missing,0.00025
R1_half_bound,0.15,0.2,1.3,undetermined,0.56825
R1_half_bound,0.15,0.2,1.3,steepened,0.218
R1_half_bound,0.15,0.2,1.3,kept,0.2135
R1_half_bound,0.15,0.2,1.3,flattened,0.00025
R2_reorder,0.15,0.2,1.3,kept,0.74375
R2_reorder,0.15,0.2,1.3,steepened,0.218
R2_reorder,0.15,0.2,1.3,undetermined,0.038
R2_reorder,0.15,0.2,1.3,flattened,0.00025
R3_interval,0.15,0.2,1.3,kept or steepened,0.69375
R3_interval,0.15,0.2,1.3,undetermined,0.205
R3_interval,0.15,0.2,1.3,steepened,0.07325
R3_interval,0.15,0.2,1.3,flattened or kept,0.028
R0_current,0.15,0.2,1.325,kept,0.72125
R0_current,0.15,0.2,1.325,steepened,0.241
R0_current,0.15,0.2,1.325,undetermined,0.03775
R1_half_bound,0.15,0.2,1.325,undetermined,0.56075
R1_half_bound,0.15,0.2,1.325,steepened,0.241
R1_half_bound,0.15,0.2,1.325,kept,0.19825
R2_reorder,0.15,0.2,1.325,kept,0.72125
R2_reorder,0.15,0.2,1.325,steepened,0.241
R2_reorder,0.15,0.2,1.325,undetermined,0.03775
R3_interval,0.15,0.2,1.325,kept or steepened,0.724
R3_interval,0.15,0.2,1.325,undetermined,0.1755
R3_interval,0.15,0.2,1.325,steepened,0.07725
R3_interval,0.15,0.2,1.325,flattened or kept,0.02325
R0_current,0.15,0.2,1.35,kept,0.68375
R0_current,0.15,0.2,1.35,steepened,0.286
R0_current,0.15,0.2,1.35,undetermined,0.02975
R0_current,0.15,0.2,1.35,missing,0.0005
R1_half_bound,0.15,0.2,1.35,undetermined,0.547
R1_half_bound,0.15,0.2,1.35,steepened,0.286
R1_half_bound,0.15,0.2,1.35,kept,0.1665
R1_half_bound,0.15,0.2,1.35,flattened,0.0005
R2_reorder,0.15,0.2,1.35,kept,0.68375
R2_reorder,0.15,0.2,1.35,steepened,0.286
R2_reorder,0.15,0.2,1.35,undetermined,0.02975
R2_reorder,0.15,0.2,1.35,flattened,0.0005
R3_interval,0.15,0.2,1.35,kept or steepened,0.73275
R3_interval,0.15,0.2,1.35,undetermined,0.1365
R3_interval,0.15,0.2,1.35,steepened,0.10625
R3_interval,0.15,0.2,1.35,flattened or kept,0.0245
R0_current,0.15,0.2,1.375,kept,0.65025
R0_current,0.15,0.2,1.375,steepened,0.3205
R0_current,0.15,0.2,1.375,undetermined,0.02925
R1_half_bound,0.15,0.2,1.375,undetermined,0.52225
R1_half_bound,0.15,0.2,1.375,steepened,0.3205
R1_half_bound,0.15,0.2,1.375,kept,0.15725
R2_reorder,0.15,0.2,1.375,kept,0.65025
R2_reorder,0.15,0.2,1.375,steepened,0.3205
R2_reorder,0.15,0.2,1.375,undetermined,0.02925
R3_interval,0.15,0.2,1.375,kept or steepened,0.727
R3_interval,0.15,0.2,1.375,steepened,0.12625
R3_interval,0.15,0.2,1.375,undetermined,0.12425
R3_interval,0.15,0.2,1.375,flattened or kept,0.0225
R0_current,0.15,0.2,1.4,kept,0.61625
R0_current,0.15,0.2,1.4,steepened,0.35575
R0_current,0.15,0.2,1.4,undetermined,0.028
R1_half_bound,0.15,0.2,1.4,undetermined,0.51125
R1_half_bound,0.15,0.2,1.4,steepened,0.35575
R1_half_bound,0.15,0.2,1.4,kept,0.133
R2_reorder,0.15,0.2,1.4,kept,0.61625
R2_reorder,0.15,0.2,1.4,steepened,0.35575
R2_reorder,0.15,0.2,1.4,undetermined,0.028
R3_interval,0.15,0.2,1.4,kept or steepened,0.7475
R3_interval,0.15,0.2,1.4,steepened,0.1385
R3_interval,0.15,0.2,1.4,undetermined,0.0995
R3_interval,0.15,0.2,1.4,flattened or kept,0.0145
R0_current,0.15,0.2,1.425,kept,0.58575
R0_current,0.15,0.2,1.425,steepened,0.38825
R0_current,0.15,0.2,1.425,undetermined,0.026
R1_half_bound,0.15,0.2,1.425,undetermined,0.487
R1_half_bound,0.15,0.2,1.425,steepened,0.38825
R1_half_bound,0.15,0.2,1.425,kept,0.12475
R2_reorder,0.15,0.2,1.425,kept,0.58575
R2_reorder,0.15,0.2,1.425,steepened,0.38825
R2_reorder,0.15,0.2,1.425,undetermined,0.026
R3_interval,0.15,0.2,1.425,kept or steepened,0.7445
R3_interval,0.15,0.2,1.425,steepened,0.15525
R3_interval,0.15,0.2,1.425,undetermined,0.091
R3_interval,0.15,0.2,1.425,flattened or kept,0.00925
R0_current,0.15,0.2,1.45,kept,0.5445
R0_current,0.15,0.2,1.45,steepened,0.4315
R0_current,0.15,0.2,1.45,undetermined,0.024
R1_half_bound,0.15,0.2,1.45,undetermined,0.4595
R1_half_bound,0.15,0.2,1.45,steepened,0.4315
R1_half_bound,0.15,0.2,1.45,kept,0.109
R2_reorder,0.15,0.2,1.45,kept,0.5445
R2_reorder,0.15,0.2,1.45,steepened,0.4315
R2_reorder,0.15,0.2,1.45,undetermined,0.024
R3_interval,0.15,0.2,1.45,kept or steepened,0.7335
R3_interval,0.15,0.2,1.45,steepened,0.182
R3_interval,0.15,0.2,1.45,undetermined,0.07475
R3_interval,0.15,0.2,1.45,flattened or kept,0.00975
R0_current,0.15,0.2,1.475,kept,0.51125
R0_current,0.15,0.2,1.475,steepened,0.46975
R0_current,0.15,0.2,1.475,undetermined,0.019
R1_half_bound,0.15,0.2,1.475,steepened,0.46975
R1_half_bound,0.15,0.2,1.475,undetermined,0.4365
R1_half_bound,0.15,0.2,1.475,kept,0.09375
R2_reorder,0.15,0.2,1.475,kept,0.51125
R2_reorder,0.15,0.2,1.475,steepened,0.46975
R2_reorder,0.15,0.2,1.475,undetermined,0.019
R3_interval,0.15,0.2,1.475,kept or steepened,0.749
R3_interval,0.15,0.2,1.475,steepened,0.18575
R3_interval,0.15,0.2,1.475,undetermined,0.05725
R3_interval,0.15,0.2,1.475,flattened or kept,0.008
R0_current,0.15,0.2,1.5,steepened,0.5045
R0_current,0.15,0.2,1.5,kept,0.47925
R0_current,0.15,0.2,1.5,undetermined,0.01625
R1_half_bound,0.15,0.2,1.5,steepened,0.5045
R1_half_bound,0.15,0.2,1.5,undetermined,0.4115
R1_half_bound,0.15,0.2,1.5,kept,0.084
R2_reorder,0.15,0.2,1.5,steepened,0.5045
R2_reorder,0.15,0.2,1.5,kept,0.47925
R2_reorder,0.15,0.2,1.5,undetermined,0.01625
R3_interval,0.15,0.2,1.5,kept or steepened,0.71175
R3_interval,0.15,0.2,1.5,steepened,0.22975
R3_interval,0.15,0.2,1.5,undetermined,0.05275
R3_interval,0.15,0.2,1.5,flattened or kept,0.00575
R0_current,0.15,0.2,1.525,steepened,0.5465
R0_current,0.15,0.2,1.525,kept,0.439
R0_current,0.15,0.2,1.525,undetermined,0.0145
R1_half_bound,0.15,0.2,1.525,steepened,0.5465
R1_half_bound,0.15,0.2,1.525,undetermined,0.386
R1_half_bound,0.15,0.2,1.525,kept,0.0675
R2_reorder,0.15,0.2,1.525,steepened,0.5465
R2_reorder,0.15,0.2,1.525,kept,0.439
R2_reorder,0.15,0.2,1.525,undetermined,0.0145
R3_interval,0.15,0.2,1.525,kept or steepened,0.7135
R3_interval,0.15,0.2,1.525,steepened,0.251
R3_interval,0.15,0.2,1.525,undetermined,0.032
R3_interval,0.15,0.2,1.525,flattened or kept,0.0035
R0_current,0.15,0.2,1.55,steepened,0.60225
R0_current,0.15,0.2,1.55,kept,0.38675
R0_current,0.15,0.2,1.55,undetermined,0.011
R1_half_bound,0.15,0.2,1.55,steepened,0.60225
R1_half_bound,0.15,0.2,1.55,undetermined,0.3415
R1_half_bound,0.15,0.2,1.55,kept,0.05625
R2_reorder,0.15,0.2,1.55,steepened,0.60225
R2_reorder,0.15,0.2,1.55,kept,0.38675
R2_reorder,0.15,0.2,1.55,undetermined,0.011
R3_interval,0.15,0.2,1.55,kept or steepened,0.6675
R3_interval,0.15,0.2,1.55,steepened,0.30175
R3_interval,0.15,0.2,1.55,undetermined,0.02975
R3_interval,0.15,0.2,1.55,flattened or kept,0.001
R0_current,0.15,0.2,1.575,steepened,0.62925
R0_current,0.15,0.2,1.575,kept,0.3625
R0_current,0.15,0.2,1.575,undetermined,0.00825
R1_half_bound,0.15,0.2,1.575,steepened,0.62925
R1_half_bound,0.15,0.2,1.575,undetermined,0.323
R1_half_bound,0.15,0.2,1.575,kept,0.04775
R2_reorder,0.15,0.2,1.575,steepened,0.62925
R2_reorder,0.15,0.2,1.575,kept,0.3625
R2_reorder,0.15,0.2,1.575,undetermined,0.00825
R3_interval,0.15,0.2,1.575,kept or steepened,0.6645
R3_interval,0.15,0.2,1.575,steepened,0.31075
R3_interval,0.15,0.2,1.575,undetermined,0.022
R3_interval,0.15,0.2,1.575,flattened or kept,0.00275
R0_current,0.15,0.2,1.6,steepened,0.673
R0_current,0.15,0.2,1.6,kept,0.3175
R0_current,0.15,0.2,1.6,undetermined,0.0095
R1_half_bound,0.15,0.2,1.6,steepened,0.673
R1_half_bound,0.15,0.2,1.6,undetermined,0.283
R1_half_bound,0.15,0.2,1.6,kept,0.044
R2_reorder,0.15,0.2,1.6,steepened,0.673
R2_reorder,0.15,0.2,1.6,kept,0.3175
R2_reorder,0.15,0.2,1.6,undetermined,0.0095
R3_interval,0.15,0.2,1.6,kept or steepened,0.62175
R3_interval,0.15,0.2,1.6,steepened,0.35975
R3_interval,0.15,0.2,1.6,undetermined,0.01675
R3_interval,0.15,0.2,1.6,flattened or kept,0.00175
R0_current,0.15,0.2,1.625,steepened,0.69675
R0_current,0.15,0.2,1.625,kept,0.29725
R0_current,0.15,0.2,1.625,undetermined,0.006
R1_half_bound,0.15,0.2,1.625,steepened,0.69675
R1_half_bound,0.15,0.2,1.625,undetermined,0.26825
R1_half_bound,0.15,0.2,1.625,kept,0.035
R2_reorder,0.15,0.2,1.625,steepened,0.69675
R2_reorder,0.15,0.2,1.625,kept,0.29725
R2_reorder,0.15,0.2,1.625,undetermined,0.006
R3_interval,0.15,0.2,1.625,kept or steepened,0.598
R3_interval,0.15,0.2,1.625,steepened,0.3865
R3_interval,0.15,0.2,1.625,undetermined,0.01475
R3_interval,0.15,0.2,1.625,flattened or kept,0.00075
R0_current,0.15,0.2,1.65,steepened,0.72975
R0_current,0.15,0.2,1.65,kept,0.26625
R0_current,0.15,0.2,1.65,undetermined,0.004
R1_half_bound,0.15,0.2,1.65,steepened,0.72975
R1_half_bound,0.15,0.2,1.65,undetermined,0.23425
R1_half_bound,0.15,0.2,1.65,kept,0.036
R2_reorder,0.15,0.2,1.65,steepened,0.72975
R2_reorder,0.15,0.2,1.65,kept,0.26625
R2_reorder,0.15,0.2,1.65,undetermined,0.004
R3_interval,0.15,0.2,1.65,kept or steepened,0.57325
R3_interval,0.15,0.2,1.65,steepened,0.4145
R3_interval,0.15,0.2,1.65,undetermined,0.011
R3_interval,0.15,0.2,1.65,flattened or kept,0.00125
R0_current,0.15,0.2,1.675,steepened,0.76375
R0_current,0.15,0.2,1.675,kept,0.23075
R0_current,0.15,0.2,1.675,undetermined,0.0055
R1_half_bound,0.15,0.2,1.675,steepened,0.76375
R1_half_bound,0.15,0.2,1.675,undetermined,0.21325
R1_half_bound,0.15,0.2,1.675,kept,0.023
R2_reorder,0.15,0.2,1.675,steepened,0.76375
R2_reorder,0.15,0.2,1.675,kept,0.23075
R2_reorder,0.15,0.2,1.675,undetermined,0.0055
R3_interval,0.15,0.2,1.675,kept or steepened,0.541
R3_interval,0.15,0.2,1.675,steepened,0.451
R3_interval,0.15,0.2,1.675,undetermined,0.00775
R3_interval,0.15,0.2,1.675,flattened or kept,0.00025
R0_current,0.15,0.2,1.7,steepened,0.792
R0_current,0.15,0.2,1.7,kept,0.20425
R0_current,0.15,0.2,1.7,undetermined,0.00375
R1_half_bound,0.15,0.2,1.7,steepened,0.792
R1_half_bound,0.15,0.2,1.7,undetermined,0.18925
R1_half_bound,0.15,0.2,1.7,kept,0.01875
R2_reorder,0.15,0.2,1.7,steepened,0.792
R2_reorder,0.15,0.2,1.7,kept,0.20425
R2_reorder,0.15,0.2,1.7,undetermined,0.00375
R3_interval,0.15,0.2,1.7,kept or steepened,0.49875
R3_interval,0.15,0.2,1.7,steepened,0.49625
R3_interval,0.15,0.2,1.7,undetermined,0.005
R0_current,0.15,0.2,1.725,steepened,0.82775
R0_current,0.15,0.2,1.725,kept,0.17075
R0_current,0.15,0.2,1.725,undetermined,0.0015
R1_half_bound,0.15,0.2,1.725,steepened,0.82775
R1_half_bound,0.15,0.2,1.725,undetermined,0.158
R1_half_bound,0.15,0.2,1.725,kept,0.01425
R2_reorder,0.15,0.2,1.725,steepened,0.82775
R2_reorder,0.15,0.2,1.725,kept,0.17075
R2_reorder,0.15,0.2,1.725,undetermined,0.0015
R3_interval,0.15,0.2,1.725,steepened,0.5315
R3_interval,0.15,0.2,1.725,kept or steepened,0.465
R3_interval,0.15,0.2,1.725,undetermined,0.0035
R0_current,0.15,0.2,1.75,steepened,0.85675
R0_current,0.15,0.2,1.75,kept,0.14275
R0_current,0.15,0.2,1.75,undetermined,0.0005
R1_half_bound,0.15,0.2,1.75,steepened,0.85675
R1_half_bound,0.15,0.2,1.75,undetermined,0.13
R1_half_bound,0.15,0.2,1.75,kept,0.01325
R2_reorder,0.15,0.2,1.75,steepened,0.85675
R2_reorder,0.15,0.2,1.75,kept,0.14275
R2_reorder,0.15,0.2,1.75,undetermined,0.0005
R3_interval,0.15,0.2,1.75,steepened,0.57525
R3_interval,0.15,0.2,1.75,kept or steepened,0.42175
R3_interval,0.15,0.2,1.75,undetermined,0.003
R0_current,0.15,0.2,1.775,steepened,0.879
R0_current,0.15,0.2,1.775,kept,0.121
R1_half_bound,0.15,0.2,1.775,steepened,0.879
R1_half_bound,0.15,0.2,1.775,undetermined,0.11125
R1_half_bound,0.15,0.2,1.775,kept,0.00975
R2_reorder,0.15,0.2,1.775,steepened,0.879
R2_reorder,0.15,0.2,1.775,kept,0.121
R3_interval,0.15,0.2,1.775,steepened,0.60525
R3_interval,0.15,0.2,1.775,kept or steepened,0.39325
R3_interval,0.15,0.2,1.775,undetermined,0.00125
R3_interval,0.15,0.2,1.775,flattened or kept,0.00025
R0_current,0.15,0.2,1.8,steepened,0.883
R0_current,0.15,0.2,1.8,kept,0.116
R0_current,0.15,0.2,1.8,undetermined,0.001
R1_half_bound,0.15,0.2,1.8,steepened,0.883
R1_half_bound,0.15,0.2,1.8,undetermined,0.105
R1_half_bound,0.15,0.2,1.8,kept,0.012
R2_reorder,0.15,0.2,1.8,steepened,0.883
R2_reorder,0.15,0.2,1.8,kept,0.116
R2_reorder,0.15,0.2,1.8,undetermined,0.001
R3_interval,0.15,0.2,1.8,steepened,0.62425
R3_interval,0.15,0.2,1.8,kept or steepened,0.37225
R3_interval,0.15,0.2,1.8,undetermined,0.003
R3_interval,0.15,0.2,1.8,flattened or kept,0.0005
R0_current,0.15,0.2,1.825,steepened,0.91325
R0_current,0.15,0.2,1.825,kept,0.0865
R0_current,0.15,0.2,1.825,undetermined,0.00025
R1_half_bound,0.15,0.2,1.825,steepened,0.91325
R1_half_bound,0.15,0.2,1.825,undetermined,0.07775
R1_half_bound,0.15,0.2,1.825,kept,0.009
R2_reorder,0.15,0.2,1.825,steepened,0.91325
R2_reorder,0.15,0.2,1.825,kept,0.0865
R2_reorder,0.15,0.2,1.825,undetermined,0.00025
R3_interval,0.15,0.2,1.825,steepened,0.68625
R3_interval,0.15,0.2,1.825,kept or steepened,0.31125
R3_interval,0.15,0.2,1.825,undetermined,0.002
R3_interval,0.15,0.2,1.825,flattened or kept,0.0005
R0_current,0.15,0.2,1.85,steepened,0.915
R0_current,0.15,0.2,1.85,kept,0.0845
R0_current,0.15,0.2,1.85,undetermined,0.0005
R1_half_bound,0.15,0.2,1.85,steepened,0.915
R1_half_bound,0.15,0.2,1.85,undetermined,0.079
R1_half_bound,0.15,0.2,1.85,kept,0.006
R2_reorder,0.15,0.2,1.85,steepened,0.915
R2_reorder,0.15,0.2,1.85,kept,0.0845
R2_reorder,0.15,0.2,1.85,undetermined,0.0005
R3_interval,0.15,0.2,1.85,steepened,0.6995
R3_interval,0.15,0.2,1.85,kept or steepened,0.2995
R3_interval,0.15,0.2,1.85,undetermined,0.00075
R3_interval,0.15,0.2,1.85,flattened or kept,0.00025
R0_current,0.15,0.2,1.875,steepened,0.935
R0_current,0.15,0.2,1.875,kept,0.0645
R0_current,0.15,0.2,1.875,undetermined,0.0005
R1_half_bound,0.15,0.2,1.875,steepened,0.935
R1_half_bound,0.15,0.2,1.875,undetermined,0.0595
R1_half_bound,0.15,0.2,1.875,kept,0.0055
R2_reorder,0.15,0.2,1.875,steepened,0.935
R2_reorder,0.15,0.2,1.875,kept,0.0645
R2_reorder,0.15,0.2,1.875,undetermined,0.0005
R3_interval,0.15,0.2,1.875,steepened,0.7315
R3_interval,0.15,0.2,1.875,kept or steepened,0.26725
R3_interval,0.15,0.2,1.875,undetermined,0.00125
R0_current,0.15,0.2,1.9,steepened,0.94475
R0_current,0.15,0.2,1.9,kept,0.05475
R0_current,0.15,0.2,1.9,undetermined,0.0005
R1_half_bound,0.15,0.2,1.9,steepened,0.94475
R1_half_bound,0.15,0.2,1.9,undetermined,0.05075
R1_half_bound,0.15,0.2,1.9,kept,0.0045
R2_reorder,0.15,0.2,1.9,steepened,0.94475
R2_reorder,0.15,0.2,1.9,kept,0.05475
R2_reorder,0.15,0.2,1.9,undetermined,0.0005
R3_interval,0.15,0.2,1.9,steepened,0.77575
R3_interval,0.15,0.2,1.9,kept or steepened,0.22425
R0_current,0.15,0.2,1.925,steepened,0.95075
R0_current,0.15,0.2,1.925,kept,0.049
R0_current,0.15,0.2,1.925,undetermined,0.00025
R1_half_bound,0.15,0.2,1.925,steepened,0.95075
R1_half_bound,0.15,0.2,1.925,undetermined,0.046
R1_half_bound,0.15,0.2,1.925,kept,0.00325
R2_reorder,0.15,0.2,1.925,steepened,0.95075
R2_reorder,0.15,0.2,1.925,kept,0.049
R2_reorder,0.15,0.2,1.925,undetermined,0.00025
R3_interval,0.15,0.2,1.925,steepened,0.79225
R3_interval,0.15,0.2,1.925,kept or steepened,0.20725
R3_interval,0.15,0.2,1.925,undetermined,0.0005
R0_current,0.15,0.2,1.95,steepened,0.9695
R0_current,0.15,0.2,1.95,kept,0.0305
R1_half_bound,0.15,0.2,1.95,steepened,0.9695
R1_half_bound,0.15,0.2,1.95,undetermined,0.02875
R1_half_bound,0.15,0.2,1.95,kept,0.00175
R2_reorder,0.15,0.2,1.95,steepened,0.9695
R2_reorder,0.15,0.2,1.95,kept,0.0305
R3_interval,0.15,0.2,1.95,steepened,0.824
R3_interval,0.15,0.2,1.95,kept or steepened,0.17575
R3_interval,0.15,0.2,1.95,undetermined,0.00025
R0_current,0.15,0.2,1.975,steepened,0.974
R0_current,0.15,0.2,1.975,kept,0.026
R1_half_bound,0.15,0.2,1.975,steepened,0.974
R1_half_bound,0.15,0.2,1.975,undetermined,0.02325
R1_half_bound,0.15,0.2,1.975,kept,0.00275
R2_reorder,0.15,0.2,1.975,steepened,0.974
R2_reorder,0.15,0.2,1.975,kept,0.026
R3_interval,0.15,0.2,1.975,steepened,0.83575
R3_interval,0.15,0.2,1.975,kept or steepened,0.164
R3_interval,0.15,0.2,1.975,undetermined,0.00025
R0_current,0.15,0.2,2.0,steepened,0.97825
R0_current,0.15,0.2,2.0,kept,0.02175
R1_half_bound,0.15,0.2,2.0,steepened,0.97825
R1_half_bound,0.15,0.2,2.0,undetermined,0.02025
R1_half_bound,0.15,0.2,2.0,kept,0.0015
R2_reorder,0.15,0.2,2.0,steepened,0.97825
R2_reorder,0.15,0.2,2.0,kept,0.02175
R3_interval,0.15,0.2,2.0,steepened,0.867
R3_interval,0.15,0.2,2.0,kept or steepened,0.13275
R3_interval,0.15,0.2,2.0,undetermined,0.00025
R0_current,0.15,0.4,-0.75,reversed,0.8215
R0_current,0.15,0.4,-0.75,missing,0.162
R0_current,0.15,0.4,-0.75,undetermined,0.0165
R1_half_bound,0.15,0.4,-0.75,reversed,0.9695
R1_half_bound,0.15,0.4,-0.75,undetermined,0.0165
R1_half_bound,0.15,0.4,-0.75,flattened,0.01375
R1_half_bound,0.15,0.4,-0.75,missing,0.00025
R2_reorder,0.15,0.4,-0.75,reversed,0.8215
R2_reorder,0.15,0.4,-0.75,missing,0.14825
R2_reorder,0.15,0.4,-0.75,undetermined,0.0165
R2_reorder,0.15,0.4,-0.75,flattened,0.01375
R3_interval,0.15,0.4,-0.75,reversed or missing,0.45275
R3_interval,0.15,0.4,-0.75,reversed,0.33125
R3_interval,0.15,0.4,-0.75,undetermined,0.216
R0_current,0.15,0.4,-0.725,reversed,0.80475
R0_current,0.15,0.4,-0.725,missing,0.178
R0_current,0.15,0.4,-0.725,undetermined,0.01725
R1_half_bound,0.15,0.4,-0.725,reversed,0.964
R1_half_bound,0.15,0.4,-0.725,flattened,0.01875
R1_half_bound,0.15,0.4,-0.725,undetermined,0.01725
R2_reorder,0.15,0.4,-0.725,reversed,0.80475
R2_reorder,0.15,0.4,-0.725,missing,0.15925
R2_reorder,0.15,0.4,-0.725,flattened,0.01875
R2_reorder,0.15,0.4,-0.725,undetermined,0.01725
R3_interval,0.15,0.4,-0.725,reversed or missing,0.4595
R3_interval,0.15,0.4,-0.725,reversed,0.31425
R3_interval,0.15,0.4,-0.725,undetermined,0.22625
R0_current,0.15,0.4,-0.7,reversed,0.79425
R0_current,0.15,0.4,-0.7,missing,0.18475
R0_current,0.15,0.4,-0.7,undetermined,0.021
R1_half_bound,0.15,0.4,-0.7,reversed,0.954
R1_half_bound,0.15,0.4,-0.7,flattened,0.02475
R1_half_bound,0.15,0.4,-0.7,undetermined,0.021
R1_half_bound,0.15,0.4,-0.7,missing,0.00025
R2_reorder,0.15,0.4,-0.7,reversed,0.79425
R2_reorder,0.15,0.4,-0.7,missing,0.15975
R2_reorder,0.15,0.4,-0.7,flattened,0.025
R2_reorder,0.15,0.4,-0.7,undetermined,0.021
R3_interval,0.15,0.4,-0.7,reversed or missing,0.4625
R3_interval,0.15,0.4,-0.7,reversed,0.29825
R3_interval,0.15,0.4,-0.7,undetermined,0.23925
R0_current,0.15,0.4,-0.675,reversed,0.77775
R0_current,0.15,0.4,-0.675,missing,0.19525
R0_current,0.15,0.4,-0.675,undetermined,0.027
R1_half_bound,0.15,0.4,-0.675,reversed,0.949
R1_half_bound,0.15,0.4,-0.675,undetermined,0.027
R1_half_bound,0.15,0.4,-0.675,flattened,0.02375
R1_half_bound,0.15,0.4,-0.675,missing,0.00025
R2_reorder,0.15,0.4,-0.675,reversed,0.77775
R2_reorder,0.15,0.4,-0.675,missing,0.17125
R2_reorder,0.15,0.4,-0.675,undetermined,0.027
R2_reorder,0.15,0.4,-0.675,flattened,0.024
R3_interval,0.15,0.4,-0.675,reversed or missing,0.46225
R3_interval,0.15,0.4,-0.675,reversed,0.281
R3_interval,0.15,0.4,-0.675,undetermined,0.25675
R0_current,0.15,0.4,-0.65,reversed,0.7665
R0_current,0.15,0.4,-0.65,missing,0.205
R0_current,0.15,0.4,-0.65,undetermined,0.0285
R1_half_bound,0.15,0.4,-0.65,reversed,0.9435
R1_half_bound,0.15,0.4,-0.65,undetermined,0.0285
R1_half_bound,0.15,0.4,-0.65,flattened,0.028
R2_reorder,0.15,0.4,-0.65,reversed,0.7665
R2_reorder,0.15,0.4,-0.65,missing,0.177
R2_reorder,0.15,0.4,-0.65,undetermined,0.0285
R2_reorder,0.15,0.4,-0.65,flattened,0.028
R3_interval,0.15,0.4,-0.65,reversed or missing,0.47175
R3_interval,0.15,0.4,-0.65,undetermined,0.27225
R3_interval,0.15,0.4,-0.65,reversed,0.25575
R3_interval,0.15,0.4,-0.65,missing or flattened,0.00025
R0_current,0.15,0.4,-0.625,reversed,0.75375
R0_current,0.15,0.4,-0.625,missing,0.21325
R0_current,0.15,0.4,-0.625,undetermined,0.0325
R0_current,0.15,0.4,-0.625,kept,0.0005
R1_half_bound,0.15,0.4,-0.625,reversed,0.9395
R1_half_bound,0.15,0.4,-0.625,undetermined,0.033
R1_half_bound,0.15,0.4,-0.625,flattened,0.02675
R1_half_bound,0.15,0.4,-0.625,missing,0.00075
R2_reorder,0.15,0.4,-0.625,reversed,0.75375
R2_reorder,0.15,0.4,-0.625,missing,0.18625
R2_reorder,0.15,0.4,-0.625,undetermined,0.0325
R2_reorder,0.15,0.4,-0.625,flattened,0.027
R2_reorder,0.15,0.4,-0.625,kept,0.0005
R3_interval,0.15,0.4,-0.625,reversed or missing,0.47225
R3_interval,0.15,0.4,-0.625,undetermined,0.2875
R3_interval,0.15,0.4,-0.625,reversed,0.24025
R0_current,0.15,0.4,-0.6,reversed,0.71975
R0_current,0.15,0.4,-0.6,missing,0.24375
R0_current,0.15,0.4,-0.6,undetermined,0.03625
R0_current,0.15,0.4,-0.6,kept,0.00025
R1_half_bound,0.15,0.4,-0.6,reversed,0.92375
R1_half_bound,0.15,0.4,-0.6,flattened,0.03975
R1_half_bound,0.15,0.4,-0.6,undetermined,0.0365
R2_reorder,0.15,0.4,-0.6,reversed,0.71975
R2_reorder,0.15,0.4,-0.6,missing,0.204
R2_reorder,0.15,0.4,-0.6,flattened,0.03975
R2_reorder,0.15,0.4,-0.6,undetermined,0.03625
R2_reorder,0.15,0.4,-0.6,kept,0.00025
R3_interval,0.15,0.4,-0.6,reversed or missing,0.45675
R3_interval,0.15,0.4,-0.6,undetermined,0.32675
R3_interval,0.15,0.4,-0.6,reversed,0.2165
R0_current,0.15,0.4,-0.575,reversed,0.713
R0_current,0.15,0.4,-0.575,missing,0.24425
R0_current,0.15,0.4,-0.575,undetermined,0.04175
R0_current,0.15,0.4,-0.575,kept,0.001
R1_half_bound,0.15,0.4,-0.575,reversed,0.922
R1_half_bound,0.15,0.4,-0.575,undetermined,0.04275
R1_half_bound,0.15,0.4,-0.575,flattened,0.03525
R2_reorder,0.15,0.4,-0.575,reversed,0.713
R2_reorder,0.15,0.4,-0.575,missing,0.209
R2_reorder,0.15,0.4,-0.575,undetermined,0.04175
R2_reorder,0.15,0.4,-0.575,flattened,0.03525
R2_reorder,0.15,0.4,-0.575,kept,0.001
R3_interval,0.15,0.4,-0.575,reversed or missing,0.4615
R3_interval,0.15,0.4,-0.575,undetermined,0.337
R3_interval,0.15,0.4,-0.575,reversed,0.2015
R0_current,0.15,0.4,-0.55,reversed,0.6915
R0_current,0.15,0.4,-0.55,missing,0.2625
R0_current,0.15,0.4,-0.55,undetermined,0.045
R0_current,0.15,0.4,-0.55,kept,0.001
R1_half_bound,0.15,0.4,-0.55,reversed,0.9155
R1_half_bound,0.15,0.4,-0.55,undetermined,0.046
R1_half_bound,0.15,0.4,-0.55,flattened,0.038
R1_half_bound,0.15,0.4,-0.55,missing,0.0005
R2_reorder,0.15,0.4,-0.55,reversed,0.6915
R2_reorder,0.15,0.4,-0.55,missing,0.2245
R2_reorder,0.15,0.4,-0.55,undetermined,0.045
R2_reorder,0.15,0.4,-0.55,flattened,0.038
R2_reorder,0.15,0.4,-0.55,kept,0.001
R3_interval,0.15,0.4,-0.55,reversed or missing,0.452
R3_interval,0.15,0.4,-0.55,undetermined,0.36275
R3_interval,0.15,0.4,-0.55,reversed,0.18525
R0_current,0.15,0.4,-0.525,reversed,0.681
R0_current,0.15,0.4,-0.525,missing,0.2675
R0_current,0.15,0.4,-0.525,undetermined,0.0495
R0_current,0.15,0.4,-0.525,kept,0.002
R1_half_bound,0.15,0.4,-0.525,reversed,0.90375
R1_half_bound,0.15,0.4,-0.525,undetermined,0.0515
R1_half_bound,0.15,0.4,-0.525,flattened,0.04475
R2_reorder,0.15,0.4,-0.525,reversed,0.681
R2_reorder,0.15,0.4,-0.525,missing,0.22275
R2_reorder,0.15,0.4,-0.525,undetermined,0.0495
R2_reorder,0.15,0.4,-0.525,flattened,0.04475
R2_reorder,0.15,0.4,-0.525,kept,0.002
R3_interval,0.15,0.4,-0.525,reversed or missing,0.45225
R3_interval,0.15,0.4,-0.525,undetermined,0.38625
R3_interval,0.15,0.4,-0.525,reversed,0.1615
R0_current,0.15,0.4,-0.5,reversed,0.64175
R0_current,0.15,0.4,-0.5,missing,0.2965
R0_current,0.15,0.4,-0.5,undetermined,0.06075
R0_current,0.15,0.4,-0.5,kept,0.001
R1_half_bound,0.15,0.4,-0.5,reversed,0.88675
R1_half_bound,0.15,0.4,-0.5,undetermined,0.06175
R1_half_bound,0.15,0.4,-0.5,flattened,0.051
R1_half_bound,0.15,0.4,-0.5,missing,0.0005
R2_reorder,0.15,0.4,-0.5,reversed,0.64175
R2_reorder,0.15,0.4,-0.5,missing,0.2455
R2_reorder,0.15,0.4,-0.5,undetermined,0.06075
R2_reorder,0.15,0.4,-0.5,flattened,0.051
R2_reorder,0.15,0.4,-0.5,kept,0.001
R3_interval,0.15,0.4,-0.5,reversed or missing,0.432
R3_interval,0.15,0.4,-0.5,undetermined,0.41375
R3_interval,0.15,0.4,-0.5,reversed,0.154
R3_interval,0.15,0.4,-0.5,missing or flattened,0.00025
R0_current,0.15,0.4,-0.475,reversed,0.61525
R0_current,0.15,0.4,-0.475,missing,0.30725
R0_current,0.15,0.4,-0.475,undetermined,0.07575
R0_current,0.15,0.4,-0.475,kept,0.00175
R1_half_bound,0.15,0.4,-0.475,reversed,0.869
R1_half_bound,0.15,0.4,-0.475,undetermined,0.0775
R1_half_bound,0.15,0.4,-0.475,flattened,0.053
R1_half_bound,0.15,0.4,-0.475,missing,0.0005
R2_reorder,0.15,0.4,-0.475,reversed,0.61525
R2_reorder,0.15,0.4,-0.475,missing,0.254
R2_reorder,0.15,0.4,-0.475,undetermined,0.07575
R2_reorder,0.15,0.4,-0.475,flattened,0.05325
R2_reorder,0.15,0.4,-0.475,kept,0.00175
R3_interval,0.15,0.4,-0.475,undetermined,0.44425
R3_interval,0.15,0.4,-0.475,reversed or missing,0.42275
R3_interval,0.15,0.4,-0.475,reversed,0.13275
R3_interval,0.15,0.4,-0.475,missing or flattened,0.00025
R0_current,0.15,0.4,-0.45,reversed,0.59275
R0_current,0.15,0.4,-0.45,missing,0.32525
R0_current,0.15,0.4,-0.45,undetermined,0.08075
R0_current,0.15,0.4,-0.45,kept,0.00125
R1_half_bound,0.15,0.4,-0.45,reversed,0.855
R1_half_bound,0.15,0.4,-0.45,undetermined,0.082
R1_half_bound,0.15,0.4,-0.45,flattened,0.06225
R1_half_bound,0.15,0.4,-0.45,missing,0.00075
R2_reorder,0.15,0.4,-0.45,reversed,0.59275
R2_reorder,0.15,0.4,-0.45,missing,0.263
R2_reorder,0.15,0.4,-0.45,undetermined,0.08075
R2_reorder,0.15,0.4,-0.45,flattened,0.06225
R2_reorder,0.15,0.4,-0.45,kept,0.00125
R3_interval,0.15,0.4,-0.45,undetermined,0.4645
R3_interval,0.15,0.4,-0.45,reversed or missing,0.41
R3_interval,0.15,0.4,-0.45,reversed,0.1255
R0_current,0.15,0.4,-0.425,reversed,0.57475
R0_current,0.15,0.4,-0.425,missing,0.341
R0_current,0.15,0.4,-0.425,undetermined,0.082
R0_current,0.15,0.4,-0.425,kept,0.00225
R1_half_bound,0.15,0.4,-0.425,reversed,0.8475
R1_half_bound,0.15,0.4,-0.425,undetermined,0.08425
R1_half_bound,0.15,0.4,-0.425,flattened,0.068
R1_half_bound,0.15,0.4,-0.425,missing,0.00025
R2_reorder,0.15,0.4,-0.425,reversed,0.57475
R2_reorder,0.15,0.4,-0.425,missing,0.273
R2_reorder,0.15,0.4,-0.425,undetermined,0.082
R2_reorder,0.15,0.4,-0.425,flattened,0.068
R2_reorder,0.15,0.4,-0.425,kept,0.00225
R3_interval,0.15,0.4,-0.425,undetermined,0.497
R3_interval,0.15,0.4,-0.425,reversed or missing,0.405
R3_interval,0.15,0.4,-0.425,reversed,0.09775
R3_interval,0.15,0.4,-0.425,missing or flattened,0.00025
R0_current,0.15,0.4,-0.4,reversed,0.55325
R0_current,0.15,0.4,-0.4,missing,0.35125
R0_current,0.15,0.4,-0.4,undetermined,0.0935
R0_current,0.15,0.4,-0.4,kept,0.002
R1_half_bound,0.15,0.4,-0.4,reversed,0.836
R1_half_bound,0.15,0.4,-0.4,undetermined,0.0955
R1_half_bound,0.15,0.4,-0.4,flattened,0.0675
R1_half_bound,0.15,0.4,-0.4,missing,0.001
R2_reorder,0.15,0.4,-0.4,reversed,0.55325
R2_reorder,0.15,0.4,-0.4,missing,0.28325
R2_reorder,0.15,0.4,-0.4,undetermined,0.0935
R2_reorder,0.15,0.4,-0.4,flattened,0.068
R2_reorder,0.15,0.4,-0.4,kept,0.002
R3_interval,0.15,0.4,-0.4,undetermined,0.51525
R3_interval,0.15,0.4,-0.4,reversed or missing,0.38925
R3_interval,0.15,0.4,-0.4,reversed,0.09525
R3_interval,0.15,0.4,-0.4,missing or flattened,0.00025
R0_current,0.15,0.4,-0.375,reversed,0.5295
R0_current,0.15,0.4,-0.375,missing,0.3605
R0_current,0.15,0.4,-0.375,undetermined,0.109
R0_current,0.15,0.4,-0.375,kept,0.001
R1_half_bound,0.15,0.4,-0.375,reversed,0.81125
R1_half_bound,0.15,0.4,-0.375,undetermined,0.11
R1_half_bound,0.15,0.4,-0.375,flattened,0.07825
R1_half_bound,0.15,0.4,-0.375,missing,0.0005
R2_reorder,0.15,0.4,-0.375,reversed,0.5295
R2_reorder,0.15,0.4,-0.375,missing,0.282
R2_reorder,0.15,0.4,-0.375,undetermined,0.109
R2_reorder,0.15,0.4,-0.375,flattened,0.0785
R2_reorder,0.15,0.4,-0.375,kept,0.001
R3_interval,0.15,0.4,-0.375,undetermined,0.54375
R3_interval,0.15,0.4,-0.375,reversed or missing,0.3595
R3_interval,0.15,0.4,-0.375,reversed,0.09675
R0_current,0.15,0.4,-0.35,reversed,0.508
R0_current,0.15,0.4,-0.35,missing,0.37475
R0_current,0.15,0.4,-0.35,undetermined,0.11325
R0_current,0.15,0.4,-0.35,kept,0.004
R1_half_bound,0.15,0.4,-0.35,reversed,0.79175
R1_half_bound,0.15,0.4,-0.35,undetermined,0.11725
R1_half_bound,0.15,0.4,-0.35,flattened,0.09025
R1_half_bound,0.15,0.4,-0.35,missing,0.00075
R2_reorder,0.15,0.4,-0.35,reversed,0.508
R2_reorder,0.15,0.4,-0.35,missing,0.2845
R2_reorder,0.15,0.4,-0.35,undetermined,0.11325
R2_reorder,0.15,0.4,-0.35,flattened,0.09025
R2_reorder,0.15,0.4,-0.35,kept,0.004
R3_interval,0.15,0.4,-0.35,undetermined,0.57
R3_interval,0.15,0.4,-0.35,reversed or missing,0.35475
R3_interval,0.15,0.4,-0.35,reversed,0.07525
R0_current,0.15,0.4,-0.325,reversed,0.4785
R0_current,0.15,0.4,-0.325,missing,0.3945
R0_current,0.15,0.4,-0.325,undetermined,0.12425
R0_current,0.15,0.4,-0.325,kept,0.00275
R1_half_bound,0.15,0.4,-0.325,reversed,0.77825
R1_half_bound,0.15,0.4,-0.325,undetermined,0.127
R1_half_bound,0.15,0.4,-0.325,flattened,0.09425
R1_half_bound,0.15,0.4,-0.325,missing,0.0005
R2_reorder,0.15,0.4,-0.325,reversed,0.4785
R2_reorder,0.15,0.4,-0.325,missing,0.3
R2_reorder,0.15,0.4,-0.325,undetermined,0.12425
R2_reorder,0.15,0.4,-0.325,flattened,0.0945
R2_reorder,0.15,0.4,-0.325,kept,0.00275
R3_interval,0.15,0.4,-0.325,undetermined,0.59075
R3_interval,0.15,0.4,-0.325,reversed or missing,0.33675
R3_interval,0.15,0.4,-0.325,reversed,0.0725
R0_current,0.15,0.4,-0.3,reversed,0.457
R0_current,0.15,0.4,-0.3,missing,0.403
R0_current,0.15,0.4,-0.3,undetermined,0.13475
R0_current,0.15,0.4,-0.3,kept,0.00525
R1_half_bound,0.15,0.4,-0.3,reversed,0.7675
R1_half_bound,0.15,0.4,-0.3,undetermined,0.14
R1_half_bound,0.15,0.4,-0.3,flattened,0.0915
R1_half_bound,0.15,0.4,-0.3,missing,0.001
R2_reorder,0.15,0.4,-0.3,reversed,0.457
R2_reorder,0.15,0.4,-0.3,missing,0.31125
R2_reorder,0.15,0.4,-0.3,undetermined,0.13475
R2_reorder,0.15,0.4,-0.3,flattened,0.09175
R2_reorder,0.15,0.4,-0.3,kept,0.00525
R3_interval,0.15,0.4,-0.3,undetermined,0.6125
R3_interval,0.15,0.4,-0.3,reversed or missing,0.32775
R3_interval,0.15,0.4,-0.3,reversed,0.05975
R0_current,0.15,0.4,-0.275,reversed,0.44175
R0_current,0.15,0.4,-0.275,missing,0.40825
R0_current,0.15,0.4,-0.275,undetermined,0.14425
R0_current,0.15,0.4,-0.275,kept,0.00575
R1_half_bound,0.15,0.4,-0.275,reversed,0.74725
R1_half_bound,0.15,0.4,-0.275,undetermined,0.15
R1_half_bound,0.15,0.4,-0.275,flattened,0.102
R1_half_bound,0.15,0.4,-0.275,missing,0.00075
R2_reorder,0.15,0.4,-0.275,reversed,0.44175
R2_reorder,0.15,0.4,-0.275,missing,0.3055
R2_reorder,0.15,0.4,-0.275,undetermined,0.14425
R2_reorder,0.15,0.4,-0.275,flattened,0.10275
R2_reorder,0.15,0.4,-0.275,kept,0.00575
R3_interval,0.15,0.4,-0.275,undetermined,0.63
R3_interval,0.15,0.4,-0.275,reversed or missing,0.31675
R3_interval,0.15,0.4,-0.275,reversed,0.05325
R0_current,0.15,0.4,-0.25,missing,0.42325
R0_current,0.15,0.4,-0.25,reversed,0.4075
R0_current,0.15,0.4,-0.25,undetermined,0.1605
R0_current,0.15,0.4,-0.25,kept,0.00875
R1_half_bound,0.15,0.4,-0.25,reversed,0.72725
R1_half_bound,0.15,0.4,-0.25,undetermined,0.16925
R1_half_bound,0.15,0.4,-0.25,flattened,0.103
R1_half_bound,0.15,0.4,-0.25,missing,0.0005
R2_reorder,0.15,0.4,-0.25,reversed,0.4075
R2_reorder,0.15,0.4,-0.25,missing,0.32
R2_reorder,0.15,0.4,-0.25,undetermined,0.1605
R2_reorder,0.15,0.4,-0.25,flattened,0.10325
R2_reorder,0.15,0.4,-0.25,kept,0.00875
R3_interval,0.15,0.4,-0.25,undetermined,0.6635
R3_interval,0.15,0.4,-0.25,reversed or missing,0.28775
R3_interval,0.15,0.4,-0.25,reversed,0.04875
R0_current,0.15,0.4,-0.225,missing,0.43
R0_current,0.15,0.4,-0.225,reversed,0.37125
R0_current,0.15,0.4,-0.225,undetermined,0.18675
R0_current,0.15,0.4,-0.225,kept,0.012
R1_half_bound,0.15,0.4,-0.225,reversed,0.69425
R1_half_bound,0.15,0.4,-0.225,undetermined,0.19875
R1_half_bound,0.15,0.4,-0.225,flattened,0.10625
R1_half_bound,0.15,0.4,-0.225,missing,0.00075
R2_reorder,0.15,0.4,-0.225,reversed,0.37125
R2_reorder,0.15,0.4,-0.225,missing,0.3235
R2_reorder,0.15,0.4,-0.225,undetermined,0.18675
R2_reorder,0.15,0.4,-0.225,flattened,0.1065
R2_reorder,0.15,0.4,-0.225,kept,0.012
R3_interval,0.15,0.4,-0.225,undetermined,0.683
R3_interval,0.15,0.4,-0.225,reversed or missing,0.2815
R3_interval,0.15,0.4,-0.225,reversed,0.035
R3_interval,0.15,0.4,-0.225,missing or flattened,0.0005
R0_current,0.15,0.4,-0.2,missing,0.42525
R0_current,0.15,0.4,-0.2,reversed,0.371
R0_current,0.15,0.4,-0.2,undetermined,0.19175
R0_current,0.15,0.4,-0.2,kept,0.012
R1_half_bound,0.15,0.4,-0.2,reversed,0.686
R1_half_bound,0.15,0.4,-0.2,undetermined,0.20375
R1_half_bound,0.15,0.4,-0.2,flattened,0.11025
R2_reorder,0.15,0.4,-0.2,reversed,0.371
R2_reorder,0.15,0.4,-0.2,missing,0.315
R2_reorder,0.15,0.4,-0.2,undetermined,0.19175
R2_reorder,0.15,0.4,-0.2,flattened,0.11025
R2_reorder,0.15,0.4,-0.2,kept,0.012
R3_interval,0.15,0.4,-0.2,undetermined,0.70225
R3_interval,0.15,0.4,-0.2,reversed or missing,0.2585
R3_interval,0.15,0.4,-0.2,reversed,0.039
R3_interval,0.15,0.4,-0.2,missing or flattened,0.00025
R0_current,0.15,0.4,-0.175,missing,0.441
R0_current,0.15,0.4,-0.175,reversed,0.34275
R0_current,0.15,0.4,-0.175,undetermined,0.2045
R0_current,0.15,0.4,-0.175,kept,0.01175
R1_half_bound,0.15,0.4,-0.175,reversed,0.668
R1_half_bound,0.15,0.4,-0.175,undetermined,0.21625
R1_half_bound,0.15,0.4,-0.175,flattened,0.115
R1_half_bound,0.15,0.4,-0.175,missing,0.00075
R2_reorder,0.15,0.4,-0.175,reversed,0.34275
R2_reorder,0.15,0.4,-0.175,missing,0.3255
R2_reorder,0.15,0.4,-0.175,undetermined,0.2045
R2_reorder,0.15,0.4,-0.175,flattened,0.1155
R2_reorder,0.15,0.4,-0.175,kept,0.01175
R3_interval,0.15,0.4,-0.175,undetermined,0.71925
R3_interval,0.15,0.4,-0.175,reversed or missing,0.24925
R3_interval,0.15,0.4,-0.175,reversed,0.0315
R0_current,0.15,0.4,-0.15,missing,0.44325
R0_current,0.15,0.4,-0.15,reversed,0.32275
R0_current,0.15,0.4,-0.15,undetermined,0.222
R0_current,0.15,0.4,-0.15,kept,0.012
R1_half_bound,0.15,0.4,-0.15,reversed,0.64225
R1_half_bound,0.15,0.4,-0.15,undetermined,0.234
R1_half_bound,0.15,0.4,-0.15,flattened,0.12275
R1_half_bound,0.15,0.4,-0.15,missing,0.001
R2_reorder,0.15,0.4,-0.15,reversed,0.32275
R2_reorder,0.15,0.4,-0.15,missing,0.31975
R2_reorder,0.15,0.4,-0.15,undetermined,0.222
R2_reorder,0.15,0.4,-0.15,flattened,0.1235
R2_reorder,0.15,0.4,-0.15,kept,0.012
R3_interval,0.15,0.4,-0.15,undetermined,0.7525
R3_interval,0.15,0.4,-0.15,reversed or missing,0.22075
R3_interval,0.15,0.4,-0.15,reversed,0.02675
R0_current,0.15,0.4,-0.125,missing,0.46
R0_current,0.15,0.4,-0.125,reversed,0.294
R0_current,0.15,0.4,-0.125,undetermined,0.22825
R0_current,0.15,0.4,-0.125,kept,0.01775
R1_half_bound,0.15,0.4,-0.125,reversed,0.60525
R1_half_bound,0.15,0.4,-0.125,undetermined,0.246
R1_half_bound,0.15,0.4,-0.125,flattened,0.1475
R1_half_bound,0.15,0.4,-0.125,missing,0.00125
R2_reorder,0.15,0.4,-0.125,missing,0.3115
R2_reorder,0.15,0.4,-0.125,reversed,0.294
R2_reorder,0.15,0.4,-0.125,undetermined,0.22825
R2_reorder,0.15,0.4,-0.125,flattened,0.1485
R2_reorder,0.15,0.4,-0.125,kept,0.01775
R3_interval,0.15,0.4,-0.125,undetermined,0.763
R3_interval,0.15,0.4,-0.125,reversed or missing,0.211
R3_interval,0.15,0.4,-0.125,reversed,0.0255
R3_interval,0.15,0.4,-0.125,missing or flattened,0.0005
R0_current,0.15,0.4,-0.1,missing,0.44625
R0_current,0.15,0.4,-0.1,reversed,0.28725
R0_current,0.15,0.4,-0.1,undetermined,0.24775
R0_current,0.15,0.4,-0.1,kept,0.01875
R1_half_bound,0.15,0.4,-0.1,reversed,0.59475
R1_half_bound,0.15,0.4,-0.1,undetermined,0.2665
R1_half_bound,0.15,0.4,-0.1,flattened,0.13825
R1_half_bound,0.15,0.4,-0.1,missing,0.0005
R2_reorder,0.15,0.4,-0.1,missing,0.3075
R2_reorder,0.15,0.4,-0.1,reversed,0.28725
R2_reorder,0.15,0.4,-0.1,undetermined,0.24775
R2_reorder,0.15,0.4,-0.1,flattened,0.13875
R2_reorder,0.15,0.4,-0.1,kept,0.01875
R3_interval,0.15,0.4,-0.1,undetermined,0.776
R3_interval,0.15,0.4,-0.1,reversed or missing,0.197
R3_interval,0.15,0.4,-0.1,reversed,0.02675
R3_interval,0.15,0.4,-0.1,missing or flattened,0.00025
R0_current,0.15,0.4,-0.075,missing,0.44525
R0_current,0.15,0.4,-0.075,reversed,0.26875
R0_current,0.15,0.4,-0.075,undetermined,0.26075
R0_current,0.15,0.4,-0.075,kept,0.02525
R1_half_bound,0.15,0.4,-0.075,reversed,0.56225
R1_half_bound,0.15,0.4,-0.075,undetermined,0.286
R1_half_bound,0.15,0.4,-0.075,flattened,0.15075
R1_half_bound,0.15,0.4,-0.075,missing,0.001
R2_reorder,0.15,0.4,-0.075,missing,0.29375
R2_reorder,0.15,0.4,-0.075,reversed,0.26875
R2_reorder,0.15,0.4,-0.075,undetermined,0.26075
R2_reorder,0.15,0.4,-0.075,flattened,0.1515
R2_reorder,0.15,0.4,-0.075,kept,0.02525
R3_interval,0.15,0.4,-0.075,undetermined,0.7895
R3_interval,0.15,0.4,-0.075,reversed or missing,0.19125
R3_interval,0.15,0.4,-0.075,reversed,0.01825
R3_interval,0.15,0.4,-0.075,missing or flattened,0.00075
R3_interval,0.15,0.4,-0.075,kept or steepened,0.00025
R0_current,0.15,0.4,-0.05,missing,0.4525
R0_current,0.15,0.4,-0.05,undetermined,0.27675
R0_current,0.15,0.4,-0.05,reversed,0.247
R0_current,0.15,0.4,-0.05,kept,0.02375
R1_half_bound,0.15,0.4,-0.05,reversed,0.554
R1_half_bound,0.15,0.4,-0.05,undetermined,0.3005
R1_half_bound,0.15,0.4,-0.05,flattened,0.145
R1_half_bound,0.15,0.4,-0.05,missing,0.0005
R2_reorder,0.15,0.4,-0.05,missing,0.307
R2_reorder,0.15,0.4,-0.05,undetermined,0.27675
R2_reorder,0.15,0.4,-0.05,reversed,0.247
R2_reorder,0.15,0.4,-0.05,flattened,0.1455
R2_reorder,0.15,0.4,-0.05,kept,0.02375
R3_interval,0.15,0.4,-0.05,undetermined,0.816
R3_interval,0.15,0.4,-0.05,reversed or missing,0.166
R3_interval,0.15,0.4,-0.05,reversed,0.018
R0_current,0.15,0.4,-0.025,missing,0.441
R0_current,0.15,0.4,-0.025,undetermined,0.3085
R0_current,0.15,0.4,-0.025,reversed,0.2245
R0_current,0.15,0.4,-0.025,kept,0.026
R1_half_bound,0.15,0.4,-0.025,reversed,0.5125
R1_half_bound,0.15,0.4,-0.025,undetermined,0.3345
R1_half_bound,0.15,0.4,-0.025,flattened,0.15225
R1_half_bound,0.15,0.4,-0.025,missing,0.00075
R2_reorder,0.15,0.4,-0.025,undetermined,0.3085
R2_reorder,0.15,0.4,-0.025,missing,0.28825
R2_reorder,0.15,0.4,-0.025,reversed,0.2245
R2_reorder,0.15,0.4,-0.025,flattened,0.15275
R2_reorder,0.15,0.4,-0.025,kept,0.026
R3_interval,0.15,0.4,-0.025,undetermined,0.82775
R3_interval,0.15,0.4,-0.025,reversed or missing,0.15925
R3_interval,0.15,0.4,-0.025,reversed,0.0125
R3_interval,0.15,0.4,-0.025,kept or steepened,0.0005
R0_current,0.15,0.4,0.0,missing,0.42325
R0_current,0.15,0.4,0.0,undetermined,0.3315
R0_current,0.15,0.4,0.0,reversed,0.20925
R0_current,0.15,0.4,0.0,kept,0.036
R1_half_bound,0.15,0.4,0.0,reversed,0.481
R1_half_bound,0.15,0.4,0.0,undetermined,0.3675
R1_half_bound,0.15,0.4,0.0,flattened,0.1515
R2_reorder,0.15,0.4,0.0,undetermined,0.3315
R2_reorder,0.15,0.4,0.0,missing,0.27175
R2_reorder,0.15,0.4,0.0,reversed,0.20925
R2_reorder,0.15,0.4,0.0,flattened,0.1515
R2_reorder,0.15,0.4,0.0,kept,0.036
R3_interval,0.15,0.4,0.0,undetermined,0.852
R3_interval,0.15,0.4,0.0,reversed or missing,0.13875
R3_interval,0.15,0.4,0.0,reversed,0.00875
R3_interval,0.15,0.4,0.0,missing or flattened,0.00025
R3_interval,0.15,0.4,0.0,kept or steepened,0.00025
R0_current,0.15,0.4,0.025,missing,0.429
R0_current,0.15,0.4,0.025,undetermined,0.34725
R0_current,0.15,0.4,0.025,reversed,0.18675
R0_current,0.15,0.4,0.025,kept,0.037
R1_half_bound,0.15,0.4,0.025,reversed,0.45575
R1_half_bound,0.15,0.4,0.025,undetermined,0.38425
R1_half_bound,0.15,0.4,0.025,flattened,0.15875
R1_half_bound,0.15,0.4,0.025,missing,0.00125
R2_reorder,0.15,0.4,0.025,undetermined,0.34725
R2_reorder,0.15,0.4,0.025,missing,0.2695
R2_reorder,0.15,0.4,0.025,reversed,0.18675
R2_reorder,0.15,0.4,0.025,flattened,0.1595
R2_reorder,0.15,0.4,0.025,kept,0.037
R3_interval,0.15,0.4,0.025,undetermined,0.8675
R3_interval,0.15,0.4,0.025,reversed or missing,0.1225
R3_interval,0.15,0.4,0.025,reversed,0.00925
R3_interval,0.15,0.4,0.025,missing or flattened,0.0005
R3_interval,0.15,0.4,0.025,kept or steepened,0.00025
R0_current,0.15,0.4,0.05,missing,0.42975
R0_current,0.15,0.4,0.05,undetermined,0.35875
R0_current,0.15,0.4,0.05,reversed,0.16775
R0_current,0.15,0.4,0.05,kept,0.04375
R1_half_bound,0.15,0.4,0.05,reversed,0.43775
R1_half_bound,0.15,0.4,0.05,undetermined,0.4025
R1_half_bound,0.15,0.4,0.05,flattened,0.158
R1_half_bound,0.15,0.4,0.05,missing,0.00175
R2_reorder,0.15,0.4,0.05,undetermined,0.35875
R2_reorder,0.15,0.4,0.05,missing,0.2705
R2_reorder,0.15,0.4,0.05,reversed,0.16775
R2_reorder,0.15,0.4,0.05,flattened,0.15925
R2_reorder,0.15,0.4,0.05,kept,0.04375
R3_interval,0.15,0.4,0.05,undetermined,0.88625
R3_interval,0.15,0.4,0.05,reversed or missing,0.10325
R3_interval,0.15,0.4,0.05,reversed,0.01025
R3_interval,0.15,0.4,0.05,kept or steepened,0.00025
R0_current,0.15,0.4,0.075,missing,0.4135
R0_current,0.15,0.4,0.075,undetermined,0.38325
R0_current,0.15,0.4,0.075,reversed,0.157
R0_current,0.15,0.4,0.075,kept,0.04625
R1_half_bound,0.15,0.4,0.075,undetermined,0.4295
R1_half_bound,0.15,0.4,0.075,reversed,0.41075
R1_half_bound,0.15,0.4,0.075,flattened,0.15875
R1_half_bound,0.15,0.4,0.075,missing,0.001
R2_reorder,0.15,0.4,0.075,undetermined,0.38325
R2_reorder,0.15,0.4,0.075,missing,0.254
R2_reorder,0.15,0.4,0.075,flattened,0.1595
R2_reorder,0.15,0.4,0.075,reversed,0.157
R2_reorder,0.15,0.4,0.075,kept,0.04625
R3_interval,0.15,0.4,0.075,undetermined,0.89475
R3_interval,0.15,0.4,0.075,reversed or missing,0.0985
R3_interval,0.15,0.4,0.075,reversed,0.00625
R3_interval,0.15,0.4,0.075,missing or flattened,0.00025
R3_interval,0.15,0.4,0.075,kept or steepened,0.00025
R0_current,0.15,0.4,0.1,missing,0.4125
R0_current,0.15,0.4,0.1,undetermined,0.37825
R0_current,0.15,0.4,0.1,reversed,0.15175
R0_current,0.15,0.4,0.1,kept,0.0575
R1_half_bound,0.15,0.4,0.1,undetermined,0.43575
R1_half_bound,0.15,0.4,0.1,reversed,0.3965
R1_half_bound,0.15,0.4,0.1,flattened,0.16725
R1_half_bound,0.15,0.4,0.1,missing,0.0005
R2_reorder,0.15,0.4,0.1,undetermined,0.37825
R2_reorder,0.15,0.4,0.1,missing,0.24525
R2_reorder,0.15,0.4,0.1,flattened,0.16725
R2_reorder,0.15,0.4,0.1,reversed,0.15175
R2_reorder,0.15,0.4,0.1,kept,0.0575
R3_interval,0.15,0.4,0.1,undetermined,0.8965
R3_interval,0.15,0.4,0.1,reversed or missing,0.096
R3_interval,0.15,0.4,0.1,reversed,0.0065
R3_interval,0.15,0.4,0.1,missing or flattened,0.001
R0_current,0.15,0.4,0.125,undetermined,0.40575
R0_current,0.15,0.4,0.125,missing,0.39425
R0_current,0.15,0.4,0.125,reversed,0.13125
R0_current,0.15,0.4,0.125,kept,0.06875
R1_half_bound,0.15,0.4,0.125,undetermined,0.4745
R1_half_bound,0.15,0.4,0.125,reversed,0.3655
R1_half_bound,0.15,0.4,0.125,flattened,0.15975
R1_half_bound,0.15,0.4,0.125,missing,0.00025
R2_reorder,0.15,0.4,0.125,undetermined,0.40575
R2_reorder,0.15,0.4,0.125,missing,0.2345
R2_reorder,0.15,0.4,0.125,flattened,0.15975
R2_reorder,0.15,0.4,0.125,reversed,0.13125
R2_reorder,0.15,0.4,0.125,kept,0.06875
R3_interval,0.15,0.4,0.125,undetermined,0.912
R3_interval,0.15,0.4,0.125,reversed or missing,0.0835
R3_interval,0.15,0.4,0.125,reversed,0.004
R3_interval,0.15,0.4,0.125,kept or steepened,0.0005
R0_current,0.15,0.4,0.15,undetermined,0.42375
R0_current,0.15,0.4,0.15,missing,0.3865
R0_current,0.15,0.4,0.15,reversed,0.11675
R0_current,0.15,0.4,0.15,kept,0.073
R1_half_bound,0.15,0.4,0.15,undetermined,0.49675
R1_half_bound,0.15,0.4,0.15,reversed,0.33175
R1_half_bound,0.15,0.4,0.15,flattened,0.17125
R1_half_bound,0.15,0.4,0.15,missing,0.00025
R2_reorder,0.15,0.4,0.15,undetermined,0.42375
R2_reorder,0.15,0.4,0.15,missing,0.215
R2_reorder,0.15,0.4,0.15,flattened,0.1715
R2_reorder,0.15,0.4,0.15,reversed,0.11675
R2_reorder,0.15,0.4,0.15,kept,0.073
R3_interval,0.15,0.4,0.15,undetermined,0.92125
R3_interval,0.15,0.4,0.15,reversed or missing,0.07225
R3_interval,0.15,0.4,0.15,reversed,0.0045
R3_interval,0.15,0.4,0.15,kept or steepened,0.00175
R3_interval,0.15,0.4,0.15,missing or flattened,0.00025
R0_current,0.15,0.4,0.175,undetermined,0.4245
R0_current,0.15,0.4,0.175,missing,0.383
R0_current,0.15,0.4,0.175,reversed,0.11575
R0_current,0.15,0.4,0.175,kept,0.07675
R1_half_bound,0.15,0.4,0.175,undetermined,0.50125
R1_half_bound,0.15,0.4,0.175,reversed,0.3355
R1_half_bound,0.15,0.4,0.175,flattened,0.163
R1_half_bound,0.15,0.4,0.175,missing,0.00025
R2_reorder,0.15,0.4,0.175,undetermined,0.4245
R2_reorder,0.15,0.4,0.175,missing,0.21975
R2_reorder,0.15,0.4,0.175,flattened,0.16325
R2_reorder,0.15,0.4,0.175,reversed,0.11575
R2_reorder,0.15,0.4,0.175,kept,0.07675
R3_interval,0.15,0.4,0.175,undetermined,0.926
R3_interval,0.15,0.4,0.175,reversed or missing,0.0695
R3_interval,0.15,0.4,0.175,reversed,0.00325
R3_interval,0.15,0.4,0.175,kept or steepened,0.001
R3_interval,0.15,0.4,0.175,missing or flattened,0.00025
R0_current,0.15,0.4,0.2,undetermined,0.46425
R0_current,0.15,0.4,0.2,missing,0.345
R0_current,0.15,0.4,0.2,reversed,0.09575
R0_current,0.15,0.4,0.2,kept,0.095
R1_half_bound,0.15,0.4,0.2,undetermined,0.55925
R1_half_bound,0.15,0.4,0.2,reversed,0.2935
R1_half_bound,0.15,0.4,0.2,flattened,0.146
R1_half_bound,0.15,0.4,0.2,missing,0.00125
R2_reorder,0.15,0.4,0.2,undetermined,0.46425
R2_reorder,0.15,0.4,0.2,missing,0.1985
R2_reorder,0.15,0.4,0.2,flattened,0.1465
R2_reorder,0.15,0.4,0.2,reversed,0.09575
R2_reorder,0.15,0.4,0.2,kept,0.095
R3_interval,0.15,0.4,0.2,undetermined,0.9395
R3_interval,0.15,0.4,0.2,reversed or missing,0.056
R3_interval,0.15,0.4,0.2,kept or steepened,0.00225
R3_interval,0.15,0.4,0.2,reversed,0.002
R3_interval,0.15,0.4,0.2,missing or flattened,0.00025
R0_current,0.15,0.4,0.225,undetermined,0.4545
R0_current,0.15,0.4,0.225,missing,0.36825
R0_current,0.15,0.4,0.225,kept,0.08975
R0_current,0.15,0.4,0.225,reversed,0.0875
R1_half_bound,0.15,0.4,0.225,undetermined,0.54425
R1_half_bound,0.15,0.4,0.225,reversed,0.28825
R1_half_bound,0.15,0.4,0.225,flattened,0.166
R1_half_bound,0.15,0.4,0.225,missing,0.0015
R2_reorder,0.15,0.4,0.225,undetermined,0.4545
R2_reorder,0.15,0.4,0.225,missing,0.20175
R2_reorder,0.15,0.4,0.225,flattened,0.1665
R2_reorder,0.15,0.4,0.225,kept,0.08975
R2_reorder,0.15,0.4,0.225,reversed,0.0875
R3_interval,0.15,0.4,0.225,undetermined,0.93725
R3_interval,0.15,0.4,0.225,reversed or missing,0.05975
R3_interval,0.15,0.4,0.225,reversed,0.0015
R3_interval,0.15,0.4,0.225,missing or flattened,0.00075
R3_interval,0.15,0.4,0.225,kept or steepened,0.00075
R0_current,0.15,0.4,0.25,undetermined,0.486
R0_current,0.15,0.4,0.25,missing,0.32325
R0_current,0.15,0.4,0.25,kept,0.1145
R0_current,0.15,0.4,0.25,reversed,0.07575
R0_current,0.15,0.4,0.25,steepened,0.0005
R1_half_bound,0.15,0.4,0.25,undetermined,0.6005
R1_half_bound,0.15,0.4,0.25,reversed,0.24175
R1_half_bound,0.15,0.4,0.25,flattened,0.157
R1_half_bound,0.15,0.4,0.25,steepened,0.0005
R1_half_bound,0.15,0.4,0.25,missing,0.00025
R2_reorder,0.15,0.4,0.25,undetermined,0.486
R2_reorder,0.15,0.4,0.25,missing,0.166
R2_reorder,0.15,0.4,0.25,flattened,0.15725
R2_reorder,0.15,0.4,0.25,kept,0.1145
R2_reorder,0.15,0.4,0.25,reversed,0.07575
R2_reorder,0.15,0.4,0.25,steepened,0.0005
R3_interval,0.15,0.4,0.25,undetermined,0.94675
R3_interval,0.15,0.4,0.25,reversed or missing,0.0495
R3_interval,0.15,0.4,0.25,kept or steepened,0.0015
R3_interval,0.15,0.4,0.25,reversed,0.00125
R3_interval,0.15,0.4,0.25,steepened,0.0005
R3_interval,0.15,0.4,0.25,missing or flattened,0.0005
R0_current,0.15,0.4,0.275,undetermined,0.48075
R0_current,0.15,0.4,0.275,missing,0.32625
R0_current,0.15,0.4,0.275,kept,0.12925
R0_current,0.15,0.4,0.275,reversed,0.06375
R1_half_bound,0.15,0.4,0.275,undetermined,0.61
R1_half_bound,0.15,0.4,0.275,reversed,0.2265
R1_half_bound,0.15,0.4,0.275,flattened,0.1625
R1_half_bound,0.15,0.4,0.275,missing,0.001
R2_reorder,0.15,0.4,0.275,undetermined,0.48075
R2_reorder,0.15,0.4,0.275,missing,0.16325
R2_reorder,0.15,0.4,0.275,flattened,0.163
R2_reorder,0.15,0.4,0.275,kept,0.12925
R2_reorder,0.15,0.4,0.275,reversed,0.06375
R3_interval,0.15,0.4,0.275,undetermined,0.9605
R3_interval,0.15,0.4,0.275,reversed or missing,0.03425
R3_interval,0.15,0.4,0.275,kept or steepened,0.003
R3_interval,0.15,0.4,0.275,reversed,0.00175
R3_interval,0.15,0.4,0.275,missing or flattened,0.00025
R3_interval,0.15,0.4,0.275,flattened or kept,0.00025
R0_current,0.15,0.4,0.3,undetermined,0.5035
R0_current,0.15,0.4,0.3,missing,0.30575
R0_current,0.15,0.4,0.3,kept,0.134
R0_current,0.15,0.4,0.3,reversed,0.05625
R0_current,0.15,0.4,0.3,steepened,0.0005
R1_half_bound,0.15,0.4,0.3,undetermined,0.6375
R1_half_bound,0.15,0.4,0.3,reversed,0.2075
R1_half_bound,0.15,0.4,0.3,flattened,0.15375
R1_half_bound,0.15,0.4,0.3,missing,0.00075
R1_half_bound,0.15,0.4,0.3,steepened,0.0005
R2_reorder,0.15,0.4,0.3,undetermined,0.5035
R2_reorder,0.15,0.4,0.3,flattened,0.154
R2_reorder,0.15,0.4,0.3,missing,0.15175
R2_reorder,0.15,0.4,0.3,kept,0.134
R2_reorder,0.15,0.4,0.3,reversed,0.05625
R2_reorder,0.15,0.4,0.3,steepened,0.0005
R3_interval,0.15,0.4,0.3,undetermined,0.9655
R3_interval,0.15,0.4,0.3,reversed or missing,0.03075
R3_interval,0.15,0.4,0.3,kept or steepened,0.0025
R3_interval,0.15,0.4,0.3,reversed,0.00075
R3_interval,0.15,0.4,0.3,steepened,0.00025
R3_interval,0.15,0.4,0.3,missing or flattened,0.00025
R0_current,0.15,0.4,0.325,undetermined,0.5125
R0_current,0.15,0.4,0.325,missing,0.2865
R0_current,0.15,0.4,0.325,kept,0.15025
R0_current,0.15,0.4,0.325,reversed,0.05075
R1_half_bound,0.15,0.4,0.325,undetermined,0.66275
R1_half_bound,0.15,0.4,0.325,reversed,0.18675
R1_half_bound,0.15,0.4,0.325,flattened,0.1495
R1_half_bound,0.15,0.4,0.325,missing,0.001
R2_reorder,0.15,0.4,0.325,undetermined,0.5125
R2_reorder,0.15,0.4,0.325,kept,0.15025
R2_reorder,0.15,0.4,0.325,flattened,0.15
R2_reorder,0.15,0.4,0.325,missing,0.1365
R2_reorder,0.15,0.4,0.325,reversed,0.05075
R3_interval,0.15,0.4,0.325,undetermined,0.966
R3_interval,0.15,0.4,0.325,reversed or missing,0.02975
R3_interval,0.15,0.4,0.325,kept or steepened,0.00275
R3_interval,0.15,0.4,0.325,reversed,0.001
R3_interval,0.15,0.4,0.325,missing or flattened,0.0005
R0_current,0.15,0.4,0.35,undetermined,0.50275
R0_current,0.15,0.4,0.35,missing,0.27525
R0_current,0.15,0.4,0.35,kept,0.16775
R0_current,0.15,0.4,0.35,reversed,0.054
R0_current,0.15,0.4,0.35,steepened,0.00025
R1_half_bound,0.15,0.4,0.35,undetermined,0.6705
R1_half_bound,0.15,0.4,0.35,reversed,0.193
R1_half_bound,0.15,0.4,0.35,flattened,0.136
R1_half_bound,0.15,0.4,0.35,steepened,0.00025
R1_half_bound,0.15,0.4,0.35,missing,0.00025
R2_reorder,0.15,0.4,0.35,undetermined,0.50275
R2_reorder,0.15,0.4,0.35,kept,0.16775
R2_reorder,0.15,0.4,0.35,missing,0.139
R2_reorder,0.15,0.4,0.35,flattened,0.13625
R2_reorder,0.15,0.4,0.35,reversed,0.054
R2_reorder,0.15,0.4,0.35,steepened,0.00025
R3_interval,0.15,0.4,0.35,undetermined,0.96625
R3_interval,0.15,0.4,0.35,reversed or missing,0.0285
R3_interval,0.15,0.4,0.35,kept or steepened,0.004
R3_interval,0.15,0.4,0.35,reversed,0.00075
R3_interval,0.15,0.4,0.35,steepened,0.00025
R3_interval,0.15,0.4,0.35,missing or flattened,0.00025
R0_current,0.15,0.4,0.375,undetermined,0.51875
R0_current,0.15,0.4,0.375,missing,0.24975
R0_current,0.15,0.4,0.375,kept,0.18175
R0_current,0.15,0.4,0.375,reversed,0.0495
R0_current,0.15,0.4,0.375,steepened,0.00025
R1_half_bound,0.15,0.4,0.375,undetermined,0.7005
R1_half_bound,0.15,0.4,0.375,reversed,0.1645
R1_half_bound,0.15,0.4,0.375,flattened,0.134
R1_half_bound,0.15,0.4,0.375,missing,0.00075
R1_half_bound,0.15,0.4,0.375,steepened,0.00025
R2_reorder,0.15,0.4,0.375,undetermined,0.51875
R2_reorder,0.15,0.4,0.375,kept,0.18175
R2_reorder,0.15,0.4,0.375,flattened,0.13425
R2_reorder,0.15,0.4,0.375,missing,0.1155
R2_reorder,0.15,0.4,0.375,reversed,0.0495
R2_reorder,0.15,0.4,0.375,steepened,0.00025
R3_interval,0.15,0.4,0.375,undetermined,0.96575
R3_interval,0.15,0.4,0.375,reversed or missing,0.02625
R3_interval,0.15,0.4,0.375,kept or steepened,0.006
R3_interval,0.15,0.4,0.375,reversed,0.00125
R3_interval,0.15,0.4,0.375,missing or flattened,0.0005
R3_interval,0.15,0.4,0.375,steepened,0.00025
R0_current,0.15,0.4,0.4,undetermined,0.5225
R0_current,0.15,0.4,0.4,missing,0.24325
R0_current,0.15,0.4,0.4,kept,0.19125
R0_current,0.15,0.4,0.4,reversed,0.0425
R0_current,0.15,0.4,0.4,steepened,0.0005
R1_half_bound,0.15,0.4,0.4,undetermined,0.71375
R1_half_bound,0.15,0.4,0.4,reversed,0.159
R1_half_bound,0.15,0.4,0.4,flattened,0.126
R1_half_bound,0.15,0.4,0.4,missing,0.00075
R1_half_bound,0.15,0.4,0.4,steepened,0.0005
R2_reorder,0.15,0.4,0.4,undetermined,0.5225
R2_reorder,0.15,0.4,0.4,kept,0.19125
R2_reorder,0.15,0.4,0.4,flattened,0.12675
R2_reorder,0.15,0.4,0.4,missing,0.1165
R2_reorder,0.15,0.4,0.4,reversed,0.0425
R2_reorder,0.15,0.4,0.4,steepened,0.0005
R3_interval,0.15,0.4,0.4,undetermined,0.9695
R3_interval,0.15,0.4,0.4,reversed or missing,0.023
R3_interval,0.15,0.4,0.4,kept or steepened,0.00675
R3_interval,0.15,0.4,0.4,reversed,0.0005
R3_interval,0.15,0.4,0.4,steepened,0.00025
R0_current,0.15,0.4,0.425,undetermined,0.52975
R0_current,0.15,0.4,0.425,missing,0.23625
R0_current,0.15,0.4,0.425,kept,0.19925
R0_current,0.15,0.4,0.425,reversed,0.03375
R0_current,0.15,0.4,0.425,steepened,0.001
R1_half_bound,0.15,0.4,0.425,undetermined,0.729
R1_half_bound,0.15,0.4,0.425,reversed,0.1365
R1_half_bound,0.15,0.4,0.425,flattened,0.13275
R1_half_bound,0.15,0.4,0.425,steepened,0.001
R1_half_bound,0.15,0.4,0.425,missing,0.00075
R2_reorder,0.15,0.4,0.425,undetermined,0.52975
R2_reorder,0.15,0.4,0.425,kept,0.19925
R2_reorder,0.15,0.4,0.425,flattened,0.13325
R2_reorder,0.15,0.4,0.425,missing,0.103
R2_reorder,0.15,0.4,0.425,reversed,0.03375
R2_reorder,0.15,0.4,0.425,steepened,0.001
R3_interval,0.15,0.4,0.425,undetermined,0.9725
R3_interval,0.15,0.4,0.425,reversed or missing,0.01625
R3_interval,0.15,0.4,0.425,kept or steepened,0.0105
R3_interval,0.15,0.4,0.425,steepened,0.0005
R3_interval,0.15,0.4,0.425,missing or flattened,0.00025
R0_current,0.15,0.4,0.45,undetermined,0.53
R0_current,0.15,0.4,0.45,missing,0.224
R0_current,0.15,0.4,0.45,kept,0.21875
R0_current,0.15,0.4,0.45,reversed,0.027
R0_current,0.15,0.4,0.45,steepened,0.00025
R1_half_bound,0.15,0.4,0.45,undetermined,0.74875
R1_half_bound,0.15,0.4,0.45,reversed,0.1255
R1_half_bound,0.15,0.4,0.45,flattened,0.12475
R1_half_bound,0.15,0.4,0.45,missing,0.00075
R1_half_bound,0.15,0.4,0.45,steepened,0.00025
R2_reorder,0.15,0.4,0.45,undetermined,0.53
R2_reorder,0.15,0.4,0.45,kept,0.21875
R2_reorder,0.15,0.4,0.45,flattened,0.1255
R2_reorder,0.15,0.4,0.45,missing,0.0985
R2_reorder,0.15,0.4,0.45,reversed,0.027
R2_reorder,0.15,0.4,0.45,steepened,0.00025
R3_interval,0.15,0.4,0.45,undetermined,0.97275
R3_interval,0.15,0.4,0.45,reversed or missing,0.0155
R3_interval,0.15,0.4,0.45,kept or steepened,0.0105
R3_interval,0.15,0.4,0.45,missing or flattened,0.001
R3_interval,0.15,0.4,0.45,reversed,0.00025
R0_current,0.15,0.4,0.475,undetermined,0.53075
R0_current,0.15,0.4,0.475,kept,0.23875
R0_current,0.15,0.4,0.475,missing,0.20625
R0_current,0.15,0.4,0.475,reversed,0.0235
R0_current,0.15,0.4,0.475,steepened,0.00075
R1_half_bound,0.15,0.4,0.475,undetermined,0.7695
R1_half_bound,0.15,0.4,0.475,flattened,0.118
R1_half_bound,0.15,0.4,0.475,reversed,0.11125
R1_half_bound,0.15,0.4,0.475,steepened,0.00075
R1_half_bound,0.15,0.4,0.475,missing,0.0005
R2_reorder,0.15,0.4,0.475,undetermined,0.53075
R2_reorder,0.15,0.4,0.475,kept,0.23875
R2_reorder,0.15,0.4,0.475,flattened,0.11825
R2_reorder,0.15,0.4,0.475,missing,0.088
R2_reorder,0.15,0.4,0.475,reversed,0.0235
R2_reorder,0.15,0.4,0.475,steepened,0.00075
R3_interval,0.15,0.4,0.475,undetermined,0.977
R3_interval,0.15,0.4,0.475,reversed or missing,0.01225
R3_interval,0.15,0.4,0.475,kept or steepened,0.00875
R3_interval,0.15,0.4,0.475,steepened,0.00075
R3_interval,0.15,0.4,0.475,flattened or kept,0.0005
R3_interval,0.15,0.4,0.475,missing or flattened,0.0005
R3_interval,0.15,0.4,0.475,reversed,0.00025
R0_current,0.15,0.4,0.5,undetermined,0.5275
R0_current,0.15,0.4,0.5,kept,0.2465
R0_current,0.15,0.4,0.5,missing,0.205
R0_current,0.15,0.4,0.5,reversed,0.0205
R0_current,0.15,0.4,0.5,steepened,0.0005
R1_half_bound,0.15,0.4,0.5,undetermined,0.774
R1_half_bound,0.15,0.4,0.5,flattened,0.12
R1_half_bound,0.15,0.4,0.5,reversed,0.10475
R1_half_bound,0.15,0.4,0.5,missing,0.00075
R1_half_bound,0.15,0.4,0.5,steepened,0.0005
R2_reorder,0.15,0.4,0.5,undetermined,0.5275
R2_reorder,0.15,0.4,0.5,kept,0.2465
R2_reorder,0.15,0.4,0.5,flattened,0.1205
R2_reorder,0.15,0.4,0.5,missing,0.0845
R2_reorder,0.15,0.4,0.5,reversed,0.0205
R2_reorder,0.15,0.4,0.5,steepened,0.0005
R3_interval,0.15,0.4,0.5,undetermined,0.97525
R3_interval,0.15,0.4,0.5,reversed or missing,0.013
R3_interval,0.15,0.4,0.5,kept or steepened,0.01025
R3_interval,0.15,0.4,0.5,missing or flattened,0.00075
R3_interval,0.15,0.4,0.5,steepened,0.0005
R3_interval,0.15,0.4,0.5,reversed,0.00025
R0_current,0.15,0.4,0.525,undetermined,0.5385
R0_current,0.15,0.4,0.525,kept,0.2645
R0_current,0.15,0.4,0.525,missing,0.1795
R0_current,0.15,0.4,0.525,reversed,0.017
R0_current,0.15,0.4,0.525,steepened,0.0005
R1_half_bound,0.15,0.4,0.525,undetermined,0.803
R1_half_bound,0.15,0.4,0.525,flattened,0.1065
R1_half_bound,0.15,0.4,0.525,reversed,0.0895
R1_half_bound,0.15,0.4,0.525,steepened,0.0005
R1_half_bound,0.15,0.4,0.525,missing,0.0005
R2_reorder,0.15,0.4,0.525,undetermined,0.5385
R2_reorder,0.15,0.4,0.525,kept,0.2645
R2_reorder,0.15,0.4,0.525,flattened,0.107
R2_reorder,0.15,0.4,0.525,missing,0.0725
R2_reorder,0.15,0.4,0.525,reversed,0.017
R2_reorder,0.15,0.4,0.525,steepened,0.0005
R3_interval,0.15,0.4,0.525,undetermined,0.97225
R3_interval,0.15,0.4,0.525,kept or steepened,0.0165
R3_interval,0.15,0.4,0.525,reversed or missing,0.0105
R3_interval,0.15,0.4,0.525,missing or flattened,0.0005
R3_interval,0.15,0.4,0.525,steepened,0.00025
R0_current,0.15,0.4,0.55,undetermined,0.54025
R0_current,0.15,0.4,0.55,kept,0.2785
R0_current,0.15,0.4,0.55,missing,0.16375
R0_current,0.15,0.4,0.55,reversed,0.01625
R0_current,0.15,0.4,0.55,steepened,0.00125
R1_half_bound,0.15,0.4,0.55,undetermined,0.81875
R1_half_bound,0.15,0.4,0.55,flattened,0.0955
R1_half_bound,0.15,0.4,0.55,reversed,0.08375
R1_half_bound,0.15,0.4,0.55,steepened,0.00125
R1_half_bound,0.15,0.4,0.55,missing,0.00075
R2_reorder,0.15,0.4,0.55,undetermined,0.54025
R2_reorder,0.15,0.4,0.55,kept,0.2785
R2_reorder,0.15,0.4,0.55,flattened,0.09575
R2_reorder,0.15,0.4,0.55,missing,0.068
R2_reorder,0.15,0.4,0.55,reversed,0.01625
R2_reorder,0.15,0.4,0.55,steepened,0.00125
R3_interval,0.15,0.4,0.55,undetermined,0.97425
R3_interval,0.15,0.4,0.55,kept or steepened,0.01525
R3_interval,0.15,0.4,0.55,reversed or missing,0.008
R3_interval,0.15,0.4,0.55,steepened,0.001
R3_interval,0.15,0.4,0.55,missing or flattened,0.00075
R3_interval,0.15,0.4,0.55,reversed,0.0005
R3_interval,0.15,0.4,0.55,flattened or kept,0.00025
R0_current,0.15,0.4,0.575,undetermined,0.536
R0_current,0.15,0.4,0.575,kept,0.29625
R0_current,0.15,0.4,0.575,missing,0.1495
R0_current,0.15,0.4,0.575,reversed,0.01675
R0_current,0.15,0.4,0.575,steepened,0.0015
R1_half_bound,0.15,0.4,0.575,undetermined,0.83225
R1_half_bound,0.15,0.4,0.575,flattened,0.09025
R1_half_bound,0.15,0.4,0.575,reversed,0.076
R1_half_bound,0.15,0.4,0.575,steepened,0.0015
R2_reorder,0.15,0.4,0.575,undetermined,0.536
R2_reorder,0.15,0.4,0.575,kept,0.29625
R2_reorder,0.15,0.4,0.575,flattened,0.09025
R2_reorder,0.15,0.4,0.575,missing,0.05925
R2_reorder,0.15,0.4,0.575,reversed,0.01675
R2_reorder,0.15,0.4,0.575,steepened,0.0015
R3_interval,0.15,0.4,0.575,undetermined,0.97375
R3_interval,0.15,0.4,0.575,kept or steepened,0.0175
R3_interval,0.15,0.4,0.575,reversed or missing,0.00825
R3_interval,0.15,0.4,0.575,steepened,0.00025
R3_interval,0.15,0.4,0.575,missing or flattened,0.00025
R0_current,0.15,0.4,0.6,undetermined,0.5335
R0_current,0.15,0.4,0.6,kept,0.3095
R0_current,0.15,0.4,0.6,missing,0.1395
R0_current,0.15,0.4,0.6,reversed,0.01625
R0_current,0.15,0.4,0.6,steepened,0.00125
R1_half_bound,0.15,0.4,0.6,undetermined,0.843
R1_half_bound,0.15,0.4,0.6,flattened,0.08575
R1_half_bound,0.15,0.4,0.6,reversed,0.07
R1_half_bound,0.15,0.4,0.6,steepened,0.00125
R2_reorder,0.15,0.4,0.6,undetermined,0.5335
R2_reorder,0.15,0.4,0.6,kept,0.3095
R2_reorder,0.15,0.4,0.6,flattened,0.08575
R2_reorder,0.15,0.4,0.6,missing,0.05375
R2_reorder,0.15,0.4,0.6,reversed,0.01625
R2_reorder,0.15,0.4,0.6,steepened,0.00125
R3_interval,0.15,0.4,0.6,undetermined,0.97125
R3_interval,0.15,0.4,0.6,kept or steepened,0.0215
R3_interval,0.15,0.4,0.6,reversed or missing,0.00675
R3_interval,0.15,0.4,0.6,steepened,0.00025
R3_interval,0.15,0.4,0.6,missing or flattened,0.00025
R0_current,0.15,0.4,0.625,undetermined,0.53325
R0_current,0.15,0.4,0.625,kept,0.32425
R0_current,0.15,0.4,0.625,missing,0.132
R0_current,0.15,0.4,0.625,reversed,0.0095
R0_current,0.15,0.4,0.625,steepened,0.001
R1_half_bound,0.15,0.4,0.625,undetermined,0.8575
R1_half_bound,0.15,0.4,0.625,flattened,0.08375
R1_half_bound,0.15,0.4,0.625,reversed,0.05725
R1_half_bound,0.15,0.4,0.625,steepened,0.001
R1_half_bound,0.15,0.4,0.625,missing,0.0005
R2_reorder,0.15,0.4,0.625,undetermined,0.53325
R2_reorder,0.15,0.4,0.625,kept,0.32425
R2_reorder,0.15,0.4,0.625,flattened,0.08425
R2_reorder,0.15,0.4,0.625,missing,0.04775
R2_reorder,0.15,0.4,0.625,reversed,0.0095
R2_reorder,0.15,0.4,0.625,steepened,0.001
R3_interval,0.15,0.4,0.625,undetermined,0.9665
R3_interval,0.15,0.4,0.625,kept or steepened,0.028
R3_interval,0.15,0.4,0.625,reversed or missing,0.00525
R3_interval,0.15,0.4,0.625,steepened,0.00025
R0_current,0.15,0.4,0.65,undetermined,0.5325
R0_current,0.15,0.4,0.65,kept,0.34875
R0_current,0.15,0.4,0.65,missing,0.109
R0_current,0.15,0.4,0.65,reversed,0.0085
R0_current,0.15,0.4,0.65,steepened,0.00125
R1_half_bound,0.15,0.4,0.65,undetermined,0.88125
R1_half_bound,0.15,0.4,0.65,flattened,0.0725
R1_half_bound,0.15,0.4,0.65,reversed,0.04475
R1_half_bound,0.15,0.4,0.65,steepened,0.00125
R1_half_bound,0.15,0.4,0.65,missing,0.00025
R2_reorder,0.15,0.4,0.65,undetermined,0.5325
R2_reorder,0.15,0.4,0.65,kept,0.34875
R2_reorder,0.15,0.4,0.65,flattened,0.0725
R2_reorder,0.15,0.4,0.65,missing,0.0365
R2_reorder,0.15,0.4,0.65,reversed,0.0085
R2_reorder,0.15,0.4,0.65,steepened,0.00125
R3_interval,0.15,0.4,0.65,undetermined,0.96925
R3_interval,0.15,0.4,0.65,kept or steepened,0.02625
R3_interval,0.15,0.4,0.65,reversed or missing,0.002
R3_interval,0.15,0.4,0.65,steepened,0.00125
R3_interval,0.15,0.4,0.65,missing or flattened,0.00075
R3_interval,0.15,0.4,0.65,reversed,0.00025
R3_interval,0.15,0.4,0.65,flattened or kept,0.00025
R0_current,0.15,0.4,0.675,undetermined,0.514
R0_current,0.15,0.4,0.675,kept,0.36175
R0_current,0.15,0.4,0.675,missing,0.10925
R0_current,0.15,0.4,0.675,reversed,0.01175
R0_current,0.15,0.4,0.675,steepened,0.00325
R1_half_bound,0.15,0.4,0.675,undetermined,0.87575
R1_half_bound,0.15,0.4,0.675,flattened,0.07
R1_half_bound,0.15,0.4,0.675,reversed,0.05075
R1_half_bound,0.15,0.4,0.675,steepened,0.00325
R1_half_bound,0.15,0.4,0.675,missing,0.00025
R2_reorder,0.15,0.4,0.675,undetermined,0.514
R2_reorder,0.15,0.4,0.675,kept,0.36175
R2_reorder,0.15,0.4,0.675,flattened,0.07
R2_reorder,0.15,0.4,0.675,missing,0.03925
R2_reorder,0.15,0.4,0.675,reversed,0.01175
R2_reorder,0.15,0.4,0.675,steepened,0.00325
R3_interval,0.15,0.4,0.675,undetermined,0.961
R3_interval,0.15,0.4,0.675,kept or steepened,0.0325
R3_interval,0.15,0.4,0.675,reversed or missing,0.00375
R3_interval,0.15,0.4,0.675,steepened,0.002
R3_interval,0.15,0.4,0.675,missing or flattened,0.00075
R0_current,0.15,0.4,0.7,undetermined,0.499
R0_current,0.15,0.4,0.7,kept,0.39425
R0_current,0.15,0.4,0.7,missing,0.09725
R0_current,0.15,0.4,0.7,reversed,0.007
R0_current,0.15,0.4,0.7,steepened,0.0025
R1_half_bound,0.15,0.4,0.7,undetermined,0.89325
R1_half_bound,0.15,0.4,0.7,flattened,0.06325
R1_half_bound,0.15,0.4,0.7,reversed,0.041
R1_half_bound,0.15,0.4,0.7,steepened,0.0025
R2_reorder,0.15,0.4,0.7,undetermined,0.499
R2_reorder,0.15,0.4,0.7,kept,0.39425
R2_reorder,0.15,0.4,0.7,flattened,0.06325
R2_reorder,0.15,0.4,0.7,missing,0.034
R2_reorder,0.15,0.4,0.7,reversed,0.007
R2_reorder,0.15,0.4,0.7,steepened,0.0025
R3_interval,0.15,0.4,0.7,undetermined,0.9595
R3_interval,0.15,0.4,0.7,kept or steepened,0.03525
R3_interval,0.15,0.4,0.7,reversed or missing,0.00275
R3_interval,0.15,0.4,0.7,steepened,0.00175
R3_interval,0.15,0.4,0.7,missing or flattened,0.0005
R3_interval,0.15,0.4,0.7,reversed,0.00025
R0_current,0.15,0.4,0.725,undetermined,0.51225
R0_current,0.15,0.4,0.725,kept,0.38925
R0_current,0.15,0.4,0.725,missing,0.08575
R0_current,0.15,0.4,0.725,reversed,0.0075
R0_current,0.15,0.4,0.725,steepened,0.00525
R1_half_bound,0.15,0.4,0.725,undetermined,0.9015
R1_half_bound,0.15,0.4,0.725,flattened,0.05775
R1_half_bound,0.15,0.4,0.725,reversed,0.0355
R1_half_bound,0.15,0.4,0.725,steepened,0.00525
R2_reorder,0.15,0.4,0.725,undetermined,0.51225
R2_reorder,0.15,0.4,0.725,kept,0.38925
R2_reorder,0.15,0.4,0.725,flattened,0.05775
R2_reorder,0.15,0.4,0.725,missing,0.028
R2_reorder,0.15,0.4,0.725,reversed,0.0075
R2_reorder,0.15,0.4,0.725,steepened,0.00525
R3_interval,0.15,0.4,0.725,undetermined,0.95375
R3_interval,0.15,0.4,0.725,kept or steepened,0.039
R3_interval,0.15,0.4,0.725,steepened,0.00375
R3_interval,0.15,0.4,0.725,reversed or missing,0.0035
R0_current,0.15,0.4,0.75,undetermined,0.498
R0_current,0.15,0.4,0.75,kept,0.4065
R0_current,0.15,0.4,0.75,missing,0.0875
R0_current,0.15,0.4,0.75,steepened,0.0045
R0_current,0.15,0.4,0.75,reversed,0.0035
R1_half_bound,0.15,0.4,0.75,undetermined,0.9045
R1_half_bound,0.15,0.4,0.75,flattened,0.06125
R1_half_bound,0.15,0.4,0.75,reversed,0.02975
R1_half_bound,0.15,0.4,0.75,steepened,0.0045
R2_reorder,0.15,0.4,0.75,undetermined,0.498
R2_reorder,0.15,0.4,0.75,kept,0.4065
R2_reorder,0.15,0.4,0.75,flattened,0.06125
R2_reorder,0.15,0.4,0.75,missing,0.02625
R2_reorder,0.15,0.4,0.75,steepened,0.0045
R2_reorder,0.15,0.4,0.75,reversed,0.0035
R3_interval,0.15,0.4,0.75,undetermined,0.9465
R3_interval,0.15,0.4,0.75,kept or steepened,0.049
R3_interval,0.15,0.4,0.75,reversed or missing,0.00225
R3_interval,0.15,0.4,0.75,steepened,0.00175
R3_interval,0.15,0.4,0.75,missing or flattened,0.0005
R0_current,0.15,0.4,0.775,undetermined,0.49975
R0_current,0.15,0.4,0.775,kept,0.41725
R0_current,0.15,0.4,0.775,missing,0.07175
R0_current,0.15,0.4,0.775,steepened,0.00875
R0_current,0.15,0.4,0.775,reversed,0.0025
R1_half_bound,0.15,0.4,0.775,undetermined,0.91675
R1_half_bound,0.15,0.4,0.775,flattened,0.05225
R1_half_bound,0.15,0.4,0.775,reversed,0.022
R1_half_bound,0.15,0.4,0.775,steepened,0.00875
R1_half_bound,0.15,0.4,0.775,kept,0.00025
R2_reorder,0.15,0.4,0.775,undetermined,0.49975
R2_reorder,0.15,0.4,0.775,kept,0.41725
R2_reorder,0.15,0.4,0.775,flattened,0.05225
R2_reorder,0.15,0.4,0.775,missing,0.0195
R2_reorder,0.15,0.4,0.775,steepened,0.00875
R2_reorder,0.15,0.4,0.775,reversed,0.0025
R3_interval,0.15,0.4,0.775,undetermined,0.944
R3_interval,0.15,0.4,0.775,kept or steepened,0.05
R3_interval,0.15,0.4,0.775,steepened,0.00425
R3_interval,0.15,0.4,0.775,flattened or kept,0.00075
R3_interval,0.15,0.4,0.775,reversed or missing,0.00075
R3_interval,0.15,0.4,0.775,missing or flattened,0.00025
R0_current,0.15,0.4,0.8,undetermined,0.49225
R0_current,0.15,0.4,0.8,kept,0.43575
R0_current,0.15,0.4,0.8,missing,0.0645
R0_current,0.15,0.4,0.8,steepened,0.00575
R0_current,0.15,0.4,0.8,reversed,0.00175
R1_half_bound,0.15,0.4,0.8,undetermined,0.928
R1_half_bound,0.15,0.4,0.8,flattened,0.04425
R1_half_bound,0.15,0.4,0.8,reversed,0.02175
R1_half_bound,0.15,0.4,0.8,steepened,0.00575
R1_half_bound,0.15,0.4,0.8,missing,0.00025
R2_reorder,0.15,0.4,0.8,undetermined,0.49225
R2_reorder,0.15,0.4,0.8,kept,0.43575
R2_reorder,0.15,0.4,0.8,flattened,0.0445
R2_reorder,0.15,0.4,0.8,missing,0.02
R2_reorder,0.15,0.4,0.8,steepened,0.00575
R2_reorder,0.15,0.4,0.8,reversed,0.00175
R3_interval,0.15,0.4,0.8,undetermined,0.93775
R3_interval,0.15,0.4,0.8,kept or steepened,0.059
R3_interval,0.15,0.4,0.8,steepened,0.0025
R3_interval,0.15,0.4,0.8,reversed or missing,0.0005
R3_interval,0.15,0.4,0.8,missing or flattened,0.00025
R0_current,0.15,0.4,0.825,undetermined,0.50125
R0_current,0.15,0.4,0.825,kept,0.43275
R0_current,0.15,0.4,0.825,missing,0.0585
R0_current,0.15,0.4,0.825,steepened,0.00575
R0_current,0.15,0.4,0.825,reversed,0.00175
R1_half_bound,0.15,0.4,0.825,undetermined,0.934
R1_half_bound,0.15,0.4,0.825,flattened,0.04225
R1_half_bound,0.15,0.4,0.825,reversed,0.018
R1_half_bound,0.15,0.4,0.825,steepened,0.00575
R2_reorder,0.15,0.4,0.825,undetermined,0.50125
R2_reorder,0.15,0.4,0.825,kept,0.43275
R2_reorder,0.15,0.4,0.825,flattened,0.04225
R2_reorder,0.15,0.4,0.825,missing,0.01625
R2_reorder,0.15,0.4,0.825,steepened,0.00575
R2_reorder,0.15,0.4,0.825,reversed,0.00175
R3_interval,0.15,0.4,0.825,undetermined,0.935
R3_interval,0.15,0.4,0.825,kept or steepened,0.05975
R3_interval,0.15,0.4,0.825,steepened,0.004
R3_interval,0.15,0.4,0.825,reversed or missing,0.00075
R3_interval,0.15,0.4,0.825,missing or flattened,0.0005
R0_current,0.15,0.4,0.85,undetermined,0.47275
R0_current,0.15,0.4,0.85,kept,0.46075
R0_current,0.15,0.4,0.85,missing,0.0525
R0_current,0.15,0.4,0.85,steepened,0.01125
R0_current,0.15,0.4,0.85,reversed,0.00275
R1_half_bound,0.15,0.4,0.85,undetermined,0.93325
R1_half_bound,0.15,0.4,0.85,flattened,0.038
R1_half_bound,0.15,0.4,0.85,reversed,0.01725
R1_half_bound,0.15,0.4,0.85,steepened,0.01125
R1_half_bound,0.15,0.4,0.85,kept,0.00025
R2_reorder,0.15,0.4,0.85,undetermined,0.47275
R2_reorder,0.15,0.4,0.85,kept,0.46075
R2_reorder,0.15,0.4,0.85,flattened,0.038
R2_reorder,0.15,0.4,0.85,missing,0.0145
R2_reorder,0.15,0.4,0.85,steepened,0.01125
R2_reorder,0.15,0.4,0.85,reversed,0.00275
R3_interval,0.15,0.4,0.85,undetermined,0.917
R3_interval,0.15,0.4,0.85,kept or steepened,0.0745
R3_interval,0.15,0.4,0.85,steepened,0.00625
R3_interval,0.15,0.4,0.85,reversed or missing,0.0015
R3_interval,0.15,0.4,0.85,missing or flattened,0.00075
R0_current,0.15,0.4,0.875,undetermined,0.4795
R0_current,0.15,0.4,0.875,kept,0.466
R0_current,0.15,0.4,0.875,missing,0.04325
R0_current,0.15,0.4,0.875,steepened,0.01
R0_current,0.15,0.4,0.875,reversed,0.00125
R1_half_bound,0.15,0.4,0.875,undetermined,0.9455
R1_half_bound,0.15,0.4,0.875,flattened,0.03
R1_half_bound,0.15,0.4,0.875,reversed,0.01425
R1_half_bound,0.15,0.4,0.875,steepened,0.01
R1_half_bound,0.15,0.4,0.875,missing,0.00025
R2_reorder,0.15,0.4,0.875,undetermined,0.4795
R2_reorder,0.15,0.4,0.875,kept,0.466
R2_reorder,0.15,0.4,0.875,flattened,0.03
R2_reorder,0.15,0.4,0.875,missing,0.01325
R2_reorder,0.15,0.4,0.875,steepened,0.01
R2_reorder,0.15,0.4,0.875,reversed,0.00125
R3_interval,0.15,0.4,0.875,undetermined,0.9165
R3_interval,0.15,0.4,0.875,kept or steepened,0.07725
R3_interval,0.15,0.4,0.875,steepened,0.005
R3_interval,0.15,0.4,0.875,reversed or missing,0.00075
R3_interval,0.15,0.4,0.875,flattened or kept,0.00025
R3_interval,0.15,0.4,0.875,missing or flattened,0.00025
R0_current,0.15,0.4,0.9,kept,0.48775
R0_current,0.15,0.4,0.9,undetermined,0.46175
R0_current,0.15,0.4,0.9,missing,0.03575
R0_current,0.15,0.4,0.9,steepened,0.0125
R0_current,0.15,0.4,0.9,reversed,0.00225
R1_half_bound,0.15,0.4,0.9,undetermined,0.94925
R1_half_bound,0.15,0.4,0.9,flattened,0.0255
R1_half_bound,0.15,0.4,0.9,reversed,0.0125
R1_half_bound,0.15,0.4,0.9,steepened,0.0125
R1_half_bound,0.15,0.4,0.9,kept,0.00025
R2_reorder,0.15,0.4,0.9,kept,0.48775
R2_reorder,0.15,0.4,0.9,undetermined,0.46175
R2_reorder,0.15,0.4,0.9,flattened,0.0255
R2_reorder,0.15,0.4,0.9,steepened,0.0125
R2_reorder,0.15,0.4,0.9,missing,0.01025
R2_reorder,0.15,0.4,0.9,reversed,0.00225
R3_interval,0.15,0.4,0.9,undetermined,0.90675
R3_interval,0.15,0.4,0.9,kept or steepened,0.08675
R3_interval,0.15,0.4,0.9,steepened,0.006
R3_interval,0.15,0.4,0.9,missing or flattened,0.00025
R3_interval,0.15,0.4,0.9,reversed or missing,0.00025
R0_current,0.15,0.4,0.925,kept,0.491
R0_current,0.15,0.4,0.925,undetermined,0.4615
R0_current,0.15,0.4,0.925,missing,0.0345
R0_current,0.15,0.4,0.925,steepened,0.0125
R0_current,0.15,0.4,0.925,reversed,0.0005
R1_half_bound,0.15,0.4,0.925,undetermined,0.9525
R1_half_bound,0.15,0.4,0.925,flattened,0.02375
R1_half_bound,0.15,0.4,0.925,steepened,0.0125
R1_half_bound,0.15,0.4,0.925,reversed,0.01125
R2_reorder,0.15,0.4,0.925,kept,0.491
R2_reorder,0.15,0.4,0.925,undetermined,0.4615
R2_reorder,0.15,0.4,0.925,flattened,0.02375
R2_reorder,0.15,0.4,0.925,steepened,0.0125
R2_reorder,0.15,0.4,0.925,missing,0.01075
R2_reorder,0.15,0.4,0.925,reversed,0.0005
R3_interval,0.15,0.4,0.925,undetermined,0.9
R3_interval,0.15,0.4,0.925,kept or steepened,0.09175
R3_interval,0.15,0.4,0.925,steepened,0.008
R3_interval,0.15,0.4,0.925,flattened or kept,0.00025
R0_current,0.15,0.4,0.95,kept,0.48775
R0_current,0.15,0.4,0.95,undetermined,0.4595
R0_current,0.15,0.4,0.95,missing,0.03475
R0_current,0.15,0.4,0.95,steepened,0.01675
R0_current,0.15,0.4,0.95,reversed,0.00125
R1_half_bound,0.15,0.4,0.95,undetermined,0.94725
R1_half_bound,0.15,0.4,0.95,flattened,0.0255
R1_half_bound,0.15,0.4,0.95,steepened,0.01675
R1_half_bound,0.15,0.4,0.95,reversed,0.0105
R2_reorder,0.15,0.4,0.95,kept,0.48775
R2_reorder,0.15,0.4,0.95,undetermined,0.4595
R2_reorder,0.15,0.4,0.95,flattened,0.0255
R2_reorder,0.15,0.4,0.95,steepened,0.01675
R2_reorder,0.15,0.4,0.95,missing,0.00925
R2_reorder,0.15,0.4,0.95,reversed,0.00125
R3_interval,0.15,0.4,0.95,undetermined,0.8815
R3_interval,0.15,0.4,0.95,kept or steepened,0.10875
R3_interval,0.15,0.4,0.95,steepened,0.00825
R3_interval,0.15,0.4,0.95,flattened or kept,0.00075
R3_interval,0.15,0.4,0.95,reversed or missing,0.00075
R0_current,0.15,0.4,0.975,kept,0.494
R0_current,0.15,0.4,0.975,undetermined,0.45575
R0_current,0.15,0.4,0.975,missing,0.0255
R0_current,0.15,0.4,0.975,steepened,0.024
R0_current,0.15,0.4,0.975,reversed,0.00075
R1_half_bound,0.15,0.4,0.975,undetermined,0.9495
R1_half_bound,0.15,0.4,0.975,steepened,0.024
R1_half_bound,0.15,0.4,0.975,flattened,0.021
R1_half_bound,0.15,0.4,0.975,reversed,0.00525
R1_half_bound,0.15,0.4,0.975,kept,0.00025
R2_reorder,0.15,0.4,0.975,kept,0.494
R2_reorder,0.15,0.4,0.975,undetermined,0.45575
R2_reorder,0.15,0.4,0.975,steepened,0.024
R2_reorder,0.15,0.4,0.975,flattened,0.021
R2_reorder,0.15,0.4,0.975,missing,0.0045
R2_reorder,0.15,0.4,0.975,reversed,0.00075
R3_interval,0.15,0.4,0.975,undetermined,0.86675
R3_interval,0.15,0.4,0.975,kept or steepened,0.1195
R3_interval,0.15,0.4,0.975,steepened,0.0135
R3_interval,0.15,0.4,0.975,missing or flattened,0.00025
R0_current,0.15,0.4,1.0,kept,0.49725
R0_current,0.15,0.4,1.0,undetermined,0.45175
R0_current,0.15,0.4,1.0,steepened,0.028
R0_current,0.15,0.4,1.0,missing,0.0225
R0_current,0.15,0.4,1.0,reversed,0.0005
R1_half_bound,0.15,0.4,1.0,undetermined,0.949
R1_half_bound,0.15,0.4,1.0,steepened,0.028
R1_half_bound,0.15,0.4,1.0,flattened,0.01875
R1_half_bound,0.15,0.4,1.0,reversed,0.00425
R2_reorder,0.15,0.4,1.0,kept,0.49725
R2_reorder,0.15,0.4,1.0,undetermined,0.45175
R2_reorder,0.15,0.4,1.0,steepened,0.028
R2_reorder,0.15,0.4,1.0,flattened,0.01875
R2_reorder,0.15,0.4,1.0,missing,0.00375
R2_reorder,0.15,0.4,1.0,reversed,0.0005
R3_interval,0.15,0.4,1.0,undetermined,0.8515
R3_interval,0.15,0.4,1.0,kept or steepened,0.13325
R3_interval,0.15,0.4,1.0,steepened,0.01525
R0_current,0.15,0.4,1.025,kept,0.476
R0_current,0.15,0.4,1.025,undetermined,0.4725
R0_current,0.15,0.4,1.025,steepened,0.02725
R0_current,0.15,0.4,1.025,missing,0.02325
R0_current,0.15,0.4,1.025,reversed,0.001
R1_half_bound,0.15,0.4,1.025,undetermined,0.9485
R1_half_bound,0.15,0.4,1.025,steepened,0.02725
R1_half_bound,0.15,0.4,1.025,flattened,0.017
R1_half_bound,0.15,0.4,1.025,reversed,0.00725
R2_reorder,0.15,0.4,1.025,kept,0.476
R2_reorder,0.15,0.4,1.025,undetermined,0.4725
R2_reorder,0.15,0.4,1.025,steepened,0.02725
R2_reorder,0.15,0.4,1.025,flattened,0.017
R2_reorder,0.15,0.4,1.025,missing,0.00625
R2_reorder,0.15,0.4,1.025,reversed,0.001
R3_interval,0.15,0.4,1.025,undetermined,0.836
R3_interval,0.15,0.4,1.025,kept or steepened,0.148
R3_interval,0.15,0.4,1.025,steepened,0.0155
R3_interval,0.15,0.4,1.025,reversed or missing,0.0005
R0_current,0.15,0.4,1.05,kept,0.4955
R0_current,0.15,0.4,1.05,undetermined,0.45075
R0_current,0.15,0.4,1.05,steepened,0.0365
R0_current,0.15,0.4,1.05,missing,0.017
R0_current,0.15,0.4,1.05,reversed,0.00025
R1_half_bound,0.15,0.4,1.05,undetermined,0.94625
R1_half_bound,0.15,0.4,1.05,steepened,0.0365
R1_half_bound,0.15,0.4,1.05,flattened,0.014
R1_half_bound,0.15,0.4,1.05,reversed,0.00325
R2_reorder,0.15,0.4,1.05,kept,0.4955
R2_reorder,0.15,0.4,1.05,undetermined,0.45075
R2_reorder,0.15,0.4,1.05,steepened,0.0365
R2_reorder,0.15,0.4,1.05,flattened,0.014
R2_reorder,0.15,0.4,1.05,missing,0.003
R2_reorder,0.15,0.4,1.05,reversed,0.00025
R3_interval,0.15,0.4,1.05,undetermined,0.8195
R3_interval,0.15,0.4,1.05,kept or steepened,0.1585
R3_interval,0.15,0.4,1.05,steepened,0.02175
R3_interval,0.15,0.4,1.05,missing or flattened,0.00025
R0_current,0.15,0.4,1.075,kept,0.4885
R0_current,0.15,0.4,1.075,undetermined,0.45675
R0_current,0.15,0.4,1.075,steepened,0.0375
R0_current,0.15,0.4,1.075,missing,0.0165
R0_current,0.15,0.4,1.075,reversed,0.00075
R1_half_bound,0.15,0.4,1.075,undetermined,0.94525
R1_half_bound,0.15,0.4,1.075,steepened,0.0375
R1_half_bound,0.15,0.4,1.075,flattened,0.01275
R1_half_bound,0.15,0.4,1.075,reversed,0.0045
R2_reorder,0.15,0.4,1.075,kept,0.4885
R2_reorder,0.15,0.4,1.075,undetermined,0.45675
R2_reorder,0.15,0.4,1.075,steepened,0.0375
R2_reorder,0.15,0.4,1.075,flattened,0.01275
R2_reorder,0.15,0.4,1.075,missing,0.00375
R2_reorder,0.15,0.4,1.075,reversed,0.00075
R3_interval,0.15,0.4,1.075,undetermined,0.806
R3_interval,0.15,0.4,1.075,kept or steepened,0.17375
R3_interval,0.15,0.4,1.075,steepened,0.01975
R3_interval,0.15,0.4,1.075,flattened or kept,0.00025
R3_interval,0.15,0.4,1.075,reversed or missing,0.00025
R0_current,0.15,0.4,1.1,kept,0.48275
R0_current,0.15,0.4,1.1,undetermined,0.45675
R0_current,0.15,0.4,1.1,steepened,0.045
R0_current,0.15,0.4,1.1,missing,0.015
R0_current,0.15,0.4,1.1,reversed,0.0005
R1_half_bound,0.15,0.4,1.1,undetermined,0.9395
R1_half_bound,0.15,0.4,1.1,steepened,0.045
R1_half_bound,0.15,0.4,1.1,flattened,0.01225
R1_half_bound,0.15,0.4,1.1,reversed,0.00325
R2_reorder,0.15,0.4,1.1,kept,0.48275
R2_reorder,0.15,0.4,1.1,undetermined,0.45675
R2_reorder,0.15,0.4,1.1,steepened,0.045
R2_reorder,0.15,0.4,1.1,flattened,0.01225
R2_reorder,0.15,0.4,1.1,missing,0.00275
R2_reorder,0.15,0.4,1.1,reversed,0.0005
R3_interval,0.15,0.4,1.1,undetermined,0.7885
R3_interval,0.15,0.4,1.1,kept or steepened,0.185
R3_interval,0.15,0.4,1.1,steepened,0.026
R3_interval,0.15,0.4,1.1,reversed or missing,0.00025
R3_interval,0.15,0.4,1.1,flattened or kept,0.00025
R0_current,0.15,0.4,1.125,kept,0.49575
R0_current,0.15,0.4,1.125,undetermined,0.4465
R0_current,0.15,0.4,1.125,steepened,0.04725
R0_current,0.15,0.4,1.125,missing,0.01025
R0_current,0.15,0.4,1.125,reversed,0.00025
R1_half_bound,0.15,0.4,1.125,undetermined,0.94225
R1_half_bound,0.15,0.4,1.125,steepened,0.04725
R1_half_bound,0.15,0.4,1.125,flattened,0.00925
R1_half_bound,0.15,0.4,1.125,reversed,0.00125
R2_reorder,0.15,0.4,1.125,kept,0.49575
R2_reorder,0.15,0.4,1.125,undetermined,0.4465
R2_reorder,0.15,0.4,1.125,steepened,0.04725
R2_reorder,0.15,0.4,1.125,flattened,0.00925
R2_reorder,0.15,0.4,1.125,missing,0.001
R2_reorder,0.15,0.4,1.125,reversed,0.00025
R3_interval,0.15,0.4,1.125,undetermined,0.7735
R3_interval,0.15,0.4,1.125,kept or steepened,0.19825
R3_interval,0.15,0.4,1.125,steepened,0.02825
R0_current,0.15,0.4,1.15,kept,0.47275
R0_current,0.15,0.4,1.15,undetermined,0.46525
R0_current,0.15,0.4,1.15,steepened,0.0525
R0_current,0.15,0.4,1.15,missing,0.0095
R1_half_bound,0.15,0.4,1.15,undetermined,0.938
R1_half_bound,0.15,0.4,1.15,steepened,0.0525
R1_half_bound,0.15,0.4,1.15,flattened,0.00725
R1_half_bound,0.15,0.4,1.15,reversed,0.00225
R2_reorder,0.15,0.4,1.15,kept,0.47275
R2_reorder,0.15,0.4,1.15,undetermined,0.46525
R2_reorder,0.15,0.4,1.15,steepened,0.0525
R2_reorder,0.15,0.4,1.15,flattened,0.00725
R2_reorder,0.15,0.4,1.15,missing,0.00225
R3_interval,0.15,0.4,1.15,undetermined,0.75625
R3_interval,0.15,0.4,1.15,kept or steepened,0.21225
R3_interval,0.15,0.4,1.15,steepened,0.031
R3_interval,0.15,0.4,1.15,flattened or kept,0.00025
R3_interval,0.15,0.4,1.15,missing or flattened,0.00025
R0_current,0.15,0.4,1.175,kept,0.46775
R0_current,0.15,0.4,1.175,undetermined,0.4625
R0_current,0.15,0.4,1.175,steepened,0.06025
R0_current,0.15,0.4,1.175,missing,0.00925
R0_current,0.15,0.4,1.175,reversed,0.00025
R1_half_bound,0.15,0.4,1.175,undetermined,0.93025
R1_half_bound,0.15,0.4,1.175,steepened,0.06025
R1_half_bound,0.15,0.4,1.175,flattened,0.00725
R1_half_bound,0.15,0.4,1.175,reversed,0.00225
R2_reorder,0.15,0.4,1.175,kept,0.46775
R2_reorder,0.15,0.4,1.175,undetermined,0.4625
R2_reorder,0.15,0.4,1.175,steepened,0.06025
R2_reorder,0.15,0.4,1.175,flattened,0.00725
R2_reorder,0.15,0.4,1.175,missing,0.002
R2_reorder,0.15,0.4,1.175,reversed,0.00025
R3_interval,0.15,0.4,1.175,undetermined,0.73475
R3_interval,0.15,0.4,1.175,kept or steepened,0.232
R3_interval,0.15,0.4,1.175,steepened,0.03325
R0_current,0.15,0.4,1.2,kept,0.47225
R0_current,0.15,0.4,1.2,undetermined,0.458
R0_current,0.15,0.4,1.2,steepened,0.062
R0_current,0.15,0.4,1.2,missing,0.0075
R0_current,0.15,0.4,1.2,reversed,0.00025
R1_half_bound,0.15,0.4,1.2,undetermined,0.93025
R1_half_bound,0.15,0.4,1.2,steepened,0.062
R1_half_bound,0.15,0.4,1.2,flattened,0.0065
R1_half_bound,0.15,0.4,1.2,reversed,0.00125
R2_reorder,0.15,0.4,1.2,kept,0.47225
R2_reorder,0.15,0.4,1.2,undetermined,0.458
R2_reorder,0.15,0.4,1.2,steepened,0.062
R2_reorder,0.15,0.4,1.2,flattened,0.0065
R2_reorder,0.15,0.4,1.2,missing,0.001
R2_reorder,0.15,0.4,1.2,reversed,0.00025
R3_interval,0.15,0.4,1.2,undetermined,0.73075
R3_interval,0.15,0.4,1.2,kept or steepened,0.23025
R3_interval,0.15,0.4,1.2,steepened,0.03875
R3_interval,0.15,0.4,1.2,missing or flattened,0.00025
R0_current,0.15,0.4,1.225,undetermined,0.46525
R0_current,0.15,0.4,1.225,kept,0.4495
R0_current,0.15,0.4,1.225,steepened,0.07975
R0_current,0.15,0.4,1.225,missing,0.00525
R0_current,0.15,0.4,1.225,reversed,0.00025
R1_half_bound,0.15,0.4,1.225,undetermined,0.91475
R1_half_bound,0.15,0.4,1.225,steepened,0.07975
R1_half_bound,0.15,0.4,1.225,flattened,0.00425
R1_half_bound,0.15,0.4,1.225,reversed,0.00125
R2_reorder,0.15,0.4,1.225,undetermined,0.46525
R2_reorder,0.15,0.4,1.225,kept,0.4495
R2_reorder,0.15,0.4,1.225,steepened,0.07975
R2_reorder,0.15,0.4,1.225,flattened,0.00425
R2_reorder,0.15,0.4,1.225,missing,0.001
R2_reorder,0.15,0.4,1.225,reversed,0.00025
R3_interval,0.15,0.4,1.225,undetermined,0.6985
R3_interval,0.15,0.4,1.225,kept or steepened,0.25625
R3_interval,0.15,0.4,1.225,steepened,0.04525
R0_current,0.15,0.4,1.25,undetermined,0.46475
R0_current,0.15,0.4,1.25,kept,0.4415
R0_current,0.15,0.4,1.25,steepened,0.08825
R0_current,0.15,0.4,1.25,missing,0.0055
R1_half_bound,0.15,0.4,1.25,undetermined,0.90625
R1_half_bound,0.15,0.4,1.25,steepened,0.08825
R1_half_bound,0.15,0.4,1.25,flattened,0.0045
R1_half_bound,0.15,0.4,1.25,reversed,0.001
R2_reorder,0.15,0.4,1.25,undetermined,0.46475
R2_reorder,0.15,0.4,1.25,kept,0.4415
R2_reorder,0.15,0.4,1.25,steepened,0.08825
R2_reorder,0.15,0.4,1.25,flattened,0.0045
R2_reorder,0.15,0.4,1.25,missing,0.001
R3_interval,0.15,0.4,1.25,undetermined,0.664
R3_interval,0.15,0.4,1.25,kept or steepened,0.2825
R3_interval,0.15,0.4,1.25,steepened,0.0535
R0_current,0.15,0.4,1.275,undetermined,0.4675
R0_current,0.15,0.4,1.275,kept,0.44025
R0_current,0.15,0.4,1.275,steepened,0.08875
R0_current,0.15,0.4,1.275,missing,0.0035
R1_half_bound,0.15,0.4,1.275,undetermined,0.90775
R1_half_bound,0.15,0.4,1.275,steepened,0.08875
R1_half_bound,0.15,0.4,1.275,flattened,0.00325
R1_half_bound,0.15,0.4,1.275,reversed,0.00025
R2_reorder,0.15,0.4,1.275,undetermined,0.4675
R2_reorder,0.15,0.4,1.275,kept,0.44025
R2_reorder,0.15,0.4,1.275,steepened,0.08875
R2_reorder,0.15,0.4,1.275,flattened,0.00325
R2_reorder,0.15,0.4,1.275,missing,0.00025
R3_interval,0.15,0.4,1.275,undetermined,0.651
R3_interval,0.15,0.4,1.275,kept or steepened,0.2945
R3_interval,0.15,0.4,1.275,steepened,0.054
R3_interval,0.15,0.4,1.275,flattened or kept,0.00025
R3_interval,0.15,0.4,1.275,missing or flattened,0.00025
R0_current,0.15,0.4,1.3,undetermined,0.46825
R0_current,0.15,0.4,1.3,kept,0.422
R0_current,0.15,0.4,1.3,steepened,0.10675
R0_current,0.15,0.4,1.3,missing,0.003
R1_half_bound,0.15,0.4,1.3,undetermined,0.89025
R1_half_bound,0.15,0.4,1.3,steepened,0.10675
R1_half_bound,0.15,0.4,1.3,flattened,0.00225
R1_half_bound,0.15,0.4,1.3,reversed,0.00075
R2_reorder,0.15,0.4,1.3,undetermined,0.46825
R2_reorder,0.15,0.4,1.3,kept,0.422
R2_reorder,0.15,0.4,1.3,steepened,0.10675
R2_reorder,0.15,0.4,1.3,flattened,0.00225
R2_reorder,0.15,0.4,1.3,missing,0.00075
R3_interval,0.15,0.4,1.3,undetermined,0.61825
R3_interval,0.15,0.4,1.3,kept or steepened,0.31725
R3_interval,0.15,0.4,1.3,steepened,0.06425
R3_interval,0.15,0.4,1.3,flattened or kept,0.00025
R0_current,0.15,0.4,1.325,undetermined,0.4575
R0_current,0.15,0.4,1.325,kept,0.426
R0_current,0.15,0.4,1.325,steepened,0.11225
R0_current,0.15,0.4,1.325,missing,0.004
R0_current,0.15,0.4,1.325,reversed,0.00025
R1_half_bound,0.15,0.4,1.325,undetermined,0.8835
R1_half_bound,0.15,0.4,1.325,steepened,0.11225
R1_half_bound,0.15,0.4,1.325,flattened,0.00375
R1_half_bound,0.15,0.4,1.325,reversed,0.0005
R2_reorder,0.15,0.4,1.325,undetermined,0.4575
R2_reorder,0.15,0.4,1.325,kept,0.426
R2_reorder,0.15,0.4,1.325,steepened,0.11225
R2_reorder,0.15,0.4,1.325,flattened,0.00375
R2_reorder,0.15,0.4,1.325,missing,0.00025
R2_reorder,0.15,0.4,1.325,reversed,0.00025
R3_interval,0.15,0.4,1.325,undetermined,0.6185
R3_interval,0.15,0.4,1.325,kept or steepened,0.3145
R3_interval,0.15,0.4,1.325,steepened,0.0665
R3_interval,0.15,0.4,1.325,flattened or kept,0.0005
R0_current,0.15,0.4,1.35,undetermined,0.4725
R0_current,0.15,0.4,1.35,kept,0.3905
R0_current,0.15,0.4,1.35,steepened,0.135
R0_current,0.15,0.4,1.35,missing,0.002
R1_half_bound,0.15,0.4,1.35,undetermined,0.86275
R1_half_bound,0.15,0.4,1.35,steepened,0.135
R1_half_bound,0.15,0.4,1.35,flattened,0.002
R1_half_bound,0.15,0.4,1.35,kept,0.00025
R2_reorder,0.15,0.4,1.35,undetermined,0.4725
R2_reorder,0.15,0.4,1.35,kept,0.3905
R2_reorder,0.15,0.4,1.35,steepened,0.135
R2_reorder,0.15,0.4,1.35,flattened,0.002
R3_interval,0.15,0.4,1.35,undetermined,0.573
R3_interval,0.15,0.4,1.35,kept or steepened,0.344
R3_interval,0.15,0.4,1.35,steepened,0.083
R0_current,0.15,0.4,1.375,undetermined,0.482
R0_current,0.15,0.4,1.375,kept,0.3775
R0_current,0.15,0.4,1.375,steepened,0.139
R0_current,0.15,0.4,1.375,missing,0.0015
R1_half_bound,0.15,0.4,1.375,undetermined,0.8595
R1_half_bound,0.15,0.4,1.375,steepened,0.139
R1_half_bound,0.15,0.4,1.375,flattened,0.001
R1_half_bound,0.15,0.4,1.375,reversed,0.0005
R2_reorder,0.15,0.4,1.375,undetermined,0.482
R2_reorder,0.15,0.4,1.375,kept,0.3775
R2_reorder,0.15,0.4,1.375,steepened,0.139
R2_reorder,0.15,0.4,1.375,flattened,0.001
R2_reorder,0.15,0.4,1.375,missing,0.0005
R3_interval,0.15,0.4,1.375,undetermined,0.54925
R3_interval,0.15,0.4,1.375,kept or steepened,0.361
R3_interval,0.15,0.4,1.375,steepened,0.08975
R0_current,0.15,0.4,1.4,undetermined,0.46975
R0_current,0.15,0.4,1.4,kept,0.3675
R0_current,0.15,0.4,1.4,steepened,0.16125
R0_current,0.15,0.4,1.4,missing,0.0015
R1_half_bound,0.15,0.4,1.4,undetermined,0.83725
R1_half_bound,0.15,0.4,1.4,steepened,0.16125
R1_half_bound,0.15,0.4,1.4,flattened,0.00125
R1_half_bound,0.15,0.4,1.4,reversed,0.00025
R2_reorder,0.15,0.4,1.4,undetermined,0.46975
R2_reorder,0.15,0.4,1.4,kept,0.3675
R2_reorder,0.15,0.4,1.4,steepened,0.16125
R2_reorder,0.15,0.4,1.4,flattened,0.00125
R2_reorder,0.15,0.4,1.4,missing,0.00025
R3_interval,0.15,0.4,1.4,undetermined,0.5255
R3_interval,0.15,0.4,1.4,kept or steepened,0.37175
R3_interval,0.15,0.4,1.4,steepened,0.1025
R3_interval,0.15,0.4,1.4,flattened or kept,0.00025
R0_current,0.15,0.4,1.425,undetermined,0.466
R0_current,0.15,0.4,1.425,kept,0.36625
R0_current,0.15,0.4,1.425,steepened,0.1665
R0_current,0.15,0.4,1.425,missing,0.00125
R1_half_bound,0.15,0.4,1.425,undetermined,0.83175
R1_half_bound,0.15,0.4,1.425,steepened,0.1665
R1_half_bound,0.15,0.4,1.425,flattened,0.001
R1_half_bound,0.15,0.4,1.425,kept,0.0005
R1_half_bound,0.15,0.4,1.425,reversed,0.00025
R2_reorder,0.15,0.4,1.425,undetermined,0.466
R2_reorder,0.15,0.4,1.425,kept,0.36625
R2_reorder,0.15,0.4,1.425,steepened,0.1665
R2_reorder,0.15,0.4,1.425,flattened,0.001
R2_reorder,0.15,0.4,1.425,missing,0.00025
R3_interval,0.15,0.4,1.425,undetermined,0.51625
R3_interval,0.15,0.4,1.425,kept or steepened,0.381
R3_interval,0.15,0.4,1.425,steepened,0.10275
R0_current,0.15,0.4,1.45,undetermined,0.4695
R0_current,0.15,0.4,1.45,kept,0.347
R0_current,0.15,0.4,1.45,steepened,0.1825
R0_current,0.15,0.4,1.45,missing,0.001
R1_half_bound,0.15,0.4,1.45,undetermined,0.8165
R1_half_bound,0.15,0.4,1.45,steepened,0.1825
R1_half_bound,0.15,0.4,1.45,flattened,0.001
R2_reorder,0.15,0.4,1.45,undetermined,0.4695
R2_reorder,0.15,0.4,1.45,kept,0.347
R2_reorder,0.15,0.4,1.45,steepened,0.1825
R2_reorder,0.15,0.4,1.45,flattened,0.001
R3_interval,0.15,0.4,1.45,undetermined,0.482
R3_interval,0.15,0.4,1.45,kept or steepened,0.40825
R3_interval,0.15,0.4,1.45,steepened,0.1095
R3_interval,0.15,0.4,1.45,flattened or kept,0.00025
R0_current,0.15,0.4,1.475,undetermined,0.475
R0_current,0.15,0.4,1.475,kept,0.33025
R0_current,0.15,0.4,1.475,steepened,0.1935
R0_current,0.15,0.4,1.475,missing,0.00125
R1_half_bound,0.15,0.4,1.475,undetermined,0.80525
R1_half_bound,0.15,0.4,1.475,steepened,0.1935
R1_half_bound,0.15,0.4,1.475,flattened,0.00125
R2_reorder,0.15,0.4,1.475,undetermined,0.475
R2_reorder,0.15,0.4,1.475,kept,0.33025
R2_reorder,0.15,0.4,1.475,steepened,0.1935
R2_reorder,0.15,0.4,1.475,flattened,0.00125
R3_interval,0.15,0.4,1.475,undetermined,0.46
R3_interval,0.15,0.4,1.475,kept or steepened,0.40625
R3_interval,0.15,0.4,1.475,steepened,0.13375
R0_current,0.15,0.4,1.5,undetermined,0.46225
R0_current,0.15,0.4,1.5,kept,0.32075
R0_current,0.15,0.4,1.5,steepened,0.215
R0_current,0.15,0.4,1.5,missing,0.002
R1_half_bound,0.15,0.4,1.5,undetermined,0.783
R1_half_bound,0.15,0.4,1.5,steepened,0.215
R1_half_bound,0.15,0.4,1.5,flattened,0.002
R2_reorder,0.15,0.4,1.5,undetermined,0.46225
R2_reorder,0.15,0.4,1.5,kept,0.32075
R2_reorder,0.15,0.4,1.5,steepened,0.215
R2_reorder,0.15,0.4,1.5,flattened,0.002
R3_interval,0.15,0.4,1.5,undetermined,0.4365
R3_interval,0.15,0.4,1.5,kept or steepened,0.424
R3_interval,0.15,0.4,1.5,steepened,0.1395
R0_current,0.15,0.4,1.525,undetermined,0.47225
R0_current,0.15,0.4,1.525,kept,0.2945
R0_current,0.15,0.4,1.525,steepened,0.23175
R0_current,0.15,0.4,1.525,missing,0.0015
R1_half_bound,0.15,0.4,1.525,undetermined,0.76675
R1_half_bound,0.15,0.4,1.525,steepened,0.23175
R1_half_bound,0.15,0.4,1.525,flattened,0.0015
R2_reorder,0.15,0.4,1.525,undetermined,0.47225
R2_reorder,0.15,0.4,1.525,kept,0.2945
R2_reorder,0.15,0.4,1.525,steepened,0.23175
R2_reorder,0.15,0.4,1.525,flattened,0.0015
R3_interval,0.15,0.4,1.525,kept or steepened,0.44025
R3_interval,0.15,0.4,1.525,undetermined,0.4075
R3_interval,0.15,0.4,1.525,steepened,0.15225
R0_current,0.15,0.4,1.55,undetermined,0.47025
R0_current,0.15,0.4,1.55,kept,0.27625
R0_current,0.15,0.4,1.55,steepened,0.253
R0_current,0.15,0.4,1.55,missing,0.00025
R0_current,0.15,0.4,1.55,reversed,0.00025
R1_half_bound,0.15,0.4,1.55,undetermined,0.74625
R1_half_bound,0.15,0.4,1.55,steepened,0.253
R1_half_bound,0.15,0.4,1.55,kept,0.00025
R1_half_bound,0.15,0.4,1.55,flattened,0.00025
R1_half_bound,0.15,0.4,1.55,reversed,0.00025
R2_reorder,0.15,0.4,1.55,undetermined,0.47025
R2_reorder,0.15,0.4,1.55,kept,0.27625
R2_reorder,0.15,0.4,1.55,steepened,0.253
R2_reorder,0.15,0.4,1.55,flattened,0.00025
R2_reorder,0.15,0.4,1.55,reversed,0.00025
R3_interval,0.15,0.4,1.55,kept or steepened,0.44525
R3_interval,0.15,0.4,1.55,undetermined,0.3835
R3_interval,0.15,0.4,1.55,steepened,0.17125
R0_current,0.15,0.4,1.575,undetermined,0.45025
R0_current,0.15,0.4,1.575,steepened,0.27725
R0_current,0.15,0.4,1.575,kept,0.2725
R1_half_bound,0.15,0.4,1.575,undetermined,0.72275
R1_half_bound,0.15,0.4,1.575,steepened,0.27725
R2_reorder,0.15,0.4,1.575,undetermined,0.45025
R2_reorder,0.15,0.4,1.575,steepened,0.27725
R2_reorder,0.15,0.4,1.575,kept,0.2725
R3_interval,0.15,0.4,1.575,kept or steepened,0.4515
R3_interval,0.15,0.4,1.575,undetermined,0.3625
R3_interval,0.15,0.4,1.575,steepened,0.186
R0_current,0.15,0.4,1.6,undetermined,0.44575
R0_current,0.15,0.4,1.6,steepened,0.29325
R0_current,0.15,0.4,1.6,kept,0.26075
R0_current,0.15,0.4,1.6,missing,0.00025
R1_half_bound,0.15,0.4,1.6,undetermined,0.7065
R1_half_bound,0.15,0.4,1.6,steepened,0.29325
R1_half_bound,0.15,0.4,1.6,flattened,0.00025
R2_reorder,0.15,0.4,1.6,undetermined,0.44575
R2_reorder,0.15,0.4,1.6,steepened,0.29325
R2_reorder,0.15,0.4,1.6,kept,0.26075
R2_reorder,0.15,0.4,1.6,flattened,0.00025
R3_interval,0.15,0.4,1.6,kept or steepened,0.4515
R3_interval,0.15,0.4,1.6,undetermined,0.3465
R3_interval,0.15,0.4,1.6,steepened,0.202
R0_current,0.15,0.4,1.625,undetermined,0.452
R0_current,0.15,0.4,1.625,steepened,0.30025
R0_current,0.15,0.4,1.625,kept,0.247
R0_current,0.15,0.4,1.625,missing,0.00075
R1_half_bound,0.15,0.4,1.625,undetermined,0.6985
R1_half_bound,0.15,0.4,1.625,steepened,0.30025
R1_half_bound,0.15,0.4,1.625,flattened,0.00075
R1_half_bound,0.15,0.4,1.625,kept,0.0005
R2_reorder,0.15,0.4,1.625,undetermined,0.452
R2_reorder,0.15,0.4,1.625,steepened,0.30025
R2_reorder,0.15,0.4,1.625,kept,0.247
R2_reorder,0.15,0.4,1.625,flattened,0.00075
R3_interval,0.15,0.4,1.625,kept or steepened,0.46775
R3_interval,0.15,0.4,1.625,undetermined,0.318
R3_interval,0.15,0.4,1.625,steepened,0.21425
R0_current,0.15,0.4,1.65,undetermined,0.44125
R0_current,0.15,0.4,1.65,steepened,0.33325
R0_current,0.15,0.4,1.65,kept,0.225
R0_current,0.15,0.4,1.65,missing,0.0005
R1_half_bound,0.15,0.4,1.65,undetermined,0.666
R1_half_bound,0.15,0.4,1.65,steepened,0.33325
R1_half_bound,0.15,0.4,1.65,flattened,0.0005
R1_half_bound,0.15,0.4,1.65,kept,0.00025
R2_reorder,0.15,0.4,1.65,undetermined,0.44125
R2_reorder,0.15,0.4,1.65,steepened,0.33325
R2_reorder,0.15,0.4,1.65,kept,0.225
R2_reorder,0.15,0.4,1.65,flattened,0.0005
R3_interval,0.15,0.4,1.65,kept or steepened,0.46575
R3_interval,0.15,0.4,1.65,undetermined,0.302
R3_interval,0.15,0.4,1.65,steepened,0.23225
R0_current,0.15,0.4,1.675,undetermined,0.44325
R0_current,0.15,0.4,1.675,steepened,0.3445
R0_current,0.15,0.4,1.675,kept,0.21225
R1_half_bound,0.15,0.4,1.675,undetermined,0.6555
R1_half_bound,0.15,0.4,1.675,steepened,0.3445
R2_reorder,0.15,0.4,1.675,undetermined,0.44325
R2_reorder,0.15,0.4,1.675,steepened,0.3445
R2_reorder,0.15,0.4,1.675,kept,0.21225
R3_interval,0.15,0.4,1.675,kept or steepened,0.474
R3_interval,0.15,0.4,1.675,undetermined,0.27725
R3_interval,0.15,0.4,1.675,steepened,0.24875
R0_current,0.15,0.4,1.7,undetermined,0.4465
R0_current,0.15,0.4,1.7,steepened,0.358
R0_current,0.15,0.4,1.7,kept,0.1955
R1_half_bound,0.15,0.4,1.7,undetermined,0.64175
R1_half_bound,0.15,0.4,1.7,steepened,0.358
R1_half_bound,0.15,0.4,1.7,kept,0.00025
R2_reorder,0.15,0.4,1.7,undetermined,0.4465
R2_reorder,0.15,0.4,1.7,steepened,0.358
R2_reorder,0.15,0.4,1.7,kept,0.1955
R3_interval,0.15,0.4,1.7,kept or steepened,0.47775
R3_interval,0.15,0.4,1.7,undetermined,0.26425
R3_interval,0.15,0.4,1.7,steepened,0.25725
R3_interval,0.15,0.4,1.7,flattened or kept,0.00075
R0_current,0.15,0.4,1.725,undetermined,0.4285
R0_current,0.15,0.4,1.725,steepened,0.38325
R0_current,0.15,0.4,1.725,kept,0.18825
R1_half_bound,0.15,0.4,1.725,undetermined,0.61675
R1_half_bound,0.15,0.4,1.725,steepened,0.38325
R2_reorder,0.15,0.4,1.725,undetermined,0.4285
R2_reorder,0.15,0.4,1.725,steepened,0.38325
R2_reorder,0.15,0.4,1.725,kept,0.18825
R3_interval,0.15,0.4,1.725,kept or steepened,0.485
R3_interval,0.15,0.4,1.725,steepened,0.278
R3_interval,0.15,0.4,1.725,undetermined,0.237
R0_current,0.15,0.4,1.75,undetermined,0.4155
R0_current,0.15,0.4,1.75,steepened,0.406
R0_current,0.15,0.4,1.75,kept,0.1785
R1_half_bound,0.15,0.4,1.75,undetermined,0.594
R1_half_bound,0.15,0.4,1.75,steepened,0.406
R2_reorder,0.15,0.4,1.75,undetermined,0.4155
R2_reorder,0.15,0.4,1.75,steepened,0.406
R2_reorder,0.15,0.4,1.75,kept,0.1785
R3_interval,0.15,0.4,1.75,kept or steepened,0.4805
R3_interval,0.15,0.4,1.75,steepened,0.2975
R3_interval,0.15,0.4,1.75,undetermined,0.222
R0_current,0.15,0.4,1.775,steepened,0.42525
R0_current,0.15,0.4,1.775,undetermined,0.4045
R0_current,0.15,0.4,1.775,kept,0.17025
R1_half_bound,0.15,0.4,1.775,undetermined,0.57475
R1_half_bound,0.15,0.4,1.775,steepened,0.42525
R2_reorder,0.15,0.4,1.775,steepened,0.42525
R2_reorder,0.15,0.4,1.775,undetermined,0.4045
R2_reorder,0.15,0.4,1.775,kept,0.17025
R3_interval,0.15,0.4,1.775,kept or steepened,0.469
R3_interval,0.15,0.4,1.775,steepened,0.322
R3_interval,0.15,0.4,1.775,undetermined,0.209
R0_current,0.15,0.4,1.8,steepened,0.4695
R0_current,0.15,0.4,1.8,undetermined,0.385
R0_current,0.15,0.4,1.8,kept,0.1455
R1_half_bound,0.15,0.4,1.8,undetermined,0.5305
R1_half_bound,0.15,0.4,1.8,steepened,0.4695
R2_reorder,0.15,0.4,1.8,steepened,0.4695
R2_reorder,0.15,0.4,1.8,undetermined,0.385
R2_reorder,0.15,0.4,1.8,kept,0.1455
R3_interval,0.15,0.4,1.8,kept or steepened,0.47475
R3_interval,0.15,0.4,1.8,steepened,0.33675
R3_interval,0.15,0.4,1.8,undetermined,0.1885
R0_current,0.15,0.4,1.825,steepened,0.4705
R0_current,0.15,0.4,1.825,undetermined,0.377
R0_current,0.15,0.4,1.825,kept,0.1525
R1_half_bound,0.15,0.4,1.825,undetermined,0.5295
R1_half_bound,0.15,0.4,1.825,steepened,0.4705
R2_reorder,0.15,0.4,1.825,steepened,0.4705
R2_reorder,0.15,0.4,1.825,undetermined,0.377
R2_reorder,0.15,0.4,1.825,kept,0.1525
R3_interval,0.15,0.4,1.825,kept or steepened,0.47375
R3_interval,0.15,0.4,1.825,steepened,0.33925
R3_interval,0.15,0.4,1.825,undetermined,0.187
R0_current,0.15,0.4,1.85,steepened,0.50225
R0_current,0.15,0.4,1.85,undetermined,0.36425
R0_current,0.15,0.4,1.85,kept,0.13325
R0_current,0.15,0.4,1.85,missing,0.00025
R1_half_bound,0.15,0.4,1.85,steepened,0.50225
R1_half_bound,0.15,0.4,1.85,undetermined,0.4975
R1_half_bound,0.15,0.4,1.85,flattened,0.00025
R2_reorder,0.15,0.4,1.85,steepened,0.50225
R2_reorder,0.15,0.4,1.85,undetermined,0.36425
R2_reorder,0.15,0.4,1.85,kept,0.13325
R2_reorder,0.15,0.4,1.85,flattened,0.00025
R3_interval,0.15,0.4,1.85,kept or steepened,0.451
R3_interval,0.15,0.4,1.85,steepened,0.37725
R3_interval,0.15,0.4,1.85,undetermined,0.17175
R0_current,0.15,0.4,1.875,steepened,0.52175
R0_current,0.15,0.4,1.875,undetermined,0.36
R0_current,0.15,0.4,1.875,kept,0.11825
R1_half_bound,0.15,0.4,1.875,steepened,0.52175
R1_half_bound,0.15,0.4,1.875,undetermined,0.478
R1_half_bound,0.15,0.4,1.875,kept,0.00025
R2_reorder,0.15,0.4,1.875,steepened,0.52175
R2_reorder,0.15,0.4,1.875,undetermined,0.36
R2_reorder,0.15,0.4,1.875,kept,0.11825
R3_interval,0.15,0.4,1.875,kept or steepened,0.45725
R3_interval,0.15,0.4,1.875,steepened,0.397
R3_interval,0.15,0.4,1.875,undetermined,0.14575
R0_current,0.15,0.4,1.9,steepened,0.55425
R0_current,0.15,0.4,1.9,undetermined,0.33175
R0_current,0.15,0.4,1.9,kept,0.114
R1_half_bound,0.15,0.4,1.9,steepened,0.55425
R1_half_bound,0.15,0.4,1.9,undetermined,0.44575
R2_reorder,0.15,0.4,1.9,steepened,0.55425
R2_reorder,0.15,0.4,1.9,undetermined,0.33175
R2_reorder,0.15,0.4,1.9,kept,0.114
R3_interval,0.15,0.4,1.9,kept or steepened,0.43775
R3_interval,0.15,0.4,1.9,steepened,0.42925
R3_interval,0.15,0.4,1.9,undetermined,0.133
R0_current,0.15,0.4,1.925,steepened,0.5645
R0_current,0.15,0.4,1.925,undetermined,0.33275
R0_current,0.15,0.4,1.925,kept,0.10275
R1_half_bound,0.15,0.4,1.925,steepened,0.5645
R1_half_bound,0.15,0.4,1.925,undetermined,0.43525
R1_half_bound,0.15,0.4,1.925,kept,0.00025
R2_reorder,0.15,0.4,1.925,steepened,0.5645
R2_reorder,0.15,0.4,1.925,undetermined,0.33275
R2_reorder,0.15,0.4,1.925,kept,0.10275
R3_interval,0.15,0.4,1.925,steepened,0.44075
R3_interval,0.15,0.4,1.925,kept or steepened,0.4405
R3_interval,0.15,0.4,1.925,undetermined,0.11875
R0_current,0.15,0.4,1.95,steepened,0.59375
R0_current,0.15,0.4,1.95,undetermined,0.31275
R0_current,0.15,0.4,1.95,kept,0.0935
R1_half_bound,0.15,0.4,1.95,steepened,0.59375
R1_half_bound,0.15,0.4,1.95,undetermined,0.40575
R1_half_bound,0.15,0.4,1.95,kept,0.0005
R2_reorder,0.15,0.4,1.95,steepened,0.59375
R2_reorder,0.15,0.4,1.95,undetermined,0.31275
R2_reorder,0.15,0.4,1.95,kept,0.0935
R3_interval,0.15,0.4,1.95,steepened,0.4695
R3_interval,0.15,0.4,1.95,kept or steepened,0.4235
R3_interval,0.15,0.4,1.95,undetermined,0.107
R0_current,0.15,0.4,1.975,steepened,0.61875
R0_current,0.15,0.4,1.975,undetermined,0.299
R0_current,0.15,0.4,1.975,kept,0.08225
R1_half_bound,0.15,0.4,1.975,steepened,0.61875
R1_half_bound,0.15,0.4,1.975,undetermined,0.381
R1_half_bound,0.15,0.4,1.975,kept,0.00025
R2_reorder,0.15,0.4,1.975,steepened,0.61875
R2_reorder,0.15,0.4,1.975,undetermined,0.299
R2_reorder,0.15,0.4,1.975,kept,0.08225
R3_interval,0.15,0.4,1.975,steepened,0.4965
R3_interval,0.15,0.4,1.975,kept or steepened,0.40925
R3_interval,0.15,0.4,1.975,undetermined,0.09425
R0_current,0.15,0.4,2.0,steepened,0.63275
R0_current,0.15,0.4,2.0,undetermined,0.2845
R0_current,0.15,0.4,2.0,kept,0.08275
R1_half_bound,0.15,0.4,2.0,steepened,0.63275
R1_half_bound,0.15,0.4,2.0,undetermined,0.36725
R2_reorder,0.15,0.4,2.0,steepened,0.63275
R2_reorder,0.15,0.4,2.0,undetermined,0.2845
R2_reorder,0.15,0.4,2.0,kept,0.08275
R3_interval,0.15,0.4,2.0,steepened,0.51675
R3_interval,0.15,0.4,2.0,kept or steepened,0.39375
R3_interval,0.15,0.4,2.0,undetermined,0.0895
